ISO-10303-21;
HEADER;
FILE_DESCRIPTION(('STEP AP242'),'1');
FILE_NAME('5415025-2.stp','2025-05-05T13:02:18',('TraceParts'),('TraceParts S.A.'),'Spatial InterOp 3D',' ',' ');
FILE_SCHEMA(('AP242_MANAGED_MODEL_BASED_3D_ENGINEERING_MIM_LF  {1 0 10303 442 1 1 4}'));
ENDSEC;
DATA;
#1=PRODUCT_DEFINITION_CONTEXT('',#9,'design');
#2=APPLICATION_PROTOCOL_DEFINITION('INTERNATIONAL STANDARD','ap242_managed_model_based_3d_engineering',2014,#9);
#3=PRODUCT_CATEGORY_RELATIONSHIP('NONE','NONE',#10,#11);
#4=SHAPE_DEFINITION_REPRESENTATION(#12,#13);
#5= (GEOMETRIC_REPRESENTATION_CONTEXT(3)GLOBAL_UNCERTAINTY_ASSIGNED_CONTEXT((#16))GLOBAL_UNIT_ASSIGNED_CONTEXT((#18,#19,#20))REPRESENTATION_CONTEXT('NONE','WORKSPACE'));
#9=APPLICATION_CONTEXT('managed model based 3d engineering');
#10=PRODUCT_CATEGORY('part','NONE');
#11=PRODUCT_RELATED_PRODUCT_CATEGORY('detail',' ',(#22));
#12=PRODUCT_DEFINITION_SHAPE('NONE','NONE',#23);
#13=ADVANCED_BREP_SHAPE_REPRESENTATION('5415025-2',(#24,#25),#5);
#16=UNCERTAINTY_MEASURE_WITH_UNIT(LENGTH_MEASURE(1.0E-06),#18,'','');
#18= (CONVERSION_BASED_UNIT('MILLIMETRE',#28)LENGTH_UNIT()NAMED_UNIT(#31));
#19= (NAMED_UNIT(#33)PLANE_ANGLE_UNIT()SI_UNIT($,.RADIAN.));
#20= (NAMED_UNIT(#33)SOLID_ANGLE_UNIT()SI_UNIT($,.STERADIAN.));
#22=PRODUCT('5415025-2','5415025-2','PART-5415025-2-DESC',(#39));
#23=PRODUCT_DEFINITION('','NONE',#40,#1);
#24=MANIFOLD_SOLID_BREP('5415025-2',#41);
#25=AXIS2_PLACEMENT_3D('',#42,#43,#44);
#28=LENGTH_MEASURE_WITH_UNIT(LENGTH_MEASURE(1.0),#45);
#31=DIMENSIONAL_EXPONENTS(1.0,0.0,0.0,0.0,0.0,0.0,0.0);
#33=DIMENSIONAL_EXPONENTS(0.0,0.0,0.0,0.0,0.0,0.0,0.0);
#39=PRODUCT_CONTEXT('',#9,'mechanical');
#40=PRODUCT_DEFINITION_FORMATION_WITH_SPECIFIED_SOURCE(' ','NONE',#22,.NOT_KNOWN.);
#41=CLOSED_SHELL('',(#46,#47,#48,#49,#50,#51,#52,#53,#54,#55,#56,#57,#58,#59,#60,#61,#62,#63,#64,#65,#66,#67,#68,#69,#70,#71,#72,#73,#74,#75,#76,#77,#78,#79,#80,#81,#82,#83,#84,#85,#86,#87,#88,#89,#90,#91,#92,#93,#94,#95,#96,#97,#98,#99,#100,#101,#102,#103,#104,#105,#106,#107,#108,#109,#110,#111,#112,#113,#114,#115,#116,#117,#118,#119,#120,#121,#122,#123,#124,#125,#126,#127,#128,#129,#130,#131,#132,#133,#134,#135,#136,#137,#138,#139,#140,#141,#142,#143));
#42=CARTESIAN_POINT('',(0.0,0.0,0.0));
#43=DIRECTION('',(0.0,0.0,1.0));
#44=DIRECTION('',(1.0,0.0,0.0));
#45= (NAMED_UNIT(#31)LENGTH_UNIT()SI_UNIT(.MILLI.,.METRE.));
#46=ADVANCED_FACE('',(#145),#146,.T.);
#47=ADVANCED_FACE('',(#147),#148,.T.);
#48=ADVANCED_FACE('',(#149),#150,.T.);
#49=ADVANCED_FACE('',(#151),#152,.T.);
#50=ADVANCED_FACE('',(#153),#154,.T.);
#51=ADVANCED_FACE('',(#155),#156,.T.);
#52=ADVANCED_FACE('',(#157,#158),#159,.T.);
#53=ADVANCED_FACE('',(#160,#161),#162,.T.);
#54=ADVANCED_FACE('',(#163,#164),#165,.T.);
#55=ADVANCED_FACE('',(#166),#167,.F.);
#56=ADVANCED_FACE('',(#168),#169,.T.);
#57=ADVANCED_FACE('',(#170),#171,.T.);
#58=ADVANCED_FACE('',(#172),#173,.T.);
#59=ADVANCED_FACE('',(#174),#175,.F.);
#60=ADVANCED_FACE('',(#176),#177,.T.);
#61=ADVANCED_FACE('',(#178),#179,.T.);
#62=ADVANCED_FACE('',(#180,#181),#182,.F.);
#63=ADVANCED_FACE('',(#183),#184,.T.);
#64=ADVANCED_FACE('',(#185),#186,.T.);
#65=ADVANCED_FACE('',(#187),#188,.T.);
#66=ADVANCED_FACE('',(#189),#190,.T.);
#67=ADVANCED_FACE('',(#191),#192,.T.);
#68=ADVANCED_FACE('',(#193),#194,.T.);
#69=ADVANCED_FACE('',(#195),#196,.T.);
#70=ADVANCED_FACE('',(#197),#198,.T.);
#71=ADVANCED_FACE('',(#199),#200,.T.);
#72=ADVANCED_FACE('',(#201),#202,.T.);
#73=ADVANCED_FACE('',(#203),#204,.T.);
#74=ADVANCED_FACE('',(#205),#206,.T.);
#75=ADVANCED_FACE('',(#207),#208,.F.);
#76=ADVANCED_FACE('',(#209),#210,.T.);
#77=ADVANCED_FACE('',(#211),#212,.T.);
#78=ADVANCED_FACE('',(#213),#214,.T.);
#79=ADVANCED_FACE('',(#215),#216,.T.);
#80=ADVANCED_FACE('',(#217),#218,.T.);
#81=ADVANCED_FACE('',(#219),#220,.T.);
#82=ADVANCED_FACE('',(#221),#222,.F.);
#83=ADVANCED_FACE('',(#223),#224,.T.);
#84=ADVANCED_FACE('',(#225),#226,.T.);
#85=ADVANCED_FACE('',(#227,#228),#229,.T.);
#86=ADVANCED_FACE('',(#230),#231,.F.);
#87=ADVANCED_FACE('',(#232),#233,.F.);
#88=ADVANCED_FACE('',(#234,#235),#236,.T.);
#89=ADVANCED_FACE('',(#237),#238,.F.);
#90=ADVANCED_FACE('',(#239),#240,.F.);
#91=ADVANCED_FACE('',(#241,#242),#243,.T.);
#92=ADVANCED_FACE('',(#244),#245,.T.);
#93=ADVANCED_FACE('',(#246),#247,.T.);
#94=ADVANCED_FACE('',(#248),#249,.T.);
#95=ADVANCED_FACE('',(#250),#251,.T.);
#96=ADVANCED_FACE('',(#252),#253,.T.);
#97=ADVANCED_FACE('',(#254),#255,.T.);
#98=ADVANCED_FACE('',(#256),#257,.T.);
#99=ADVANCED_FACE('',(#258),#259,.F.);
#100=ADVANCED_FACE('',(#260),#261,.T.);
#101=ADVANCED_FACE('',(#262),#263,.T.);
#102=ADVANCED_FACE('',(#264),#265,.T.);
#103=ADVANCED_FACE('',(#266),#267,.F.);
#104=ADVANCED_FACE('',(#268),#269,.T.);
#105=ADVANCED_FACE('',(#270),#271,.T.);
#106=ADVANCED_FACE('',(#272),#273,.T.);
#107=ADVANCED_FACE('',(#274),#275,.T.);
#108=ADVANCED_FACE('',(#276),#277,.T.);
#109=ADVANCED_FACE('',(#278),#279,.T.);
#110=ADVANCED_FACE('',(#280),#281,.F.);
#111=ADVANCED_FACE('',(#282),#283,.F.);
#112=ADVANCED_FACE('',(#284),#285,.T.);
#113=ADVANCED_FACE('',(#286),#287,.F.);
#114=ADVANCED_FACE('',(#288),#289,.T.);
#115=ADVANCED_FACE('',(#290),#291,.T.);
#116=ADVANCED_FACE('',(#292),#293,.T.);
#117=ADVANCED_FACE('',(#294,#295),#296,.T.);
#118=ADVANCED_FACE('',(#297),#298,.F.);
#119=ADVANCED_FACE('',(#299),#300,.F.);
#120=ADVANCED_FACE('',(#301),#302,.F.);
#121=ADVANCED_FACE('',(#303),#304,.F.);
#122=ADVANCED_FACE('',(#305,#306),#307,.T.);
#123=ADVANCED_FACE('',(#308),#309,.F.);
#124=ADVANCED_FACE('',(#310),#311,.F.);
#125=ADVANCED_FACE('',(#312,#313),#314,.T.);
#126=ADVANCED_FACE('',(#315),#316,.T.);
#127=ADVANCED_FACE('',(#317),#318,.T.);
#128=ADVANCED_FACE('',(#319,#320),#321,.T.);
#129=ADVANCED_FACE('',(#322),#323,.F.);
#130=ADVANCED_FACE('',(#324),#325,.F.);
#131=ADVANCED_FACE('',(#326,#327),#328,.T.);
#132=ADVANCED_FACE('',(#329),#330,.T.);
#133=ADVANCED_FACE('',(#331),#332,.T.);
#134=ADVANCED_FACE('',(#333),#334,.T.);
#135=ADVANCED_FACE('',(#335,#336),#337,.T.);
#136=ADVANCED_FACE('',(#338),#339,.F.);
#137=ADVANCED_FACE('',(#340),#341,.F.);
#138=ADVANCED_FACE('',(#342),#343,.T.);
#139=ADVANCED_FACE('',(#344),#345,.T.);
#140=ADVANCED_FACE('',(#346),#347,.T.);
#141=ADVANCED_FACE('',(#348),#349,.T.);
#142=ADVANCED_FACE('',(#350),#351,.T.);
#143=ADVANCED_FACE('',(#352),#353,.F.);
#145=FACE_OUTER_BOUND('',#354,.T.);
#146=CYLINDRICAL_SURFACE('',#355,5.2578);
#147=FACE_OUTER_BOUND('',#356,.T.);
#148=CYLINDRICAL_SURFACE('',#357,4.826);
#149=FACE_OUTER_BOUND('',#358,.T.);
#150=CYLINDRICAL_SURFACE('',#359,7.366);
#151=FACE_OUTER_BOUND('',#360,.T.);
#152=CYLINDRICAL_SURFACE('',#361,7.366);
#153=FACE_OUTER_BOUND('',#362,.T.);
#154=CYLINDRICAL_SURFACE('',#363,6.1468);
#155=FACE_OUTER_BOUND('',#364,.T.);
#156=CYLINDRICAL_SURFACE('',#365,6.1468);
#157=FACE_OUTER_BOUND('',#366,.T.);
#158=FACE_BOUND('',#367,.T.);
#159=CYLINDRICAL_SURFACE('',#368,4.826);
#160=FACE_OUTER_BOUND('',#369,.T.);
#161=FACE_BOUND('',#370,.T.);
#162=CYLINDRICAL_SURFACE('',#371,4.826);
#163=FACE_OUTER_BOUND('',#372,.T.);
#164=FACE_BOUND('',#373,.T.);
#165=PLANE('',#374);
#166=FACE_OUTER_BOUND('',#375,.T.);
#167=PLANE('',#376);
#168=FACE_OUTER_BOUND('',#377,.T.);
#169=CYLINDRICAL_SURFACE('',#378,6.1468);
#170=FACE_OUTER_BOUND('',#379,.T.);
#171=PLANE('',#380);
#172=FACE_OUTER_BOUND('',#381,.T.);
#173=PLANE('',#382);
#174=FACE_OUTER_BOUND('',#383,.T.);
#175=PLANE('',#384);
#176=FACE_OUTER_BOUND('',#385,.T.);
#177=CYLINDRICAL_SURFACE('',#386,7.366);
#178=FACE_OUTER_BOUND('',#387,.T.);
#179=CYLINDRICAL_SURFACE('',#388,7.366);
#180=FACE_OUTER_BOUND('',#389,.T.);
#181=FACE_BOUND('',#390,.T.);
#182=PLANE('',#391);
#183=FACE_OUTER_BOUND('',#392,.T.);
#184=CYLINDRICAL_SURFACE('',#393,4.826);
#185=FACE_OUTER_BOUND('',#394,.T.);
#186=CYLINDRICAL_SURFACE('',#395,4.826);
#187=FACE_OUTER_BOUND('',#396,.T.);
#188=CYLINDRICAL_SURFACE('',#397,5.2578);
#189=FACE_OUTER_BOUND('',#398,.T.);
#190=PLANE('',#399);
#191=FACE_OUTER_BOUND('',#400,.T.);
#192=PLANE('',#401);
#193=FACE_OUTER_BOUND('',#402,.T.);
#194=PLANE('',#403);
#195=FACE_OUTER_BOUND('',#404,.T.);
#196=PLANE('',#405);
#197=FACE_OUTER_BOUND('',#406,.T.);
#198=PLANE('',#407);
#199=FACE_OUTER_BOUND('',#408,.T.);
#200=PLANE('',#409);
#201=FACE_OUTER_BOUND('',#410,.T.);
#202=PLANE('',#411);
#203=FACE_OUTER_BOUND('',#412,.T.);
#204=PLANE('',#413);
#205=FACE_OUTER_BOUND('',#414,.T.);
#206=PLANE('',#415);
#207=FACE_OUTER_BOUND('',#416,.T.);
#208=CYLINDRICAL_SURFACE('',#417,4.1275);
#209=FACE_OUTER_BOUND('',#418,.T.);
#210=PLANE('',#419);
#211=FACE_OUTER_BOUND('',#420,.T.);
#212=PLANE('',#421);
#213=FACE_OUTER_BOUND('',#422,.T.);
#214=PLANE('',#423);
#215=FACE_OUTER_BOUND('',#424,.T.);
#216=PLANE('',#425);
#217=FACE_OUTER_BOUND('',#426,.T.);
#218=PLANE('',#427);
#219=FACE_OUTER_BOUND('',#428,.T.);
#220=PLANE('',#429);
#221=FACE_OUTER_BOUND('',#430,.T.);
#222=CYLINDRICAL_SURFACE('',#431,4.1275);
#223=FACE_OUTER_BOUND('',#432,.T.);
#224=PLANE('',#433);
#225=FACE_OUTER_BOUND('',#434,.T.);
#226=PLANE('',#435);
#227=FACE_OUTER_BOUND('',#436,.T.);
#228=FACE_BOUND('',#437,.T.);
#229=PLANE('',#438);
#230=FACE_OUTER_BOUND('',#439,.T.);
#231=CONICAL_SURFACE('',#440,3.6195,0.7853981633973);
#232=FACE_OUTER_BOUND('',#441,.T.);
#233=CONICAL_SURFACE('',#442,3.6195,0.7853981633973);
#234=FACE_OUTER_BOUND('',#443,.T.);
#235=FACE_BOUND('',#444,.T.);
#236=PLANE('',#445);
#237=FACE_OUTER_BOUND('',#446,.T.);
#238=CYLINDRICAL_SURFACE('',#447,1.0922);
#239=FACE_OUTER_BOUND('',#448,.T.);
#240=CYLINDRICAL_SURFACE('',#449,1.0922);
#241=FACE_OUTER_BOUND('',#450,.T.);
#242=FACE_BOUND('',#451,.T.);
#243=PLANE('',#452);
#244=FACE_OUTER_BOUND('',#453,.T.);
#245=CYLINDRICAL_SURFACE('',#454,0.4826);
#246=FACE_OUTER_BOUND('',#455,.T.);
#247=CYLINDRICAL_SURFACE('',#456,0.4826);
#248=FACE_OUTER_BOUND('',#457,.T.);
#249=PLANE('',#458);
#250=FACE_OUTER_BOUND('',#459,.T.);
#251=PLANE('',#460);
#252=FACE_OUTER_BOUND('',#461,.T.);
#253=PLANE('',#462);
#254=FACE_OUTER_BOUND('',#463,.T.);
#255=PLANE('',#464);
#256=FACE_OUTER_BOUND('',#465,.T.);
#257=PLANE('',#466);
#258=FACE_OUTER_BOUND('',#467,.T.);
#259=CYLINDRICAL_SURFACE('',#468,4.1275);
#260=FACE_OUTER_BOUND('',#469,.T.);
#261=PLANE('',#470);
#262=FACE_OUTER_BOUND('',#471,.T.);
#263=PLANE('',#472);
#264=FACE_OUTER_BOUND('',#473,.T.);
#265=PLANE('',#474);
#266=FACE_OUTER_BOUND('',#475,.T.);
#267=PLANE('',#476);
#268=FACE_OUTER_BOUND('',#477,.T.);
#269=PLANE('',#478);
#270=FACE_OUTER_BOUND('',#479,.T.);
#271=CYLINDRICAL_SURFACE('',#480,4.826);
#272=FACE_OUTER_BOUND('',#481,.T.);
#273=CYLINDRICAL_SURFACE('',#482,4.826);
#274=FACE_OUTER_BOUND('',#483,.T.);
#275=PLANE('',#484);
#276=FACE_OUTER_BOUND('',#485,.T.);
#277=CONICAL_SURFACE('',#486,5.0419,0.5235987755982);
#278=FACE_OUTER_BOUND('',#487,.T.);
#279=CONICAL_SURFACE('',#488,5.0419,0.5235987755982);
#280=FACE_OUTER_BOUND('',#489,.T.);
#281=CYLINDRICAL_SURFACE('',#490,4.826);
#282=FACE_OUTER_BOUND('',#491,.T.);
#283=CYLINDRICAL_SURFACE('',#492,4.826);
#284=FACE_OUTER_BOUND('',#493,.T.);
#285=PLANE('',#494);
#286=FACE_OUTER_BOUND('',#495,.T.);
#287=CYLINDRICAL_SURFACE('',#496,4.1275);
#288=FACE_OUTER_BOUND('',#497,.T.);
#289=PLANE('',#498);
#290=FACE_OUTER_BOUND('',#499,.T.);
#291=PLANE('',#500);
#292=FACE_OUTER_BOUND('',#501,.T.);
#293=PLANE('',#502);
#294=FACE_OUTER_BOUND('',#503,.T.);
#295=FACE_BOUND('',#504,.T.);
#296=PLANE('',#505);
#297=FACE_OUTER_BOUND('',#506,.T.);
#298=CONICAL_SURFACE('',#507,4.26085,0.5235987755982);
#299=FACE_OUTER_BOUND('',#508,.T.);
#300=CONICAL_SURFACE('',#509,4.26085,0.5235987755982);
#301=FACE_OUTER_BOUND('',#510,.T.);
#302=CYLINDRICAL_SURFACE('',#511,4.064);
#303=FACE_OUTER_BOUND('',#512,.T.);
#304=CYLINDRICAL_SURFACE('',#513,4.064);
#305=FACE_OUTER_BOUND('',#514,.T.);
#306=FACE_BOUND('',#515,.T.);
#307=PLANE('',#516);
#308=FACE_OUTER_BOUND('',#517,.T.);
#309=CYLINDRICAL_SURFACE('',#518,3.556);
#310=FACE_OUTER_BOUND('',#519,.T.);
#311=CYLINDRICAL_SURFACE('',#520,3.556);
#312=FACE_OUTER_BOUND('',#521,.T.);
#313=FACE_BOUND('',#522,.T.);
#314=PLANE('',#523);
#315=FACE_OUTER_BOUND('',#524,.T.);
#316=CYLINDRICAL_SURFACE('',#525,2.3368);
#317=FACE_OUTER_BOUND('',#526,.T.);
#318=CYLINDRICAL_SURFACE('',#527,2.3368);
#319=FACE_OUTER_BOUND('',#528,.T.);
#320=FACE_BOUND('',#529,.T.);
#321=PLANE('',#530);
#322=FACE_OUTER_BOUND('',#531,.T.);
#323=CYLINDRICAL_SURFACE('',#532,1.1049);
#324=FACE_OUTER_BOUND('',#533,.T.);
#325=CYLINDRICAL_SURFACE('',#534,1.1049);
#326=FACE_OUTER_BOUND('',#535,.T.);
#327=FACE_BOUND('',#536,.T.);
#328=PLANE('',#537);
#329=FACE_OUTER_BOUND('',#538,.T.);
#330=PLANE('',#539);
#331=FACE_OUTER_BOUND('',#540,.T.);
#332=CYLINDRICAL_SURFACE('',#541,0.7874);
#333=FACE_OUTER_BOUND('',#542,.T.);
#334=CYLINDRICAL_SURFACE('',#543,0.7874);
#335=FACE_OUTER_BOUND('',#544,.T.);
#336=FACE_BOUND('',#545,.T.);
#337=PLANE('',#546);
#338=FACE_OUTER_BOUND('',#547,.T.);
#339=CYLINDRICAL_SURFACE('',#548,0.508);
#340=FACE_OUTER_BOUND('',#549,.T.);
#341=CYLINDRICAL_SURFACE('',#550,0.508);
#342=FACE_OUTER_BOUND('',#551,.T.);
#343=CYLINDRICAL_SURFACE('',#552,0.9906);
#344=FACE_OUTER_BOUND('',#553,.T.);
#345=CYLINDRICAL_SURFACE('',#554,0.9906);
#346=FACE_OUTER_BOUND('',#555,.T.);
#347=PLANE('',#556);
#348=FACE_OUTER_BOUND('',#557,.T.);
#349=CYLINDRICAL_SURFACE('',#558,0.9906);
#350=FACE_OUTER_BOUND('',#559,.T.);
#351=CYLINDRICAL_SURFACE('',#560,0.9906);
#352=FACE_OUTER_BOUND('',#561,.T.);
#353=PLANE('',#562);
#354=EDGE_LOOP('',(#563,#564,#565,#566,#567,#568,#569,#570,#571,#572,#573,#574,#575,#576,#577,#578,#579,#580,#581,#582,#583));
#355=AXIS2_PLACEMENT_3D('',#584,#585,#586);
#356=EDGE_LOOP('',(#587,#588,#589,#590,#591,#592,#593,#594,#595,#596,#597));
#357=AXIS2_PLACEMENT_3D('',#598,#599,#600);
#358=EDGE_LOOP('',(#601,#602,#603,#604));
#359=AXIS2_PLACEMENT_3D('',#605,#606,#607);
#360=EDGE_LOOP('',(#608,#609,#610,#611));
#361=AXIS2_PLACEMENT_3D('',#612,#613,#614);
#362=EDGE_LOOP('',(#615,#616,#617,#618));
#363=AXIS2_PLACEMENT_3D('',#619,#620,#621);
#364=EDGE_LOOP('',(#622,#623,#624,#625,#626));
#365=AXIS2_PLACEMENT_3D('',#627,#628,#629);
#366=EDGE_LOOP('',(#630,#631,#632,#633));
#367=EDGE_LOOP('',(#634,#635));
#368=AXIS2_PLACEMENT_3D('',#636,#637,#638);
#369=EDGE_LOOP('',(#639,#640,#641,#642));
#370=EDGE_LOOP('',(#643,#644));
#371=AXIS2_PLACEMENT_3D('',#645,#646,#647);
#372=EDGE_LOOP('',(#648,#649,#650,#651));
#373=EDGE_LOOP('',(#652,#653));
#374=AXIS2_PLACEMENT_3D('',#654,#655,#656);
#375=EDGE_LOOP('',(#657,#658,#659,#660,#661,#662,#663,#664));
#376=AXIS2_PLACEMENT_3D('',#665,#666,#667);
#377=EDGE_LOOP('',(#668,#669,#670,#671));
#378=AXIS2_PLACEMENT_3D('',#672,#673,#674);
#379=EDGE_LOOP('',(#675,#676,#677,#678,#679,#680));
#380=AXIS2_PLACEMENT_3D('',#681,#682,#683);
#381=EDGE_LOOP('',(#684,#685,#686,#687,#688,#689));
#382=AXIS2_PLACEMENT_3D('',#690,#691,#692);
#383=EDGE_LOOP('',(#693,#694,#695,#696,#697));
#384=AXIS2_PLACEMENT_3D('',#698,#699,#700);
#385=EDGE_LOOP('',(#701,#702,#703,#704));
#386=AXIS2_PLACEMENT_3D('',#705,#706,#707);
#387=EDGE_LOOP('',(#708,#709,#710,#711));
#388=AXIS2_PLACEMENT_3D('',#712,#713,#714);
#389=EDGE_LOOP('',(#715,#716,#717,#718,#719,#720));
#390=EDGE_LOOP('',(#721,#722));
#391=AXIS2_PLACEMENT_3D('',#723,#724,#725);
#392=EDGE_LOOP('',(#726,#727,#728,#729));
#393=AXIS2_PLACEMENT_3D('',#730,#731,#732);
#394=EDGE_LOOP('',(#733,#734,#735,#736,#737,#738,#739,#740,#741));
#395=AXIS2_PLACEMENT_3D('',#742,#743,#744);
#396=EDGE_LOOP('',(#745,#746,#747,#748,#749,#750,#751,#752,#753,#754,#755,#756,#757,#758,#759,#760,#761,#762,#763,#764,#765));
#397=AXIS2_PLACEMENT_3D('',#766,#767,#768);
#398=EDGE_LOOP('',(#769,#770,#771,#772));
#399=AXIS2_PLACEMENT_3D('',#773,#774,#775);
#400=EDGE_LOOP('',(#776,#777,#778,#779));
#401=AXIS2_PLACEMENT_3D('',#780,#781,#782);
#402=EDGE_LOOP('',(#783,#784,#785,#786));
#403=AXIS2_PLACEMENT_3D('',#787,#788,#789);
#404=EDGE_LOOP('',(#790,#791,#792,#793));
#405=AXIS2_PLACEMENT_3D('',#794,#795,#796);
#406=EDGE_LOOP('',(#797,#798,#799,#800));
#407=AXIS2_PLACEMENT_3D('',#801,#802,#803);
#408=EDGE_LOOP('',(#804,#805,#806,#807));
#409=AXIS2_PLACEMENT_3D('',#808,#809,#810);
#410=EDGE_LOOP('',(#811,#812,#813,#814));
#411=AXIS2_PLACEMENT_3D('',#815,#816,#817);
#412=EDGE_LOOP('',(#818,#819,#820,#821));
#413=AXIS2_PLACEMENT_3D('',#822,#823,#824);
#414=EDGE_LOOP('',(#825,#826,#827,#828));
#415=AXIS2_PLACEMENT_3D('',#829,#830,#831);
#416=EDGE_LOOP('',(#832,#833,#834,#835,#836,#837,#838,#839));
#417=AXIS2_PLACEMENT_3D('',#840,#841,#842);
#418=EDGE_LOOP('',(#843,#844,#845,#846));
#419=AXIS2_PLACEMENT_3D('',#847,#848,#849);
#420=EDGE_LOOP('',(#850,#851,#852,#853));
#421=AXIS2_PLACEMENT_3D('',#854,#855,#856);
#422=EDGE_LOOP('',(#857,#858,#859,#860));
#423=AXIS2_PLACEMENT_3D('',#861,#862,#863);
#424=EDGE_LOOP('',(#864,#865,#866,#867));
#425=AXIS2_PLACEMENT_3D('',#868,#869,#870);
#426=EDGE_LOOP('',(#871,#872,#873,#874));
#427=AXIS2_PLACEMENT_3D('',#875,#876,#877);
#428=EDGE_LOOP('',(#878,#879,#880,#881));
#429=AXIS2_PLACEMENT_3D('',#882,#883,#884);
#430=EDGE_LOOP('',(#885,#886,#887,#888,#889,#890,#891,#892));
#431=AXIS2_PLACEMENT_3D('',#893,#894,#895);
#432=EDGE_LOOP('',(#896,#897,#898,#899));
#433=AXIS2_PLACEMENT_3D('',#900,#901,#902);
#434=EDGE_LOOP('',(#903,#904,#905,#906));
#435=AXIS2_PLACEMENT_3D('',#907,#908,#909);
#436=EDGE_LOOP('',(#910,#911,#912,#913,#914,#915,#916,#917,#918,#919,#920,#921,#922,#923,#924,#925,#926,#927,#928));
#437=EDGE_LOOP('',(#929,#930));
#438=AXIS2_PLACEMENT_3D('',#931,#932,#933);
#439=EDGE_LOOP('',(#934,#935,#936,#937));
#440=AXIS2_PLACEMENT_3D('',#938,#939,#940);
#441=EDGE_LOOP('',(#941,#942,#943,#944));
#442=AXIS2_PLACEMENT_3D('',#945,#946,#947);
#443=EDGE_LOOP('',(#948,#949));
#444=EDGE_LOOP('',(#950,#951));
#445=AXIS2_PLACEMENT_3D('',#952,#953,#954);
#446=EDGE_LOOP('',(#955,#956,#957,#958));
#447=AXIS2_PLACEMENT_3D('',#959,#960,#961);
#448=EDGE_LOOP('',(#962,#963,#964,#965));
#449=AXIS2_PLACEMENT_3D('',#966,#967,#968);
#450=EDGE_LOOP('',(#969,#970));
#451=EDGE_LOOP('',(#971,#972));
#452=AXIS2_PLACEMENT_3D('',#973,#974,#975);
#453=EDGE_LOOP('',(#976,#977,#978,#979));
#454=AXIS2_PLACEMENT_3D('',#980,#981,#982);
#455=EDGE_LOOP('',(#983,#984,#985,#986));
#456=AXIS2_PLACEMENT_3D('',#987,#988,#989);
#457=EDGE_LOOP('',(#990,#991));
#458=AXIS2_PLACEMENT_3D('',#992,#993,#994);
#459=EDGE_LOOP('',(#995,#996,#997,#998));
#460=AXIS2_PLACEMENT_3D('',#999,#1000,#1001);
#461=EDGE_LOOP('',(#1002,#1003,#1004,#1005));
#462=AXIS2_PLACEMENT_3D('',#1006,#1007,#1008);
#463=EDGE_LOOP('',(#1009,#1010,#1011,#1012));
#464=AXIS2_PLACEMENT_3D('',#1013,#1014,#1015);
#465=EDGE_LOOP('',(#1016,#1017,#1018,#1019));
#466=AXIS2_PLACEMENT_3D('',#1020,#1021,#1022);
#467=EDGE_LOOP('',(#1023,#1024,#1025,#1026,#1027,#1028,#1029,#1030));
#468=AXIS2_PLACEMENT_3D('',#1031,#1032,#1033);
#469=EDGE_LOOP('',(#1034,#1035,#1036,#1037));
#470=AXIS2_PLACEMENT_3D('',#1038,#1039,#1040);
#471=EDGE_LOOP('',(#1041,#1042,#1043,#1044));
#472=AXIS2_PLACEMENT_3D('',#1045,#1046,#1047);
#473=EDGE_LOOP('',(#1048,#1049,#1050,#1051));
#474=AXIS2_PLACEMENT_3D('',#1052,#1053,#1054);
#475=EDGE_LOOP('',(#1055,#1056,#1057,#1058,#1059,#1060,#1061));
#476=AXIS2_PLACEMENT_3D('',#1062,#1063,#1064);
#477=EDGE_LOOP('',(#1065,#1066,#1067,#1068));
#478=AXIS2_PLACEMENT_3D('',#1069,#1070,#1071);
#479=EDGE_LOOP('',(#1072,#1073,#1074));
#480=AXIS2_PLACEMENT_3D('',#1075,#1076,#1077);
#481=EDGE_LOOP('',(#1078,#1079,#1080));
#482=AXIS2_PLACEMENT_3D('',#1081,#1082,#1083);
#483=EDGE_LOOP('',(#1084,#1085,#1086,#1087));
#484=AXIS2_PLACEMENT_3D('',#1088,#1089,#1090);
#485=EDGE_LOOP('',(#1091,#1092,#1093,#1094,#1095));
#486=AXIS2_PLACEMENT_3D('',#1096,#1097,#1098);
#487=EDGE_LOOP('',(#1099,#1100,#1101,#1102,#1103));
#488=AXIS2_PLACEMENT_3D('',#1104,#1105,#1106);
#489=EDGE_LOOP('',(#1107,#1108,#1109));
#490=AXIS2_PLACEMENT_3D('',#1110,#1111,#1112);
#491=EDGE_LOOP('',(#1113,#1114,#1115));
#492=AXIS2_PLACEMENT_3D('',#1116,#1117,#1118);
#493=EDGE_LOOP('',(#1119,#1120,#1121,#1122));
#494=AXIS2_PLACEMENT_3D('',#1123,#1124,#1125);
#495=EDGE_LOOP('',(#1126,#1127,#1128,#1129,#1130,#1131,#1132,#1133));
#496=AXIS2_PLACEMENT_3D('',#1134,#1135,#1136);
#497=EDGE_LOOP('',(#1137,#1138,#1139,#1140));
#498=AXIS2_PLACEMENT_3D('',#1141,#1142,#1143);
#499=EDGE_LOOP('',(#1144,#1145,#1146,#1147));
#500=AXIS2_PLACEMENT_3D('',#1148,#1149,#1150);
#501=EDGE_LOOP('',(#1151,#1152,#1153,#1154));
#502=AXIS2_PLACEMENT_3D('',#1155,#1156,#1157);
#503=EDGE_LOOP('',(#1158,#1159));
#504=EDGE_LOOP('',(#1160,#1161));
#505=AXIS2_PLACEMENT_3D('',#1162,#1163,#1164);
#506=EDGE_LOOP('',(#1165,#1166,#1167,#1168));
#507=AXIS2_PLACEMENT_3D('',#1169,#1170,#1171);
#508=EDGE_LOOP('',(#1172,#1173,#1174,#1175));
#509=AXIS2_PLACEMENT_3D('',#1176,#1177,#1178);
#510=EDGE_LOOP('',(#1179,#1180,#1181,#1182));
#511=AXIS2_PLACEMENT_3D('',#1183,#1184,#1185);
#512=EDGE_LOOP('',(#1186,#1187,#1188,#1189));
#513=AXIS2_PLACEMENT_3D('',#1190,#1191,#1192);
#514=EDGE_LOOP('',(#1193,#1194));
#515=EDGE_LOOP('',(#1195,#1196));
#516=AXIS2_PLACEMENT_3D('',#1197,#1198,#1199);
#517=EDGE_LOOP('',(#1200,#1201,#1202,#1203));
#518=AXIS2_PLACEMENT_3D('',#1204,#1205,#1206);
#519=EDGE_LOOP('',(#1207,#1208,#1209,#1210));
#520=AXIS2_PLACEMENT_3D('',#1211,#1212,#1213);
#521=EDGE_LOOP('',(#1214,#1215));
#522=EDGE_LOOP('',(#1216,#1217));
#523=AXIS2_PLACEMENT_3D('',#1218,#1219,#1220);
#524=EDGE_LOOP('',(#1221,#1222,#1223,#1224));
#525=AXIS2_PLACEMENT_3D('',#1225,#1226,#1227);
#526=EDGE_LOOP('',(#1228,#1229,#1230,#1231));
#527=AXIS2_PLACEMENT_3D('',#1232,#1233,#1234);
#528=EDGE_LOOP('',(#1235,#1236));
#529=EDGE_LOOP('',(#1237,#1238));
#530=AXIS2_PLACEMENT_3D('',#1239,#1240,#1241);
#531=EDGE_LOOP('',(#1242,#1243,#1244,#1245));
#532=AXIS2_PLACEMENT_3D('',#1246,#1247,#1248);
#533=EDGE_LOOP('',(#1249,#1250,#1251,#1252));
#534=AXIS2_PLACEMENT_3D('',#1253,#1254,#1255);
#535=EDGE_LOOP('',(#1256,#1257));
#536=EDGE_LOOP('',(#1258,#1259));
#537=AXIS2_PLACEMENT_3D('',#1260,#1261,#1262);
#538=EDGE_LOOP('',(#1263,#1264));
#539=AXIS2_PLACEMENT_3D('',#1265,#1266,#1267);
#540=EDGE_LOOP('',(#1268,#1269,#1270,#1271));
#541=AXIS2_PLACEMENT_3D('',#1272,#1273,#1274);
#542=EDGE_LOOP('',(#1275,#1276,#1277,#1278));
#543=AXIS2_PLACEMENT_3D('',#1279,#1280,#1281);
#544=EDGE_LOOP('',(#1282,#1283));
#545=EDGE_LOOP('',(#1284,#1285));
#546=AXIS2_PLACEMENT_3D('',#1286,#1287,#1288);
#547=EDGE_LOOP('',(#1289,#1290,#1291,#1292));
#548=AXIS2_PLACEMENT_3D('',#1293,#1294,#1295);
#549=EDGE_LOOP('',(#1296,#1297,#1298,#1299));
#550=AXIS2_PLACEMENT_3D('',#1300,#1301,#1302);
#551=EDGE_LOOP('',(#1303,#1304,#1305,#1306));
#552=AXIS2_PLACEMENT_3D('',#1307,#1308,#1309);
#553=EDGE_LOOP('',(#1310,#1311,#1312,#1313));
#554=AXIS2_PLACEMENT_3D('',#1314,#1315,#1316);
#555=EDGE_LOOP('',(#1317,#1318));
#556=AXIS2_PLACEMENT_3D('',#1319,#1320,#1321);
#557=EDGE_LOOP('',(#1322,#1323,#1324,#1325));
#558=AXIS2_PLACEMENT_3D('',#1326,#1327,#1328);
#559=EDGE_LOOP('',(#1329,#1330,#1331,#1332));
#560=AXIS2_PLACEMENT_3D('',#1333,#1334,#1335);
#561=EDGE_LOOP('',(#1336,#1337));
#562=AXIS2_PLACEMENT_3D('',#1338,#1339,#1340);
#563=ORIENTED_EDGE('',*,*,#1341,.F.);
#564=ORIENTED_EDGE('',*,*,#1342,.T.);
#565=ORIENTED_EDGE('',*,*,#1343,.F.);
#566=ORIENTED_EDGE('',*,*,#1344,.T.);
#567=ORIENTED_EDGE('',*,*,#1345,.F.);
#568=ORIENTED_EDGE('',*,*,#1346,.T.);
#569=ORIENTED_EDGE('',*,*,#1347,.F.);
#570=ORIENTED_EDGE('',*,*,#1348,.T.);
#571=ORIENTED_EDGE('',*,*,#1349,.F.);
#572=ORIENTED_EDGE('',*,*,#1350,.F.);
#573=ORIENTED_EDGE('',*,*,#1351,.F.);
#574=ORIENTED_EDGE('',*,*,#1352,.F.);
#575=ORIENTED_EDGE('',*,*,#1353,.F.);
#576=ORIENTED_EDGE('',*,*,#1354,.T.);
#577=ORIENTED_EDGE('',*,*,#1355,.F.);
#578=ORIENTED_EDGE('',*,*,#1356,.T.);
#579=ORIENTED_EDGE('',*,*,#1357,.F.);
#580=ORIENTED_EDGE('',*,*,#1358,.F.);
#581=ORIENTED_EDGE('',*,*,#1359,.F.);
#582=ORIENTED_EDGE('',*,*,#1360,.F.);
#583=ORIENTED_EDGE('',*,*,#1361,.F.);
#584=CARTESIAN_POINT('',(0.0,1.309804515644,-22.6314));
#585=DIRECTION('',(0.0,1.0,-0.0));
#586=DIRECTION('',(0.0,0.0,1.0));
#587=ORIENTED_EDGE('',*,*,#1362,.F.);
#588=ORIENTED_EDGE('',*,*,#1363,.F.);
#589=ORIENTED_EDGE('',*,*,#1364,.T.);
#590=ORIENTED_EDGE('',*,*,#1365,.T.);
#591=ORIENTED_EDGE('',*,*,#1366,.F.);
#592=ORIENTED_EDGE('',*,*,#1367,.F.);
#593=ORIENTED_EDGE('',*,*,#1368,.F.);
#594=ORIENTED_EDGE('',*,*,#1369,.F.);
#595=ORIENTED_EDGE('',*,*,#1370,.F.);
#596=ORIENTED_EDGE('',*,*,#1371,.T.);
#597=ORIENTED_EDGE('',*,*,#1372,.T.);
#598=CARTESIAN_POINT('',(0.0,0.0,-16.2052));
#599=DIRECTION('',(-0.0,0.0,1.0));
#600=DIRECTION('',(0.0,1.0,0.0));
#601=ORIENTED_EDGE('',*,*,#1373,.F.);
#602=ORIENTED_EDGE('',*,*,#1374,.F.);
#603=ORIENTED_EDGE('',*,*,#1375,.T.);
#604=ORIENTED_EDGE('',*,*,#1376,.F.);
#605=CARTESIAN_POINT('',(0.0,0.0,-17.01546));
#606=DIRECTION('',(-0.0,0.0,-1.0));
#607=DIRECTION('',(-1.0,0.0,0.0));
#608=ORIENTED_EDGE('',*,*,#1377,.F.);
#609=ORIENTED_EDGE('',*,*,#1378,.F.);
#610=ORIENTED_EDGE('',*,*,#1379,.F.);
#611=ORIENTED_EDGE('',*,*,#1380,.F.);
#612=CARTESIAN_POINT('',(0.0,0.0,-17.01546));
#613=DIRECTION('',(-0.0,0.0,-1.0));
#614=DIRECTION('',(-1.0,0.0,0.0));
#615=ORIENTED_EDGE('',*,*,#1381,.T.);
#616=ORIENTED_EDGE('',*,*,#1382,.F.);
#617=ORIENTED_EDGE('',*,*,#1383,.T.);
#618=ORIENTED_EDGE('',*,*,#1384,.F.);
#619=CARTESIAN_POINT('',(0.0,0.0,-17.01546));
#620=DIRECTION('',(-0.0,0.0,-1.0));
#621=DIRECTION('',(-1.0,0.0,0.0));
#622=ORIENTED_EDGE('',*,*,#1385,.F.);
#623=ORIENTED_EDGE('',*,*,#1386,.F.);
#624=ORIENTED_EDGE('',*,*,#1387,.F.);
#625=ORIENTED_EDGE('',*,*,#1381,.F.);
#626=ORIENTED_EDGE('',*,*,#1388,.F.);
#627=CARTESIAN_POINT('',(0.0,0.0,-17.01546));
#628=DIRECTION('',(-0.0,0.0,-1.0));
#629=DIRECTION('',(-1.0,0.0,0.0));
#630=ORIENTED_EDGE('',*,*,#1389,.T.);
#631=ORIENTED_EDGE('',*,*,#1390,.F.);
#632=ORIENTED_EDGE('',*,*,#1391,.F.);
#633=ORIENTED_EDGE('',*,*,#1392,.T.);
#634=ORIENTED_EDGE('',*,*,#1393,.F.);
#635=ORIENTED_EDGE('',*,*,#1394,.F.);
#636=CARTESIAN_POINT('',(0.0,0.0,-17.01546));
#637=DIRECTION('',(-0.0,0.0,-1.0));
#638=DIRECTION('',(-1.0,0.0,0.0));
#639=ORIENTED_EDGE('',*,*,#1395,.T.);
#640=ORIENTED_EDGE('',*,*,#1390,.T.);
#641=ORIENTED_EDGE('',*,*,#1396,.F.);
#642=ORIENTED_EDGE('',*,*,#1392,.F.);
#643=ORIENTED_EDGE('',*,*,#1397,.F.);
#644=ORIENTED_EDGE('',*,*,#1398,.F.);
#645=CARTESIAN_POINT('',(0.0,0.0,-17.01546));
#646=DIRECTION('',(-0.0,0.0,-1.0));
#647=DIRECTION('',(-1.0,0.0,0.0));
#648=ORIENTED_EDGE('',*,*,#1399,.T.);
#649=ORIENTED_EDGE('',*,*,#1388,.T.);
#650=ORIENTED_EDGE('',*,*,#1384,.T.);
#651=ORIENTED_EDGE('',*,*,#1400,.F.);
#652=ORIENTED_EDGE('',*,*,#1389,.F.);
#653=ORIENTED_EDGE('',*,*,#1396,.T.);
#654=CARTESIAN_POINT('',(0.0,0.0,-10.668));
#655=DIRECTION('',(0.0,0.0,1.0));
#656=DIRECTION('',(1.0,0.0,0.0));
#657=ORIENTED_EDGE('',*,*,#1400,.T.);
#658=ORIENTED_EDGE('',*,*,#1383,.F.);
#659=ORIENTED_EDGE('',*,*,#1401,.T.);
#660=ORIENTED_EDGE('',*,*,#1402,.F.);
#661=ORIENTED_EDGE('',*,*,#1403,.F.);
#662=ORIENTED_EDGE('',*,*,#1404,.T.);
#663=ORIENTED_EDGE('',*,*,#1405,.T.);
#664=ORIENTED_EDGE('',*,*,#1406,.T.);
#665=CARTESIAN_POINT('',(-4.88651376341,5.5118,-10.668));
#666=DIRECTION('',(0.0,-1.0,0.0));
#667=DIRECTION('',(0.0,0.0,-1.0));
#668=ORIENTED_EDGE('',*,*,#1385,.T.);
#669=ORIENTED_EDGE('',*,*,#1399,.F.);
#670=ORIENTED_EDGE('',*,*,#1406,.F.);
#671=ORIENTED_EDGE('',*,*,#1407,.F.);
#672=CARTESIAN_POINT('',(0.0,0.0,-17.01546));
#673=DIRECTION('',(-0.0,0.0,-1.0));
#674=DIRECTION('',(-1.0,0.0,0.0));
#675=ORIENTED_EDGE('',*,*,#1408,.T.);
#676=ORIENTED_EDGE('',*,*,#1376,.T.);
#677=ORIENTED_EDGE('',*,*,#1409,.F.);
#678=ORIENTED_EDGE('',*,*,#1386,.T.);
#679=ORIENTED_EDGE('',*,*,#1407,.T.);
#680=ORIENTED_EDGE('',*,*,#1405,.F.);
#681=CARTESIAN_POINT('',(0.0,0.0,-15.3162));
#682=DIRECTION('',(0.0,0.0,1.0));
#683=DIRECTION('',(1.0,0.0,0.0));
#684=ORIENTED_EDGE('',*,*,#1382,.T.);
#685=ORIENTED_EDGE('',*,*,#1387,.T.);
#686=ORIENTED_EDGE('',*,*,#1410,.F.);
#687=ORIENTED_EDGE('',*,*,#1378,.T.);
#688=ORIENTED_EDGE('',*,*,#1411,.T.);
#689=ORIENTED_EDGE('',*,*,#1401,.F.);
#690=CARTESIAN_POINT('',(0.0,0.0,-15.3162));
#691=DIRECTION('',(0.0,0.0,1.0));
#692=DIRECTION('',(1.0,0.0,0.0));
#693=ORIENTED_EDGE('',*,*,#1409,.T.);
#694=ORIENTED_EDGE('',*,*,#1375,.F.);
#695=ORIENTED_EDGE('',*,*,#1412,.F.);
#696=ORIENTED_EDGE('',*,*,#1379,.T.);
#697=ORIENTED_EDGE('',*,*,#1410,.T.);
#698=CARTESIAN_POINT('',(4.058916821025,-6.1468,-10.668));
#699=DIRECTION('',(-0.0,1.0,0.0));
#700=DIRECTION('',(1.0,0.0,0.0));
#701=ORIENTED_EDGE('',*,*,#1377,.T.);
#702=ORIENTED_EDGE('',*,*,#1413,.F.);
#703=ORIENTED_EDGE('',*,*,#1402,.T.);
#704=ORIENTED_EDGE('',*,*,#1411,.F.);
#705=CARTESIAN_POINT('',(0.0,0.0,-17.01546));
#706=DIRECTION('',(-0.0,0.0,-1.0));
#707=DIRECTION('',(-1.0,0.0,0.0));
#708=ORIENTED_EDGE('',*,*,#1373,.T.);
#709=ORIENTED_EDGE('',*,*,#1408,.F.);
#710=ORIENTED_EDGE('',*,*,#1404,.F.);
#711=ORIENTED_EDGE('',*,*,#1414,.F.);
#712=CARTESIAN_POINT('',(0.0,0.0,-17.01546));
#713=DIRECTION('',(-0.0,0.0,-1.0));
#714=DIRECTION('',(-1.0,0.0,0.0));
#715=ORIENTED_EDGE('',*,*,#1413,.T.);
#716=ORIENTED_EDGE('',*,*,#1380,.T.);
#717=ORIENTED_EDGE('',*,*,#1412,.T.);
#718=ORIENTED_EDGE('',*,*,#1374,.T.);
#719=ORIENTED_EDGE('',*,*,#1414,.T.);
#720=ORIENTED_EDGE('',*,*,#1403,.T.);
#721=ORIENTED_EDGE('',*,*,#1415,.F.);
#722=ORIENTED_EDGE('',*,*,#1364,.F.);
#723=CARTESIAN_POINT('',(0.0,0.0,-16.2052));
#724=DIRECTION('',(0.0,0.0,1.0));
#725=DIRECTION('',(1.0,0.0,0.0));
#726=ORIENTED_EDGE('',*,*,#1362,.T.);
#727=ORIENTED_EDGE('',*,*,#1416,.T.);
#728=ORIENTED_EDGE('',*,*,#1417,.T.);
#729=ORIENTED_EDGE('',*,*,#1418,.T.);
#730=CARTESIAN_POINT('',(0.0,0.0,-16.2052));
#731=DIRECTION('',(-0.0,0.0,1.0));
#732=DIRECTION('',(0.0,1.0,0.0));
#733=ORIENTED_EDGE('',*,*,#1419,.F.);
#734=ORIENTED_EDGE('',*,*,#1420,.F.);
#735=ORIENTED_EDGE('',*,*,#1421,.F.);
#736=ORIENTED_EDGE('',*,*,#1422,.F.);
#737=ORIENTED_EDGE('',*,*,#1342,.F.);
#738=ORIENTED_EDGE('',*,*,#1365,.F.);
#739=ORIENTED_EDGE('',*,*,#1415,.T.);
#740=ORIENTED_EDGE('',*,*,#1363,.T.);
#741=ORIENTED_EDGE('',*,*,#1418,.F.);
#742=CARTESIAN_POINT('',(0.0,0.0,-16.2052));
#743=DIRECTION('',(-0.0,0.0,1.0));
#744=DIRECTION('',(0.0,1.0,0.0));
#745=ORIENTED_EDGE('',*,*,#1341,.T.);
#746=ORIENTED_EDGE('',*,*,#1423,.F.);
#747=ORIENTED_EDGE('',*,*,#1424,.T.);
#748=ORIENTED_EDGE('',*,*,#1425,.F.);
#749=ORIENTED_EDGE('',*,*,#1426,.T.);
#750=ORIENTED_EDGE('',*,*,#1427,.F.);
#751=ORIENTED_EDGE('',*,*,#1428,.F.);
#752=ORIENTED_EDGE('',*,*,#1429,.F.);
#753=ORIENTED_EDGE('',*,*,#1430,.F.);
#754=ORIENTED_EDGE('',*,*,#1431,.F.);
#755=ORIENTED_EDGE('',*,*,#1432,.T.);
#756=ORIENTED_EDGE('',*,*,#1433,.F.);
#757=ORIENTED_EDGE('',*,*,#1434,.T.);
#758=ORIENTED_EDGE('',*,*,#1435,.F.);
#759=ORIENTED_EDGE('',*,*,#1436,.F.);
#760=ORIENTED_EDGE('',*,*,#1437,.F.);
#761=ORIENTED_EDGE('',*,*,#1438,.F.);
#762=ORIENTED_EDGE('',*,*,#1439,.F.);
#763=ORIENTED_EDGE('',*,*,#1440,.F.);
#764=ORIENTED_EDGE('',*,*,#1441,.T.);
#765=ORIENTED_EDGE('',*,*,#1366,.T.);
#766=CARTESIAN_POINT('',(0.0,1.309804515644,-22.6314));
#767=DIRECTION('',(0.0,1.0,-0.0));
#768=DIRECTION('',(0.0,0.0,1.0));
#769=ORIENTED_EDGE('',*,*,#1442,.T.);
#770=ORIENTED_EDGE('',*,*,#1443,.T.);
#771=ORIENTED_EDGE('',*,*,#1359,.T.);
#772=ORIENTED_EDGE('',*,*,#1444,.F.);
#773=CARTESIAN_POINT('',(0.0,-6.1468,0.0));
#774=DIRECTION('',(0.0,-1.0,0.0));
#775=DIRECTION('',(0.0,0.0,-1.0));
#776=ORIENTED_EDGE('',*,*,#1355,.T.);
#777=ORIENTED_EDGE('',*,*,#1445,.T.);
#778=ORIENTED_EDGE('',*,*,#1446,.T.);
#779=ORIENTED_EDGE('',*,*,#1447,.F.);
#780=CARTESIAN_POINT('',(0.0,-6.1468,0.0));
#781=DIRECTION('',(0.0,-1.0,0.0));
#782=DIRECTION('',(0.0,0.0,-1.0));
#783=ORIENTED_EDGE('',*,*,#1448,.T.);
#784=ORIENTED_EDGE('',*,*,#1449,.T.);
#785=ORIENTED_EDGE('',*,*,#1429,.T.);
#786=ORIENTED_EDGE('',*,*,#1450,.F.);
#787=CARTESIAN_POINT('',(0.0,-6.1468,0.0));
#788=DIRECTION('',(0.0,-1.0,0.0));
#789=DIRECTION('',(0.0,0.0,-1.0));
#790=ORIENTED_EDGE('',*,*,#1425,.T.);
#791=ORIENTED_EDGE('',*,*,#1451,.T.);
#792=ORIENTED_EDGE('',*,*,#1452,.T.);
#793=ORIENTED_EDGE('',*,*,#1453,.F.);
#794=CARTESIAN_POINT('',(0.0,-6.1468,0.0));
#795=DIRECTION('',(0.0,-1.0,0.0));
#796=DIRECTION('',(0.0,0.0,-1.0));
#797=ORIENTED_EDGE('',*,*,#1454,.T.);
#798=ORIENTED_EDGE('',*,*,#1455,.T.);
#799=ORIENTED_EDGE('',*,*,#1351,.T.);
#800=ORIENTED_EDGE('',*,*,#1456,.F.);
#801=CARTESIAN_POINT('',(0.0,-6.1468,0.0));
#802=DIRECTION('',(0.0,-1.0,0.0));
#803=DIRECTION('',(0.0,0.0,-1.0));
#804=ORIENTED_EDGE('',*,*,#1347,.T.);
#805=ORIENTED_EDGE('',*,*,#1457,.T.);
#806=ORIENTED_EDGE('',*,*,#1458,.T.);
#807=ORIENTED_EDGE('',*,*,#1459,.F.);
#808=CARTESIAN_POINT('',(0.0,-6.1468,0.0));
#809=DIRECTION('',(0.0,-1.0,0.0));
#810=DIRECTION('',(0.0,0.0,-1.0));
#811=ORIENTED_EDGE('',*,*,#1460,.T.);
#812=ORIENTED_EDGE('',*,*,#1461,.T.);
#813=ORIENTED_EDGE('',*,*,#1437,.T.);
#814=ORIENTED_EDGE('',*,*,#1462,.F.);
#815=CARTESIAN_POINT('',(0.0,-6.1468,0.0));
#816=DIRECTION('',(0.0,-1.0,0.0));
#817=DIRECTION('',(0.0,0.0,-1.0));
#818=ORIENTED_EDGE('',*,*,#1433,.T.);
#819=ORIENTED_EDGE('',*,*,#1463,.T.);
#820=ORIENTED_EDGE('',*,*,#1464,.T.);
#821=ORIENTED_EDGE('',*,*,#1465,.F.);
#822=CARTESIAN_POINT('',(0.0,-6.1468,0.0));
#823=DIRECTION('',(0.0,-1.0,0.0));
#824=DIRECTION('',(0.0,0.0,-1.0));
#825=ORIENTED_EDGE('',*,*,#1358,.T.);
#826=ORIENTED_EDGE('',*,*,#1466,.F.);
#827=ORIENTED_EDGE('',*,*,#1467,.F.);
#828=ORIENTED_EDGE('',*,*,#1444,.T.);
#829=CARTESIAN_POINT('',(-2.434824156224,-6.1468,-19.29855023167));
#830=DIRECTION('',(0.707106781186598,0.0,0.707106781186498));
#831=DIRECTION('',(0.0,-1.0,0.0));
#832=ORIENTED_EDGE('',*,*,#1468,.F.);
#833=ORIENTED_EDGE('',*,*,#1469,.F.);
#834=ORIENTED_EDGE('',*,*,#1470,.T.);
#835=ORIENTED_EDGE('',*,*,#1442,.F.);
#836=ORIENTED_EDGE('',*,*,#1467,.T.);
#837=ORIENTED_EDGE('',*,*,#1471,.F.);
#838=ORIENTED_EDGE('',*,*,#1472,.F.);
#839=ORIENTED_EDGE('',*,*,#1446,.F.);
#840=CARTESIAN_POINT('',(0.0,-5.3848,-22.6314));
#841=DIRECTION('',(0.0,1.0,0.0));
#842=DIRECTION('',(0.0,0.0,-1.0));
#843=ORIENTED_EDGE('',*,*,#1472,.T.);
#844=ORIENTED_EDGE('',*,*,#1473,.F.);
#845=ORIENTED_EDGE('',*,*,#1356,.F.);
#846=ORIENTED_EDGE('',*,*,#1447,.T.);
#847=CARTESIAN_POINT('',(-4.139624939562,-6.1468,-19.38980067254));
#848=DIRECTION('',(-0.707106781186598,0.0,-0.707106781186498));
#849=DIRECTION('',(-0.707106781186498,0.0,0.707106781186598));
#850=ORIENTED_EDGE('',*,*,#1357,.T.);
#851=ORIENTED_EDGE('',*,*,#1473,.T.);
#852=ORIENTED_EDGE('',*,*,#1471,.T.);
#853=ORIENTED_EDGE('',*,*,#1466,.T.);
#854=CARTESIAN_POINT('',(0.0,-9.4742,0.0));
#855=DIRECTION('',(0.0,-1.0,0.0));
#856=DIRECTION('',(0.0,0.0,-1.0));
#857=ORIENTED_EDGE('',*,*,#1427,.T.);
#858=ORIENTED_EDGE('',*,*,#1474,.T.);
#859=ORIENTED_EDGE('',*,*,#1475,.T.);
#860=ORIENTED_EDGE('',*,*,#1476,.T.);
#861=CARTESIAN_POINT('',(0.0,-9.4742,0.0));
#862=DIRECTION('',(0.0,-1.0,0.0));
#863=DIRECTION('',(0.0,0.0,-1.0));
#864=ORIENTED_EDGE('',*,*,#1349,.T.);
#865=ORIENTED_EDGE('',*,*,#1477,.T.);
#866=ORIENTED_EDGE('',*,*,#1478,.T.);
#867=ORIENTED_EDGE('',*,*,#1479,.T.);
#868=CARTESIAN_POINT('',(0.0,-9.4742,0.0));
#869=DIRECTION('',(0.0,-1.0,0.0));
#870=DIRECTION('',(0.0,0.0,-1.0));
#871=ORIENTED_EDGE('',*,*,#1435,.T.);
#872=ORIENTED_EDGE('',*,*,#1480,.T.);
#873=ORIENTED_EDGE('',*,*,#1481,.T.);
#874=ORIENTED_EDGE('',*,*,#1482,.T.);
#875=CARTESIAN_POINT('',(0.0,-9.4742,0.0));
#876=DIRECTION('',(0.0,-1.0,0.0));
#877=DIRECTION('',(0.0,0.0,-1.0));
#878=ORIENTED_EDGE('',*,*,#1428,.T.);
#879=ORIENTED_EDGE('',*,*,#1476,.F.);
#880=ORIENTED_EDGE('',*,*,#1483,.F.);
#881=ORIENTED_EDGE('',*,*,#1450,.T.);
#882=CARTESIAN_POINT('',(3.332849768331,-6.1468,-20.19657584378));
#883=DIRECTION('',(0.707106781186598,0.0,-0.707106781186498));
#884=DIRECTION('',(0.0,-1.0,0.0));
#885=ORIENTED_EDGE('',*,*,#1484,.F.);
#886=ORIENTED_EDGE('',*,*,#1485,.F.);
#887=ORIENTED_EDGE('',*,*,#1486,.T.);
#888=ORIENTED_EDGE('',*,*,#1448,.F.);
#889=ORIENTED_EDGE('',*,*,#1483,.T.);
#890=ORIENTED_EDGE('',*,*,#1475,.F.);
#891=ORIENTED_EDGE('',*,*,#1487,.F.);
#892=ORIENTED_EDGE('',*,*,#1452,.F.);
#893=CARTESIAN_POINT('',(0.0,-5.3848,-22.6314));
#894=DIRECTION('',(0.0,1.0,0.0));
#895=DIRECTION('',(0.0,0.0,-1.0));
#896=ORIENTED_EDGE('',*,*,#1487,.T.);
#897=ORIENTED_EDGE('',*,*,#1474,.F.);
#898=ORIENTED_EDGE('',*,*,#1426,.F.);
#899=ORIENTED_EDGE('',*,*,#1453,.T.);
#900=CARTESIAN_POINT('',(3.241599327455,-6.1468,-18.49177506044));
#901=DIRECTION('',(-0.707106781186598,0.0,0.707106781186498));
#902=DIRECTION('',(0.0,1.0,0.0));
#903=ORIENTED_EDGE('',*,*,#1430,.T.);
#904=ORIENTED_EDGE('',*,*,#1449,.F.);
#905=ORIENTED_EDGE('',*,*,#1486,.F.);
#906=ORIENTED_EDGE('',*,*,#1488,.T.);
#907=CARTESIAN_POINT('',(3.816608851454,-5.3848,-21.05985517881));
#908=DIRECTION('',(0.707106781186498,0.0,-0.707106781186598));
#909=DIRECTION('',(0.0,-1.0,0.0));
#910=ORIENTED_EDGE('',*,*,#1353,.T.);
#911=ORIENTED_EDGE('',*,*,#1489,.F.);
#912=ORIENTED_EDGE('',*,*,#1490,.T.);
#913=ORIENTED_EDGE('',*,*,#1491,.F.);
#914=ORIENTED_EDGE('',*,*,#1345,.T.);
#915=ORIENTED_EDGE('',*,*,#1492,.F.);
#916=ORIENTED_EDGE('',*,*,#1439,.T.);
#917=ORIENTED_EDGE('',*,*,#1493,.F.);
#918=ORIENTED_EDGE('',*,*,#1494,.T.);
#919=ORIENTED_EDGE('',*,*,#1495,.F.);
#920=ORIENTED_EDGE('',*,*,#1431,.T.);
#921=ORIENTED_EDGE('',*,*,#1488,.F.);
#922=ORIENTED_EDGE('',*,*,#1485,.T.);
#923=ORIENTED_EDGE('',*,*,#1496,.F.);
#924=ORIENTED_EDGE('',*,*,#1423,.T.);
#925=ORIENTED_EDGE('',*,*,#1361,.T.);
#926=ORIENTED_EDGE('',*,*,#1497,.F.);
#927=ORIENTED_EDGE('',*,*,#1469,.T.);
#928=ORIENTED_EDGE('',*,*,#1498,.F.);
#929=ORIENTED_EDGE('',*,*,#1499,.F.);
#930=ORIENTED_EDGE('',*,*,#1500,.F.);
#931=CARTESIAN_POINT('',(0.0,-5.3848,-22.6314));
#932=DIRECTION('',(0.0,-1.0,0.0));
#933=DIRECTION('',(0.0,0.0,-1.0));
#934=ORIENTED_EDGE('',*,*,#1501,.T.);
#935=ORIENTED_EDGE('',*,*,#1502,.F.);
#936=ORIENTED_EDGE('',*,*,#1503,.F.);
#937=ORIENTED_EDGE('',*,*,#1500,.T.);
#938=CARTESIAN_POINT('',(0.0,-5.3213,-22.6314));
#939=DIRECTION('',(-0.0,-1.0,0.0));
#940=DIRECTION('',(0.0,0.0,1.0));
#941=ORIENTED_EDGE('',*,*,#1503,.T.);
#942=ORIENTED_EDGE('',*,*,#1504,.T.);
#943=ORIENTED_EDGE('',*,*,#1501,.F.);
#944=ORIENTED_EDGE('',*,*,#1499,.T.);
#945=CARTESIAN_POINT('',(0.0,-5.3213,-22.6314));
#946=DIRECTION('',(-0.0,-1.0,0.0));
#947=DIRECTION('',(0.0,0.0,1.0));
#948=ORIENTED_EDGE('',*,*,#1502,.T.);
#949=ORIENTED_EDGE('',*,*,#1504,.F.);
#950=ORIENTED_EDGE('',*,*,#1505,.T.);
#951=ORIENTED_EDGE('',*,*,#1506,.F.);
#952=CARTESIAN_POINT('',(0.0,-5.2578,-22.6314));
#953=DIRECTION('',(0.0,-1.0,0.0));
#954=DIRECTION('',(0.0,0.0,-1.0));
#955=ORIENTED_EDGE('',*,*,#1506,.T.);
#956=ORIENTED_EDGE('',*,*,#1507,.T.);
#957=ORIENTED_EDGE('',*,*,#1508,.F.);
#958=ORIENTED_EDGE('',*,*,#1509,.F.);
#959=CARTESIAN_POINT('',(0.0,-4.3348021,-22.6314));
#960=DIRECTION('',(0.0,1.0,-0.0));
#961=DIRECTION('',(0.0,0.0,1.0));
#962=ORIENTED_EDGE('',*,*,#1510,.T.);
#963=ORIENTED_EDGE('',*,*,#1507,.F.);
#964=ORIENTED_EDGE('',*,*,#1505,.F.);
#965=ORIENTED_EDGE('',*,*,#1509,.T.);
#966=CARTESIAN_POINT('',(0.0,-4.3348021,-22.6314));
#967=DIRECTION('',(0.0,1.0,-0.0));
#968=DIRECTION('',(0.0,0.0,1.0));
#969=ORIENTED_EDGE('',*,*,#1508,.T.);
#970=ORIENTED_EDGE('',*,*,#1510,.F.);
#971=ORIENTED_EDGE('',*,*,#1511,.F.);
#972=ORIENTED_EDGE('',*,*,#1512,.F.);
#973=CARTESIAN_POINT('',(0.0,-4.384802,-22.6314));
#974=DIRECTION('',(0.0,-1.0,0.0));
#975=DIRECTION('',(0.0,0.0,-1.0));
#976=ORIENTED_EDGE('',*,*,#1513,.F.);
#977=ORIENTED_EDGE('',*,*,#1514,.F.);
#978=ORIENTED_EDGE('',*,*,#1515,.T.);
#979=ORIENTED_EDGE('',*,*,#1512,.T.);
#980=CARTESIAN_POINT('',(0.0,1.309804515644,-22.6314));
#981=DIRECTION('',(0.0,1.0,-0.0));
#982=DIRECTION('',(0.0,0.0,1.0));
#983=ORIENTED_EDGE('',*,*,#1515,.F.);
#984=ORIENTED_EDGE('',*,*,#1516,.T.);
#985=ORIENTED_EDGE('',*,*,#1513,.T.);
#986=ORIENTED_EDGE('',*,*,#1511,.T.);
#987=CARTESIAN_POINT('',(0.0,1.309804515644,-22.6314));
#988=DIRECTION('',(0.0,1.0,-0.0));
#989=DIRECTION('',(0.0,0.0,1.0));
#990=ORIENTED_EDGE('',*,*,#1514,.T.);
#991=ORIENTED_EDGE('',*,*,#1516,.F.);
#992=CARTESIAN_POINT('',(0.0,-10.4902,-22.6314));
#993=DIRECTION('',(0.0,-1.0,0.0));
#994=DIRECTION('',(0.0,0.0,-1.0));
#995=ORIENTED_EDGE('',*,*,#1468,.T.);
#996=ORIENTED_EDGE('',*,*,#1445,.F.);
#997=ORIENTED_EDGE('',*,*,#1354,.F.);
#998=ORIENTED_EDGE('',*,*,#1498,.T.);
#999=CARTESIAN_POINT('',(-4.666844684044,-5.3848,-20.20961934622));
#1000=DIRECTION('',(-0.707106781186548,0.0,-0.707106781186548));
#1001=DIRECTION('',(-0.707106781186548,0.0,0.707106781186548));
#1002=ORIENTED_EDGE('',*,*,#1360,.T.);
#1003=ORIENTED_EDGE('',*,*,#1443,.F.);
#1004=ORIENTED_EDGE('',*,*,#1470,.F.);
#1005=ORIENTED_EDGE('',*,*,#1497,.T.);
#1006=CARTESIAN_POINT('',(-1.571544821187,-5.3848,-18.81479114855));
#1007=DIRECTION('',(0.707106781186548,0.0,0.707106781186548));
#1008=DIRECTION('',(0.0,-1.0,0.0));
#1009=ORIENTED_EDGE('',*,*,#1484,.T.);
#1010=ORIENTED_EDGE('',*,*,#1451,.F.);
#1011=ORIENTED_EDGE('',*,*,#1424,.F.);
#1012=ORIENTED_EDGE('',*,*,#1496,.T.);
#1013=CARTESIAN_POINT('',(2.421780653777,-5.3848,-17.96455531596));
#1014=DIRECTION('',(-0.707106781186548,0.0,0.707106781186548));
#1015=DIRECTION('',(0.0,1.0,0.0));
#1016=ORIENTED_EDGE('',*,*,#1517,.T.);
#1017=ORIENTED_EDGE('',*,*,#1463,.F.);
#1018=ORIENTED_EDGE('',*,*,#1432,.F.);
#1019=ORIENTED_EDGE('',*,*,#1495,.T.);
#1020=CARTESIAN_POINT('',(4.666844684044,-5.3848,-25.05318065378));
#1021=DIRECTION('',(0.707106781186498,0.0,0.707106781186598));
#1022=DIRECTION('',(0.0,-1.0,0.0));
#1023=ORIENTED_EDGE('',*,*,#1517,.F.);
#1024=ORIENTED_EDGE('',*,*,#1494,.F.);
#1025=ORIENTED_EDGE('',*,*,#1518,.T.);
#1026=ORIENTED_EDGE('',*,*,#1460,.F.);
#1027=ORIENTED_EDGE('',*,*,#1519,.T.);
#1028=ORIENTED_EDGE('',*,*,#1481,.F.);
#1029=ORIENTED_EDGE('',*,*,#1520,.F.);
#1030=ORIENTED_EDGE('',*,*,#1464,.F.);
#1031=CARTESIAN_POINT('',(0.0,-5.3848,-22.6314));
#1032=DIRECTION('',(0.0,1.0,0.0));
#1033=DIRECTION('',(0.0,0.0,-1.0));
#1034=ORIENTED_EDGE('',*,*,#1520,.T.);
#1035=ORIENTED_EDGE('',*,*,#1480,.F.);
#1036=ORIENTED_EDGE('',*,*,#1434,.F.);
#1037=ORIENTED_EDGE('',*,*,#1465,.T.);
#1038=CARTESIAN_POINT('',(4.139624939562,-6.1468,-25.87299932746));
#1039=DIRECTION('',(0.707106781186598,0.0,0.707106781186498));
#1040=DIRECTION('',(0.0,-1.0,0.0));
#1041=ORIENTED_EDGE('',*,*,#1436,.T.);
#1042=ORIENTED_EDGE('',*,*,#1482,.F.);
#1043=ORIENTED_EDGE('',*,*,#1519,.F.);
#1044=ORIENTED_EDGE('',*,*,#1462,.T.);
#1045=CARTESIAN_POINT('',(2.434824156224,-6.1468,-25.96424976833));
#1046=DIRECTION('',(-0.707106781186598,0.0,-0.707106781186498));
#1047=DIRECTION('',(-0.707106781186498,0.0,0.707106781186598));
#1048=ORIENTED_EDGE('',*,*,#1438,.T.);
#1049=ORIENTED_EDGE('',*,*,#1461,.F.);
#1050=ORIENTED_EDGE('',*,*,#1518,.F.);
#1051=ORIENTED_EDGE('',*,*,#1493,.T.);
#1052=CARTESIAN_POINT('',(1.571544821187,-5.3848,-26.44800885145));
#1053=DIRECTION('',(-0.707106781186498,0.0,-0.707106781186598));
#1054=DIRECTION('',(-0.707106781186598,0.0,0.707106781186498));
#1055=ORIENTED_EDGE('',*,*,#1492,.T.);
#1056=ORIENTED_EDGE('',*,*,#1344,.F.);
#1057=ORIENTED_EDGE('',*,*,#1521,.T.);
#1058=ORIENTED_EDGE('',*,*,#1416,.F.);
#1059=ORIENTED_EDGE('',*,*,#1372,.F.);
#1060=ORIENTED_EDGE('',*,*,#1522,.F.);
#1061=ORIENTED_EDGE('',*,*,#1440,.T.);
#1062=CARTESIAN_POINT('',(1.614449255938,-5.3848,-27.6352));
#1063=DIRECTION('',(0.0,0.0,1.0));
#1064=DIRECTION('',(1.0,0.0,0.0));
#1065=ORIENTED_EDGE('',*,*,#1523,.F.);
#1066=ORIENTED_EDGE('',*,*,#1522,.T.);
#1067=ORIENTED_EDGE('',*,*,#1371,.F.);
#1068=ORIENTED_EDGE('',*,*,#1524,.T.);
#1069=CARTESIAN_POINT('',(1.614449255938,0.0,-27.17934784491));
#1070=DIRECTION('',(1.0,0.0,0.0));
#1071=DIRECTION('',(0.0,1.0,0.0));
#1072=ORIENTED_EDGE('',*,*,#1525,.F.);
#1073=ORIENTED_EDGE('',*,*,#1419,.T.);
#1074=ORIENTED_EDGE('',*,*,#1526,.T.);
#1075=CARTESIAN_POINT('',(0.0,0.0,-22.6314));
#1076=DIRECTION('',(0.0,1.0,0.0));
#1077=DIRECTION('',(0.0,0.0,-1.0));
#1078=ORIENTED_EDGE('',*,*,#1370,.T.);
#1079=ORIENTED_EDGE('',*,*,#1527,.F.);
#1080=ORIENTED_EDGE('',*,*,#1524,.F.);
#1081=CARTESIAN_POINT('',(0.0,0.0,-22.6314));
#1082=DIRECTION('',(0.0,1.0,0.0));
#1083=DIRECTION('',(0.0,0.0,-1.0));
#1084=ORIENTED_EDGE('',*,*,#1417,.F.);
#1085=ORIENTED_EDGE('',*,*,#1521,.F.);
#1086=ORIENTED_EDGE('',*,*,#1528,.F.);
#1087=ORIENTED_EDGE('',*,*,#1526,.F.);
#1088=CARTESIAN_POINT('',(-1.614449255938,0.0,-27.6352));
#1089=DIRECTION('',(-1.0,0.0,0.0));
#1090=DIRECTION('',(0.0,0.0,1.0));
#1091=ORIENTED_EDGE('',*,*,#1343,.T.);
#1092=ORIENTED_EDGE('',*,*,#1422,.T.);
#1093=ORIENTED_EDGE('',*,*,#1529,.F.);
#1094=ORIENTED_EDGE('',*,*,#1525,.T.);
#1095=ORIENTED_EDGE('',*,*,#1528,.T.);
#1096=CARTESIAN_POINT('',(0.0,0.3739497693541,-22.6314));
#1097=DIRECTION('',(-0.0,-1.0,0.0));
#1098=DIRECTION('',(0.0,0.0,1.0));
#1099=ORIENTED_EDGE('',*,*,#1527,.T.);
#1100=ORIENTED_EDGE('',*,*,#1530,.T.);
#1101=ORIENTED_EDGE('',*,*,#1367,.T.);
#1102=ORIENTED_EDGE('',*,*,#1441,.F.);
#1103=ORIENTED_EDGE('',*,*,#1523,.T.);
#1104=CARTESIAN_POINT('',(0.0,0.3739497693541,-22.6314));
#1105=DIRECTION('',(-0.0,-1.0,0.0));
#1106=DIRECTION('',(0.0,0.0,1.0));
#1107=ORIENTED_EDGE('',*,*,#1529,.T.);
#1108=ORIENTED_EDGE('',*,*,#1421,.T.);
#1109=ORIENTED_EDGE('',*,*,#1420,.T.);
#1110=CARTESIAN_POINT('',(0.0,1.309804515644,-22.6314));
#1111=DIRECTION('',(0.0,1.0,-0.0));
#1112=DIRECTION('',(0.0,0.0,1.0));
#1113=ORIENTED_EDGE('',*,*,#1530,.F.);
#1114=ORIENTED_EDGE('',*,*,#1369,.T.);
#1115=ORIENTED_EDGE('',*,*,#1368,.T.);
#1116=CARTESIAN_POINT('',(0.0,1.309804515644,-22.6314));
#1117=DIRECTION('',(0.0,1.0,-0.0));
#1118=DIRECTION('',(0.0,0.0,1.0));
#1119=ORIENTED_EDGE('',*,*,#1531,.T.);
#1120=ORIENTED_EDGE('',*,*,#1457,.F.);
#1121=ORIENTED_EDGE('',*,*,#1346,.F.);
#1122=ORIENTED_EDGE('',*,*,#1491,.T.);
#1123=CARTESIAN_POINT('',(-2.421780653777,-5.3848,-27.29824468404));
#1124=DIRECTION('',(0.707106781186548,0.0,-0.707106781186548));
#1125=DIRECTION('',(0.0,-1.0,0.0));
#1126=ORIENTED_EDGE('',*,*,#1531,.F.);
#1127=ORIENTED_EDGE('',*,*,#1490,.F.);
#1128=ORIENTED_EDGE('',*,*,#1532,.T.);
#1129=ORIENTED_EDGE('',*,*,#1454,.F.);
#1130=ORIENTED_EDGE('',*,*,#1533,.T.);
#1131=ORIENTED_EDGE('',*,*,#1478,.F.);
#1132=ORIENTED_EDGE('',*,*,#1534,.F.);
#1133=ORIENTED_EDGE('',*,*,#1458,.F.);
#1134=CARTESIAN_POINT('',(0.0,-5.3848,-22.6314));
#1135=DIRECTION('',(0.0,1.0,0.0));
#1136=DIRECTION('',(0.0,0.0,-1.0));
#1137=ORIENTED_EDGE('',*,*,#1534,.T.);
#1138=ORIENTED_EDGE('',*,*,#1477,.F.);
#1139=ORIENTED_EDGE('',*,*,#1348,.F.);
#1140=ORIENTED_EDGE('',*,*,#1459,.T.);
#1141=CARTESIAN_POINT('',(-3.241599327455,-6.1468,-26.77102493956));
#1142=DIRECTION('',(0.707106781186598,0.0,-0.707106781186498));
#1143=DIRECTION('',(0.0,-1.0,0.0));
#1144=ORIENTED_EDGE('',*,*,#1350,.T.);
#1145=ORIENTED_EDGE('',*,*,#1479,.F.);
#1146=ORIENTED_EDGE('',*,*,#1533,.F.);
#1147=ORIENTED_EDGE('',*,*,#1456,.T.);
#1148=CARTESIAN_POINT('',(-3.332849768331,-6.1468,-25.06622415622));
#1149=DIRECTION('',(-0.707106781186598,0.0,0.707106781186498));
#1150=DIRECTION('',(0.0,1.0,0.0));
#1151=ORIENTED_EDGE('',*,*,#1352,.T.);
#1152=ORIENTED_EDGE('',*,*,#1455,.F.);
#1153=ORIENTED_EDGE('',*,*,#1532,.F.);
#1154=ORIENTED_EDGE('',*,*,#1489,.T.);
#1155=CARTESIAN_POINT('',(-3.816608851454,-5.3848,-24.20294482119));
#1156=DIRECTION('',(-0.707106781186548,0.0,0.707106781186548));
#1157=DIRECTION('',(0.0,1.0,0.0));
#1158=ORIENTED_EDGE('',*,*,#1391,.T.);
#1159=ORIENTED_EDGE('',*,*,#1395,.F.);
#1160=ORIENTED_EDGE('',*,*,#1535,.T.);
#1161=ORIENTED_EDGE('',*,*,#1536,.F.);
#1162=CARTESIAN_POINT('',(0.0,0.0,0.0));
#1163=DIRECTION('',(0.0,0.0,1.0));
#1164=DIRECTION('',(1.0,0.0,0.0));
#1165=ORIENTED_EDGE('',*,*,#1536,.T.);
#1166=ORIENTED_EDGE('',*,*,#1537,.F.);
#1167=ORIENTED_EDGE('',*,*,#1538,.F.);
#1168=ORIENTED_EDGE('',*,*,#1539,.T.);
#1169=CARTESIAN_POINT('',(0.0,0.0,-0.3409542014699));
#1170=DIRECTION('',(0.0,-0.0,1.0));
#1171=DIRECTION('',(-1.0,0.0,0.0));
#1172=ORIENTED_EDGE('',*,*,#1540,.T.);
#1173=ORIENTED_EDGE('',*,*,#1537,.T.);
#1174=ORIENTED_EDGE('',*,*,#1535,.F.);
#1175=ORIENTED_EDGE('',*,*,#1539,.F.);
#1176=CARTESIAN_POINT('',(0.0,0.0,-0.3409542014699));
#1177=DIRECTION('',(0.0,-0.0,1.0));
#1178=DIRECTION('',(-1.0,0.0,0.0));
#1179=ORIENTED_EDGE('',*,*,#1541,.T.);
#1180=ORIENTED_EDGE('',*,*,#1542,.T.);
#1181=ORIENTED_EDGE('',*,*,#1540,.F.);
#1182=ORIENTED_EDGE('',*,*,#1543,.F.);
#1183=CARTESIAN_POINT('',(0.0,0.0,-17.01546));
#1184=DIRECTION('',(-0.0,0.0,-1.0));
#1185=DIRECTION('',(-1.0,0.0,0.0));
#1186=ORIENTED_EDGE('',*,*,#1538,.T.);
#1187=ORIENTED_EDGE('',*,*,#1542,.F.);
#1188=ORIENTED_EDGE('',*,*,#1544,.F.);
#1189=ORIENTED_EDGE('',*,*,#1543,.T.);
#1190=CARTESIAN_POINT('',(0.0,0.0,-17.01546));
#1191=DIRECTION('',(-0.0,0.0,-1.0));
#1192=DIRECTION('',(-1.0,0.0,0.0));
#1193=ORIENTED_EDGE('',*,*,#1544,.T.);
#1194=ORIENTED_EDGE('',*,*,#1541,.F.);
#1195=ORIENTED_EDGE('',*,*,#1545,.T.);
#1196=ORIENTED_EDGE('',*,*,#1546,.F.);
#1197=CARTESIAN_POINT('',(0.0,0.0,-8.4074));
#1198=DIRECTION('',(0.0,0.0,1.0));
#1199=DIRECTION('',(1.0,0.0,0.0));
#1200=ORIENTED_EDGE('',*,*,#1546,.T.);
#1201=ORIENTED_EDGE('',*,*,#1547,.F.);
#1202=ORIENTED_EDGE('',*,*,#1548,.F.);
#1203=ORIENTED_EDGE('',*,*,#1549,.T.);
#1204=CARTESIAN_POINT('',(0.0,0.0,-17.01546));
#1205=DIRECTION('',(-0.0,0.0,-1.0));
#1206=DIRECTION('',(-1.0,0.0,0.0));
#1207=ORIENTED_EDGE('',*,*,#1550,.T.);
#1208=ORIENTED_EDGE('',*,*,#1547,.T.);
#1209=ORIENTED_EDGE('',*,*,#1545,.F.);
#1210=ORIENTED_EDGE('',*,*,#1549,.F.);
#1211=CARTESIAN_POINT('',(0.0,0.0,-17.01546));
#1212=DIRECTION('',(-0.0,0.0,-1.0));
#1213=DIRECTION('',(-1.0,0.0,0.0));
#1214=ORIENTED_EDGE('',*,*,#1548,.T.);
#1215=ORIENTED_EDGE('',*,*,#1550,.F.);
#1216=ORIENTED_EDGE('',*,*,#1551,.T.);
#1217=ORIENTED_EDGE('',*,*,#1552,.F.);
#1218=CARTESIAN_POINT('',(0.0,0.0,-8.5852));
#1219=DIRECTION('',(0.0,0.0,1.0));
#1220=DIRECTION('',(1.0,0.0,0.0));
#1221=ORIENTED_EDGE('',*,*,#1552,.T.);
#1222=ORIENTED_EDGE('',*,*,#1553,.F.);
#1223=ORIENTED_EDGE('',*,*,#1554,.F.);
#1224=ORIENTED_EDGE('',*,*,#1555,.T.);
#1225=CARTESIAN_POINT('',(0.0,0.0,-17.01546));
#1226=DIRECTION('',(-0.0,0.0,-1.0));
#1227=DIRECTION('',(-1.0,0.0,0.0));
#1228=ORIENTED_EDGE('',*,*,#1556,.T.);
#1229=ORIENTED_EDGE('',*,*,#1553,.T.);
#1230=ORIENTED_EDGE('',*,*,#1551,.F.);
#1231=ORIENTED_EDGE('',*,*,#1555,.F.);
#1232=CARTESIAN_POINT('',(0.0,0.0,-17.01546));
#1233=DIRECTION('',(-0.0,0.0,-1.0));
#1234=DIRECTION('',(-1.0,0.0,0.0));
#1235=ORIENTED_EDGE('',*,*,#1554,.T.);
#1236=ORIENTED_EDGE('',*,*,#1556,.F.);
#1237=ORIENTED_EDGE('',*,*,#1557,.T.);
#1238=ORIENTED_EDGE('',*,*,#1558,.F.);
#1239=CARTESIAN_POINT('',(0.0,0.0,-3.3782));
#1240=DIRECTION('',(0.0,0.0,1.0));
#1241=DIRECTION('',(1.0,0.0,0.0));
#1242=ORIENTED_EDGE('',*,*,#1558,.T.);
#1243=ORIENTED_EDGE('',*,*,#1559,.F.);
#1244=ORIENTED_EDGE('',*,*,#1560,.F.);
#1245=ORIENTED_EDGE('',*,*,#1561,.T.);
#1246=CARTESIAN_POINT('',(0.0,0.0,-17.01546));
#1247=DIRECTION('',(-0.0,0.0,-1.0));
#1248=DIRECTION('',(-1.0,0.0,0.0));
#1249=ORIENTED_EDGE('',*,*,#1562,.T.);
#1250=ORIENTED_EDGE('',*,*,#1559,.T.);
#1251=ORIENTED_EDGE('',*,*,#1557,.F.);
#1252=ORIENTED_EDGE('',*,*,#1561,.F.);
#1253=CARTESIAN_POINT('',(0.0,0.0,-17.01546));
#1254=DIRECTION('',(-0.0,0.0,-1.0));
#1255=DIRECTION('',(-1.0,0.0,0.0));
#1256=ORIENTED_EDGE('',*,*,#1560,.T.);
#1257=ORIENTED_EDGE('',*,*,#1562,.F.);
#1258=ORIENTED_EDGE('',*,*,#1563,.F.);
#1259=ORIENTED_EDGE('',*,*,#1564,.F.);
#1260=CARTESIAN_POINT('',(0.0,0.0,-4.378198));
#1261=DIRECTION('',(0.0,0.0,1.0));
#1262=DIRECTION('',(1.0,0.0,0.0));
#1263=ORIENTED_EDGE('',*,*,#1565,.T.);
#1264=ORIENTED_EDGE('',*,*,#1566,.T.);
#1265=CARTESIAN_POINT('',(0.0,0.0,-4.378198));
#1266=DIRECTION('',(0.0,0.0,1.0));
#1267=DIRECTION('',(1.0,0.0,0.0));
#1268=ORIENTED_EDGE('',*,*,#1567,.T.);
#1269=ORIENTED_EDGE('',*,*,#1568,.F.);
#1270=ORIENTED_EDGE('',*,*,#1569,.F.);
#1271=ORIENTED_EDGE('',*,*,#1564,.T.);
#1272=CARTESIAN_POINT('',(0.0,0.0,-4.378198));
#1273=DIRECTION('',(0.0,0.0,-1.0));
#1274=DIRECTION('',(1.0,0.0,0.0));
#1275=ORIENTED_EDGE('',*,*,#1569,.T.);
#1276=ORIENTED_EDGE('',*,*,#1570,.F.);
#1277=ORIENTED_EDGE('',*,*,#1567,.F.);
#1278=ORIENTED_EDGE('',*,*,#1563,.T.);
#1279=CARTESIAN_POINT('',(0.0,0.0,-4.378198));
#1280=DIRECTION('',(0.0,0.0,-1.0));
#1281=DIRECTION('',(1.0,0.0,0.0));
#1282=ORIENTED_EDGE('',*,*,#1570,.T.);
#1283=ORIENTED_EDGE('',*,*,#1568,.T.);
#1284=ORIENTED_EDGE('',*,*,#1571,.T.);
#1285=ORIENTED_EDGE('',*,*,#1572,.T.);
#1286=CARTESIAN_POINT('',(0.0,0.0,-3.429));
#1287=DIRECTION('',(0.0,0.0,1.0));
#1288=DIRECTION('',(1.0,0.0,0.0));
#1289=ORIENTED_EDGE('',*,*,#1573,.T.);
#1290=ORIENTED_EDGE('',*,*,#1572,.F.);
#1291=ORIENTED_EDGE('',*,*,#1574,.F.);
#1292=ORIENTED_EDGE('',*,*,#1566,.F.);
#1293=CARTESIAN_POINT('',(0.0,0.0,-4.378198));
#1294=DIRECTION('',(0.0,0.0,-1.0));
#1295=DIRECTION('',(1.0,0.0,0.0));
#1296=ORIENTED_EDGE('',*,*,#1574,.T.);
#1297=ORIENTED_EDGE('',*,*,#1571,.F.);
#1298=ORIENTED_EDGE('',*,*,#1573,.F.);
#1299=ORIENTED_EDGE('',*,*,#1565,.F.);
#1300=CARTESIAN_POINT('',(0.0,0.0,-4.378198));
#1301=DIRECTION('',(0.0,0.0,-1.0));
#1302=DIRECTION('',(1.0,0.0,0.0));
#1303=ORIENTED_EDGE('',*,*,#1575,.F.);
#1304=ORIENTED_EDGE('',*,*,#1576,.F.);
#1305=ORIENTED_EDGE('',*,*,#1577,.T.);
#1306=ORIENTED_EDGE('',*,*,#1398,.T.);
#1307=CARTESIAN_POINT('',(0.0,6.06298,-4.2418));
#1308=DIRECTION('',(0.0,1.0,-0.0));
#1309=DIRECTION('',(0.0,0.0,1.0));
#1310=ORIENTED_EDGE('',*,*,#1577,.F.);
#1311=ORIENTED_EDGE('',*,*,#1578,.T.);
#1312=ORIENTED_EDGE('',*,*,#1575,.T.);
#1313=ORIENTED_EDGE('',*,*,#1397,.T.);
#1314=CARTESIAN_POINT('',(0.0,6.06298,-4.2418));
#1315=DIRECTION('',(0.0,1.0,-0.0));
#1316=DIRECTION('',(0.0,0.0,1.0));
#1317=ORIENTED_EDGE('',*,*,#1576,.T.);
#1318=ORIENTED_EDGE('',*,*,#1578,.F.);
#1319=CARTESIAN_POINT('',(0.0,-5.5118,-4.2418));
#1320=DIRECTION('',(0.0,-1.0,0.0));
#1321=DIRECTION('',(0.0,0.0,-1.0));
#1322=ORIENTED_EDGE('',*,*,#1579,.T.);
#1323=ORIENTED_EDGE('',*,*,#1580,.T.);
#1324=ORIENTED_EDGE('',*,*,#1581,.F.);
#1325=ORIENTED_EDGE('',*,*,#1394,.T.);
#1326=CARTESIAN_POINT('',(0.0,6.06298,-4.2418));
#1327=DIRECTION('',(0.0,1.0,-0.0));
#1328=DIRECTION('',(0.0,0.0,1.0));
#1329=ORIENTED_EDGE('',*,*,#1581,.T.);
#1330=ORIENTED_EDGE('',*,*,#1582,.F.);
#1331=ORIENTED_EDGE('',*,*,#1579,.F.);
#1332=ORIENTED_EDGE('',*,*,#1393,.T.);
#1333=CARTESIAN_POINT('',(0.0,6.06298,-4.2418));
#1334=DIRECTION('',(0.0,1.0,-0.0));
#1335=DIRECTION('',(0.0,0.0,1.0));
#1336=ORIENTED_EDGE('',*,*,#1580,.F.);
#1337=ORIENTED_EDGE('',*,*,#1582,.T.);
#1338=CARTESIAN_POINT('',(0.0,5.5118,-4.2418));
#1339=DIRECTION('',(0.0,-1.0,0.0));
#1340=DIRECTION('',(0.0,0.0,-1.0));
#1341=EDGE_CURVE('',#1583,#1584,#1585,.T.);
#1342=EDGE_CURVE('',#1583,#1586,#1587,.T.);
#1343=EDGE_CURVE('',#1588,#1586,#1589,.T.);
#1344=EDGE_CURVE('',#1588,#1590,#1591,.T.);
#1345=EDGE_CURVE('',#1592,#1590,#1593,.T.);
#1346=EDGE_CURVE('',#1592,#1594,#1595,.T.);
#1347=EDGE_CURVE('',#1596,#1594,#1597,.T.);
#1348=EDGE_CURVE('',#1596,#1598,#1599,.T.);
#1349=EDGE_CURVE('',#1600,#1598,#1601,.T.);
#1350=EDGE_CURVE('',#1602,#1600,#1603,.T.);
#1351=EDGE_CURVE('',#1604,#1602,#1605,.T.);
#1352=EDGE_CURVE('',#1606,#1604,#1607,.T.);
#1353=EDGE_CURVE('',#1608,#1606,#1609,.T.);
#1354=EDGE_CURVE('',#1608,#1610,#1611,.T.);
#1355=EDGE_CURVE('',#1612,#1610,#1613,.T.);
#1356=EDGE_CURVE('',#1612,#1614,#1615,.T.);
#1357=EDGE_CURVE('',#1616,#1614,#1617,.T.);
#1358=EDGE_CURVE('',#1618,#1616,#1619,.T.);
#1359=EDGE_CURVE('',#1620,#1618,#1621,.T.);
#1360=EDGE_CURVE('',#1622,#1620,#1623,.T.);
#1361=EDGE_CURVE('',#1584,#1622,#1624,.T.);
#1362=EDGE_CURVE('',#1625,#1626,#1627,.T.);
#1363=EDGE_CURVE('',#1628,#1625,#1629,.T.);
#1364=EDGE_CURVE('',#1628,#1630,#1631,.T.);
#1365=EDGE_CURVE('',#1630,#1583,#1632,.T.);
#1366=EDGE_CURVE('',#1633,#1583,#1634,.T.);
#1367=EDGE_CURVE('',#1635,#1633,#1636,.T.);
#1368=EDGE_CURVE('',#1637,#1635,#1638,.T.);
#1369=EDGE_CURVE('',#1639,#1637,#1640,.T.);
#1370=EDGE_CURVE('',#1641,#1639,#1642,.T.);
#1371=EDGE_CURVE('',#1641,#1643,#1644,.T.);
#1372=EDGE_CURVE('',#1643,#1626,#1645,.T.);
#1373=EDGE_CURVE('',#1646,#1647,#1648,.T.);
#1374=EDGE_CURVE('',#1649,#1646,#1650,.T.);
#1375=EDGE_CURVE('',#1649,#1651,#1652,.T.);
#1376=EDGE_CURVE('',#1647,#1651,#1653,.T.);
#1377=EDGE_CURVE('',#1654,#1655,#1656,.T.);
#1378=EDGE_CURVE('',#1657,#1654,#1658,.T.);
#1379=EDGE_CURVE('',#1659,#1657,#1660,.T.);
#1380=EDGE_CURVE('',#1655,#1659,#1661,.T.);
#1381=EDGE_CURVE('',#1662,#1663,#1664,.T.);
#1382=EDGE_CURVE('',#1665,#1663,#1666,.T.);
#1383=EDGE_CURVE('',#1665,#1667,#1668,.T.);
#1384=EDGE_CURVE('',#1662,#1667,#1669,.T.);
#1385=EDGE_CURVE('',#1670,#1671,#1672,.T.);
#1386=EDGE_CURVE('',#1673,#1670,#1674,.T.);
#1387=EDGE_CURVE('',#1663,#1673,#1675,.T.);
#1388=EDGE_CURVE('',#1671,#1662,#1676,.T.);
#1389=EDGE_CURVE('',#1677,#1678,#1679,.T.);
#1390=EDGE_CURVE('',#1680,#1678,#1681,.T.);
#1391=EDGE_CURVE('',#1682,#1680,#1683,.T.);
#1392=EDGE_CURVE('',#1682,#1677,#1684,.T.);
#1393=EDGE_CURVE('',#1685,#1686,#1687,.T.);
#1394=EDGE_CURVE('',#1686,#1685,#1688,.T.);
#1395=EDGE_CURVE('',#1682,#1680,#1689,.T.);
#1396=EDGE_CURVE('',#1677,#1678,#1690,.T.);
#1397=EDGE_CURVE('',#1691,#1692,#1693,.T.);
#1398=EDGE_CURVE('',#1692,#1691,#1694,.T.);
#1399=EDGE_CURVE('',#1695,#1671,#1696,.T.);
#1400=EDGE_CURVE('',#1695,#1667,#1697,.T.);
#1401=EDGE_CURVE('',#1665,#1698,#1699,.T.);
#1402=EDGE_CURVE('',#1700,#1698,#1701,.T.);
#1403=EDGE_CURVE('',#1702,#1700,#1703,.T.);
#1404=EDGE_CURVE('',#1702,#1704,#1705,.T.);
#1405=EDGE_CURVE('',#1704,#1706,#1707,.T.);
#1406=EDGE_CURVE('',#1706,#1695,#1708,.T.);
#1407=EDGE_CURVE('',#1670,#1706,#1709,.T.);
#1408=EDGE_CURVE('',#1704,#1647,#1710,.T.);
#1409=EDGE_CURVE('',#1673,#1651,#1711,.T.);
#1410=EDGE_CURVE('',#1657,#1673,#1712,.T.);
#1411=EDGE_CURVE('',#1654,#1698,#1713,.T.);
#1412=EDGE_CURVE('',#1659,#1649,#1714,.T.);
#1413=EDGE_CURVE('',#1700,#1655,#1715,.T.);
#1414=EDGE_CURVE('',#1646,#1702,#1716,.T.);
#1415=EDGE_CURVE('',#1630,#1628,#1717,.T.);
#1416=EDGE_CURVE('',#1626,#1718,#1719,.T.);
#1417=EDGE_CURVE('',#1718,#1720,#1721,.T.);
#1418=EDGE_CURVE('',#1720,#1625,#1722,.T.);
#1419=EDGE_CURVE('',#1723,#1720,#1724,.T.);
#1420=EDGE_CURVE('',#1725,#1723,#1726,.T.);
#1421=EDGE_CURVE('',#1727,#1725,#1728,.T.);
#1422=EDGE_CURVE('',#1586,#1727,#1729,.T.);
#1423=EDGE_CURVE('',#1730,#1584,#1731,.T.);
#1424=EDGE_CURVE('',#1730,#1732,#1733,.T.);
#1425=EDGE_CURVE('',#1734,#1732,#1735,.T.);
#1426=EDGE_CURVE('',#1734,#1736,#1737,.T.);
#1427=EDGE_CURVE('',#1738,#1736,#1739,.T.);
#1428=EDGE_CURVE('',#1740,#1738,#1741,.T.);
#1429=EDGE_CURVE('',#1742,#1740,#1743,.T.);
#1430=EDGE_CURVE('',#1744,#1742,#1745,.T.);
#1431=EDGE_CURVE('',#1746,#1744,#1747,.T.);
#1432=EDGE_CURVE('',#1746,#1748,#1749,.T.);
#1433=EDGE_CURVE('',#1750,#1748,#1751,.T.);
#1434=EDGE_CURVE('',#1750,#1752,#1753,.T.);
#1435=EDGE_CURVE('',#1754,#1752,#1755,.T.);
#1436=EDGE_CURVE('',#1756,#1754,#1757,.T.);
#1437=EDGE_CURVE('',#1758,#1756,#1759,.T.);
#1438=EDGE_CURVE('',#1760,#1758,#1761,.T.);
#1439=EDGE_CURVE('',#1762,#1760,#1763,.T.);
#1440=EDGE_CURVE('',#1764,#1762,#1765,.T.);
#1441=EDGE_CURVE('',#1764,#1633,#1766,.T.);
#1442=EDGE_CURVE('',#1767,#1768,#1769,.T.);
#1443=EDGE_CURVE('',#1768,#1620,#1770,.T.);
#1444=EDGE_CURVE('',#1767,#1618,#1771,.T.);
#1445=EDGE_CURVE('',#1610,#1772,#1773,.T.);
#1446=EDGE_CURVE('',#1772,#1774,#1775,.T.);
#1447=EDGE_CURVE('',#1612,#1774,#1776,.T.);
#1448=EDGE_CURVE('',#1777,#1778,#1779,.T.);
#1449=EDGE_CURVE('',#1778,#1742,#1780,.T.);
#1450=EDGE_CURVE('',#1777,#1740,#1781,.T.);
#1451=EDGE_CURVE('',#1732,#1782,#1783,.T.);
#1452=EDGE_CURVE('',#1782,#1784,#1785,.T.);
#1453=EDGE_CURVE('',#1734,#1784,#1786,.T.);
#1454=EDGE_CURVE('',#1787,#1788,#1789,.T.);
#1455=EDGE_CURVE('',#1788,#1604,#1790,.T.);
#1456=EDGE_CURVE('',#1787,#1602,#1791,.T.);
#1457=EDGE_CURVE('',#1594,#1792,#1793,.T.);
#1458=EDGE_CURVE('',#1792,#1794,#1795,.T.);
#1459=EDGE_CURVE('',#1596,#1794,#1796,.T.);
#1460=EDGE_CURVE('',#1797,#1798,#1799,.T.);
#1461=EDGE_CURVE('',#1798,#1758,#1800,.T.);
#1462=EDGE_CURVE('',#1797,#1756,#1801,.T.);
#1463=EDGE_CURVE('',#1748,#1802,#1803,.T.);
#1464=EDGE_CURVE('',#1802,#1804,#1805,.T.);
#1465=EDGE_CURVE('',#1750,#1804,#1806,.T.);
#1466=EDGE_CURVE('',#1807,#1616,#1808,.T.);
#1467=EDGE_CURVE('',#1767,#1807,#1809,.T.);
#1468=EDGE_CURVE('',#1810,#1772,#1811,.T.);
#1469=EDGE_CURVE('',#1812,#1810,#1813,.T.);
#1470=EDGE_CURVE('',#1812,#1768,#1814,.T.);
#1471=EDGE_CURVE('',#1815,#1807,#1816,.T.);
#1472=EDGE_CURVE('',#1774,#1815,#1817,.T.);
#1473=EDGE_CURVE('',#1614,#1815,#1818,.T.);
#1474=EDGE_CURVE('',#1736,#1819,#1820,.T.);
#1475=EDGE_CURVE('',#1819,#1821,#1822,.T.);
#1476=EDGE_CURVE('',#1821,#1738,#1823,.T.);
#1477=EDGE_CURVE('',#1598,#1824,#1825,.T.);
#1478=EDGE_CURVE('',#1824,#1826,#1827,.T.);
#1479=EDGE_CURVE('',#1826,#1600,#1828,.T.);
#1480=EDGE_CURVE('',#1752,#1829,#1830,.T.);
#1481=EDGE_CURVE('',#1829,#1831,#1832,.T.);
#1482=EDGE_CURVE('',#1831,#1754,#1833,.T.);
#1483=EDGE_CURVE('',#1777,#1821,#1834,.T.);
#1484=EDGE_CURVE('',#1835,#1782,#1836,.T.);
#1485=EDGE_CURVE('',#1837,#1835,#1838,.T.);
#1486=EDGE_CURVE('',#1837,#1778,#1839,.T.);
#1487=EDGE_CURVE('',#1784,#1819,#1840,.T.);
#1488=EDGE_CURVE('',#1837,#1744,#1841,.T.);
#1489=EDGE_CURVE('',#1842,#1606,#1843,.T.);
#1490=EDGE_CURVE('',#1842,#1844,#1845,.T.);
#1491=EDGE_CURVE('',#1592,#1844,#1846,.T.);
#1492=EDGE_CURVE('',#1762,#1590,#1847,.T.);
#1493=EDGE_CURVE('',#1848,#1760,#1849,.T.);
#1494=EDGE_CURVE('',#1848,#1850,#1851,.T.);
#1495=EDGE_CURVE('',#1746,#1850,#1852,.T.);
#1496=EDGE_CURVE('',#1730,#1835,#1853,.T.);
#1497=EDGE_CURVE('',#1812,#1622,#1854,.T.);
#1498=EDGE_CURVE('',#1608,#1810,#1855,.T.);
#1499=EDGE_CURVE('',#1856,#1857,#1858,.T.);
#1500=EDGE_CURVE('',#1857,#1856,#1859,.T.);
#1501=EDGE_CURVE('',#1856,#1860,#1861,.T.);
#1502=EDGE_CURVE('',#1862,#1860,#1863,.T.);
#1503=EDGE_CURVE('',#1857,#1862,#1864,.T.);
#1504=EDGE_CURVE('',#1862,#1860,#1865,.T.);
#1505=EDGE_CURVE('',#1866,#1867,#1868,.T.);
#1506=EDGE_CURVE('',#1866,#1867,#1869,.T.);
#1507=EDGE_CURVE('',#1867,#1870,#1871,.T.);
#1508=EDGE_CURVE('',#1872,#1870,#1873,.T.);
#1509=EDGE_CURVE('',#1866,#1872,#1874,.T.);
#1510=EDGE_CURVE('',#1872,#1870,#1875,.T.);
#1511=EDGE_CURVE('',#1876,#1877,#1878,.T.);
#1512=EDGE_CURVE('',#1877,#1876,#1879,.T.);
#1513=EDGE_CURVE('',#1880,#1876,#1881,.T.);
#1514=EDGE_CURVE('',#1882,#1880,#1883,.T.);
#1515=EDGE_CURVE('',#1882,#1877,#1884,.T.);
#1516=EDGE_CURVE('',#1882,#1880,#1885,.T.);
#1517=EDGE_CURVE('',#1850,#1802,#1886,.T.);
#1518=EDGE_CURVE('',#1848,#1798,#1887,.T.);
#1519=EDGE_CURVE('',#1797,#1831,#1888,.T.);
#1520=EDGE_CURVE('',#1804,#1829,#1889,.T.);
#1521=EDGE_CURVE('',#1588,#1718,#1890,.T.);
#1522=EDGE_CURVE('',#1764,#1643,#1891,.T.);
#1523=EDGE_CURVE('',#1764,#1892,#1893,.T.);
#1524=EDGE_CURVE('',#1641,#1892,#1894,.T.);
#1525=EDGE_CURVE('',#1723,#1895,#1896,.T.);
#1526=EDGE_CURVE('',#1720,#1895,#1897,.T.);
#1527=EDGE_CURVE('',#1892,#1639,#1898,.T.);
#1528=EDGE_CURVE('',#1895,#1588,#1899,.T.);
#1529=EDGE_CURVE('',#1723,#1727,#1900,.T.);
#1530=EDGE_CURVE('',#1639,#1635,#1901,.T.);
#1531=EDGE_CURVE('',#1844,#1792,#1902,.T.);
#1532=EDGE_CURVE('',#1842,#1788,#1903,.T.);
#1533=EDGE_CURVE('',#1787,#1826,#1904,.T.);
#1534=EDGE_CURVE('',#1794,#1824,#1905,.T.);
#1535=EDGE_CURVE('',#1906,#1907,#1908,.T.);
#1536=EDGE_CURVE('',#1906,#1907,#1909,.T.);
#1537=EDGE_CURVE('',#1910,#1907,#1911,.T.);
#1538=EDGE_CURVE('',#1912,#1910,#1913,.T.);
#1539=EDGE_CURVE('',#1912,#1906,#1914,.T.);
#1540=EDGE_CURVE('',#1912,#1910,#1915,.T.);
#1541=EDGE_CURVE('',#1916,#1917,#1918,.T.);
#1542=EDGE_CURVE('',#1917,#1910,#1919,.T.);
#1543=EDGE_CURVE('',#1916,#1912,#1920,.T.);
#1544=EDGE_CURVE('',#1916,#1917,#1921,.T.);
#1545=EDGE_CURVE('',#1922,#1923,#1924,.T.);
#1546=EDGE_CURVE('',#1922,#1923,#1925,.T.);
#1547=EDGE_CURVE('',#1926,#1923,#1927,.T.);
#1548=EDGE_CURVE('',#1928,#1926,#1929,.T.);
#1549=EDGE_CURVE('',#1928,#1922,#1930,.T.);
#1550=EDGE_CURVE('',#1928,#1926,#1931,.T.);
#1551=EDGE_CURVE('',#1932,#1933,#1934,.T.);
#1552=EDGE_CURVE('',#1932,#1933,#1935,.T.);
#1553=EDGE_CURVE('',#1936,#1933,#1937,.T.);
#1554=EDGE_CURVE('',#1938,#1936,#1939,.T.);
#1555=EDGE_CURVE('',#1938,#1932,#1940,.T.);
#1556=EDGE_CURVE('',#1938,#1936,#1941,.T.);
#1557=EDGE_CURVE('',#1942,#1943,#1944,.T.);
#1558=EDGE_CURVE('',#1942,#1943,#1945,.T.);
#1559=EDGE_CURVE('',#1946,#1943,#1947,.T.);
#1560=EDGE_CURVE('',#1948,#1946,#1949,.T.);
#1561=EDGE_CURVE('',#1948,#1942,#1950,.T.);
#1562=EDGE_CURVE('',#1948,#1946,#1951,.T.);
#1563=EDGE_CURVE('',#1952,#1953,#1954,.T.);
#1564=EDGE_CURVE('',#1953,#1952,#1955,.T.);
#1565=EDGE_CURVE('',#1956,#1957,#1958,.T.);
#1566=EDGE_CURVE('',#1957,#1956,#1959,.T.);
#1567=EDGE_CURVE('',#1952,#1960,#1961,.T.);
#1568=EDGE_CURVE('',#1962,#1960,#1963,.T.);
#1569=EDGE_CURVE('',#1953,#1962,#1964,.T.);
#1570=EDGE_CURVE('',#1960,#1962,#1965,.T.);
#1571=EDGE_CURVE('',#1966,#1967,#1968,.T.);
#1572=EDGE_CURVE('',#1967,#1966,#1969,.T.);
#1573=EDGE_CURVE('',#1957,#1966,#1970,.T.);
#1574=EDGE_CURVE('',#1956,#1967,#1971,.T.);
#1575=EDGE_CURVE('',#1972,#1691,#1973,.T.);
#1576=EDGE_CURVE('',#1974,#1972,#1975,.T.);
#1577=EDGE_CURVE('',#1974,#1692,#1976,.T.);
#1578=EDGE_CURVE('',#1974,#1972,#1977,.T.);
#1579=EDGE_CURVE('',#1685,#1978,#1979,.T.);
#1580=EDGE_CURVE('',#1978,#1980,#1981,.T.);
#1581=EDGE_CURVE('',#1686,#1980,#1982,.T.);
#1582=EDGE_CURVE('',#1978,#1980,#1983,.T.);
#1583=VERTEX_POINT('',#1984);
#1584=VERTEX_POINT('',#1985);
#1585=LINE('',#1986,#1987);
#1586=VERTEX_POINT('',#1988);
#1587=B_SPLINE_CURVE_WITH_KNOTS('',3,(#1989,#1990,#1991,#1992,#1993,#1994,#1995,#1996,#1997,#1998,#1999,#2000,#2001,#2002,#2003,#2004,#2005,#2006),.UNSPECIFIED.,.F.,.F.,(4,1,1,1,1,1,1,1,1,1,1,1,1,1,1,4),(0.0,0.06666666666667,0.1333333333333,0.2,0.2666666666667,0.3333333333333,0.4,0.4666666666667,0.5333333333333,0.6,0.6666666666667,0.7333333333333,0.8,0.8666666666667,0.9333333333333,1.0),.UNSPECIFIED.);
#1588=VERTEX_POINT('',#2007);
#1589=CIRCLE('',#2008,5.2578);
#1590=VERTEX_POINT('',#2009);
#1591=LINE('',#2010,#2011);
#1592=VERTEX_POINT('',#2012);
#1593=CIRCLE('',#2013,5.2578);
#1594=VERTEX_POINT('',#2014);
#1595=LINE('',#2015,#2016);
#1596=VERTEX_POINT('',#2017);
#1597=CIRCLE('',#2018,5.2578);
#1598=VERTEX_POINT('',#2019);
#1599=LINE('',#2020,#2021);
#1600=VERTEX_POINT('',#2022);
#1601=CIRCLE('',#2023,5.2578);
#1602=VERTEX_POINT('',#2024);
#1603=LINE('',#2025,#2026);
#1604=VERTEX_POINT('',#2027);
#1605=CIRCLE('',#2028,5.2578);
#1606=VERTEX_POINT('',#2029);
#1607=LINE('',#2030,#2031);
#1608=VERTEX_POINT('',#2032);
#1609=CIRCLE('',#2033,5.2578);
#1610=VERTEX_POINT('',#2034);
#1611=LINE('',#2035,#2036);
#1612=VERTEX_POINT('',#2037);
#1613=CIRCLE('',#2038,5.2578);
#1614=VERTEX_POINT('',#2039);
#1615=LINE('',#2040,#2041);
#1616=VERTEX_POINT('',#2042);
#1617=CIRCLE('',#2043,5.2578);
#1618=VERTEX_POINT('',#2044);
#1619=LINE('',#2045,#2046);
#1620=VERTEX_POINT('',#2047);
#1621=CIRCLE('',#2048,5.2578);
#1622=VERTEX_POINT('',#2049);
#1623=LINE('',#2050,#2051);
#1624=CIRCLE('',#2052,5.2578);
#1625=VERTEX_POINT('',#2053);
#1626=VERTEX_POINT('',#2054);
#1627=LINE('',#2055,#2056);
#1628=VERTEX_POINT('',#2057);
#1629=LINE('',#2058,#2059);
#1630=VERTEX_POINT('',#2060);
#1631=CIRCLE('',#2061,4.826);
#1632=LINE('',#2062,#2063);
#1633=VERTEX_POINT('',#2064);
#1634=B_SPLINE_CURVE_WITH_KNOTS('',3,(#2065,#2066,#2067,#2068,#2069,#2070,#2071,#2072,#2073,#2074,#2075,#2076,#2077,#2078,#2079,#2080,#2081,#2082),.UNSPECIFIED.,.F.,.F.,(4,1,1,1,1,1,1,1,1,1,1,1,1,1,1,4),(0.0,0.06666666666667,0.1333333333333,0.2,0.2666666666667,0.3333333333333,0.4,0.4666666666667,0.5333333333333,0.6,0.6666666666667,0.7333333333333,0.8,0.8666666666667,0.9333333333333,1.0),.UNSPECIFIED.);
#1635=VERTEX_POINT('',#2083);
#1636=B_SPLINE_CURVE_WITH_KNOTS('',3,(#2084,#2085,#2086,#2087,#2088,#2089,#2090,#2091,#2092,#2093),.UNSPECIFIED.,.F.,.F.,(4,1,1,1,1,1,1,4),(0.0,0.1428571428571,0.2857142857143,0.4285714285714,0.5714285714286,0.7142857142857,0.8571428571429,1.0),.UNSPECIFIED.);
#1637=VERTEX_POINT('',#2094);
#1638=B_SPLINE_CURVE_WITH_KNOTS('',3,(#2095,#2096,#2097,#2098,#2099,#2100),.UNSPECIFIED.,.F.,.F.,(4,1,1,4),(0.0,0.3333333333333,0.6666666666667,1.0),.UNSPECIFIED.);
#1639=VERTEX_POINT('',#2101);
#1640=B_SPLINE_CURVE_WITH_KNOTS('',3,(#2102,#2103,#2104,#2105,#2106,#2107),.UNSPECIFIED.,.F.,.F.,(4,1,1,4),(0.0,0.3333333333333,0.6666666666667,1.0),.UNSPECIFIED.);
#1641=VERTEX_POINT('',#2108);
#1642=B_SPLINE_CURVE_WITH_KNOTS('',3,(#2109,#2110,#2111,#2112,#2113,#2114,#2115,#2116,#2117,#2118,#2119),.UNSPECIFIED.,.F.,.F.,(4,1,1,1,1,1,1,1,4),(0.0,0.125,0.25,0.375,0.5,0.625,0.75,0.875,1.0),.UNSPECIFIED.);
#1643=VERTEX_POINT('',#2120);
#1644=LINE('',#2121,#2122);
#1645=CIRCLE('',#2123,4.826);
#1646=VERTEX_POINT('',#2124);
#1647=VERTEX_POINT('',#2125);
#1648=LINE('',#2126,#2127);
#1649=VERTEX_POINT('',#2128);
#1650=CIRCLE('',#2129,7.366);
#1651=VERTEX_POINT('',#2130);
#1652=LINE('',#2131,#2132);
#1653=CIRCLE('',#2133,7.366);
#1654=VERTEX_POINT('',#2134);
#1655=VERTEX_POINT('',#2135);
#1656=LINE('',#2136,#2137);
#1657=VERTEX_POINT('',#2138);
#1658=CIRCLE('',#2139,7.366);
#1659=VERTEX_POINT('',#2140);
#1660=LINE('',#2141,#2142);
#1661=CIRCLE('',#2143,7.366);
#1662=VERTEX_POINT('',#2144);
#1663=VERTEX_POINT('',#2145);
#1664=LINE('',#2146,#2147);
#1665=VERTEX_POINT('',#2148);
#1666=CIRCLE('',#2149,6.1468);
#1667=VERTEX_POINT('',#2150);
#1668=LINE('',#2151,#2152);
#1669=CIRCLE('',#2153,6.1468);
#1670=VERTEX_POINT('',#2154);
#1671=VERTEX_POINT('',#2155);
#1672=LINE('',#2156,#2157);
#1673=VERTEX_POINT('',#2158);
#1674=CIRCLE('',#2159,6.1468);
#1675=CIRCLE('',#2160,6.1468);
#1676=CIRCLE('',#2161,6.1468);
#1677=VERTEX_POINT('',#2162);
#1678=VERTEX_POINT('',#2163);
#1679=CIRCLE('',#2164,4.826);
#1680=VERTEX_POINT('',#2165);
#1681=LINE('',#2166,#2167);
#1682=VERTEX_POINT('',#2168);
#1683=CIRCLE('',#2169,4.826);
#1684=LINE('',#2170,#2171);
#1685=VERTEX_POINT('',#2172);
#1686=VERTEX_POINT('',#2173);
#1687=B_SPLINE_CURVE_WITH_KNOTS('',3,(#2174,#2175,#2176,#2177,#2178,#2179,#2180,#2181,#2182,#2183,#2184,#2185,#2186,#2187,#2188,#2189,#2190,#2191),.UNSPECIFIED.,.F.,.F.,(4,1,1,1,1,1,1,1,1,1,1,1,1,1,1,4),(0.0,0.06666666666667,0.1333333333333,0.2,0.2666666666667,0.3333333333333,0.4,0.4666666666667,0.5333333333333,0.6,0.6666666666667,0.7333333333333,0.8,0.8666666666667,0.9333333333333,1.0),.UNSPECIFIED.);
#1688=B_SPLINE_CURVE_WITH_KNOTS('',3,(#2192,#2193,#2194,#2195,#2196,#2197,#2198,#2199,#2200,#2201,#2202,#2203,#2204,#2205,#2206,#2207,#2208,#2209),.UNSPECIFIED.,.F.,.F.,(4,1,1,1,1,1,1,1,1,1,1,1,1,1,1,4),(0.0,0.06666666666667,0.1333333333333,0.2,0.2666666666667,0.3333333333333,0.4,0.4666666666667,0.5333333333333,0.6,0.6666666666667,0.7333333333333,0.8,0.8666666666667,0.9333333333333,1.0),.UNSPECIFIED.);
#1689=CIRCLE('',#2210,4.826);
#1690=CIRCLE('',#2211,4.826);
#1691=VERTEX_POINT('',#2212);
#1692=VERTEX_POINT('',#2213);
#1693=B_SPLINE_CURVE_WITH_KNOTS('',3,(#2214,#2215,#2216,#2217,#2218,#2219,#2220,#2221,#2222,#2223,#2224,#2225,#2226,#2227,#2228,#2229,#2230,#2231),.UNSPECIFIED.,.F.,.F.,(4,1,1,1,1,1,1,1,1,1,1,1,1,1,1,4),(0.0,0.06666666666667,0.1333333333333,0.2,0.2666666666667,0.3333333333333,0.4,0.4666666666667,0.5333333333333,0.6,0.6666666666667,0.7333333333333,0.8,0.8666666666667,0.9333333333333,1.0),.UNSPECIFIED.);
#1694=B_SPLINE_CURVE_WITH_KNOTS('',3,(#2232,#2233,#2234,#2235,#2236,#2237,#2238,#2239,#2240,#2241,#2242,#2243,#2244,#2245,#2246,#2247,#2248,#2249),.UNSPECIFIED.,.F.,.F.,(4,1,1,1,1,1,1,1,1,1,1,1,1,1,1,4),(0.0,0.06666666666667,0.1333333333333,0.2,0.2666666666667,0.3333333333333,0.4,0.4666666666667,0.5333333333333,0.6,0.6666666666667,0.7333333333333,0.8,0.8666666666667,0.9333333333333,1.0),.UNSPECIFIED.);
#1695=VERTEX_POINT('',#2250);
#1696=CIRCLE('',#2251,6.1468);
#1697=LINE('',#2252,#2253);
#1698=VERTEX_POINT('',#2254);
#1699=LINE('',#2255,#2256);
#1700=VERTEX_POINT('',#2257);
#1701=LINE('',#2258,#2259);
#1702=VERTEX_POINT('',#2260);
#1703=LINE('',#2261,#2262);
#1704=VERTEX_POINT('',#2263);
#1705=LINE('',#2264,#2265);
#1706=VERTEX_POINT('',#2266);
#1707=LINE('',#2267,#2268);
#1708=LINE('',#2269,#2270);
#1709=CIRCLE('',#2271,6.1468);
#1710=CIRCLE('',#2272,7.366);
#1711=LINE('',#2273,#2274);
#1712=LINE('',#2275,#2276);
#1713=CIRCLE('',#2277,7.366);
#1714=LINE('',#2278,#2279);
#1715=CIRCLE('',#2280,7.366);
#1716=CIRCLE('',#2281,7.366);
#1717=CIRCLE('',#2282,4.826);
#1718=VERTEX_POINT('',#2283);
#1719=CIRCLE('',#2284,4.826);
#1720=VERTEX_POINT('',#2285);
#1721=LINE('',#2286,#2287);
#1722=B_SPLINE_CURVE_WITH_KNOTS('',3,(#2288,#2289,#2290,#2291,#2292,#2293),.UNSPECIFIED.,.F.,.F.,(4,1,1,4),(0.0,0.3333333333333,0.6666666666667,1.0),.UNSPECIFIED.);
#1723=VERTEX_POINT('',#2294);
#1724=B_SPLINE_CURVE_WITH_KNOTS('',3,(#2295,#2296,#2297,#2298,#2299,#2300,#2301,#2302,#2303,#2304,#2305),.UNSPECIFIED.,.F.,.F.,(4,1,1,1,1,1,1,1,4),(0.0,0.125,0.25,0.375,0.5,0.625,0.75,0.875,1.0),.UNSPECIFIED.);
#1725=VERTEX_POINT('',#2306);
#1726=B_SPLINE_CURVE_WITH_KNOTS('',3,(#2307,#2308,#2309,#2310,#2311,#2312),.UNSPECIFIED.,.F.,.F.,(4,1,1,4),(0.0,0.3333333333333,0.6666666666667,1.0),.UNSPECIFIED.);
#1727=VERTEX_POINT('',#2313);
#1728=B_SPLINE_CURVE_WITH_KNOTS('',3,(#2314,#2315,#2316,#2317,#2318,#2319),.UNSPECIFIED.,.F.,.F.,(4,1,1,4),(0.0,0.3333333333333,0.6666666666667,1.0),.UNSPECIFIED.);
#1729=B_SPLINE_CURVE_WITH_KNOTS('',3,(#2320,#2321,#2322,#2323,#2324,#2325,#2326,#2327,#2328,#2329),.UNSPECIFIED.,.F.,.F.,(4,1,1,1,1,1,1,4),(0.0,0.1428571428571,0.2857142857143,0.4285714285714,0.5714285714286,0.7142857142857,0.8571428571429,1.0),.UNSPECIFIED.);
#1730=VERTEX_POINT('',#2330);
#1731=CIRCLE('',#2331,5.2578);
#1732=VERTEX_POINT('',#2332);
#1733=LINE('',#2333,#2334);
#1734=VERTEX_POINT('',#2335);
#1735=CIRCLE('',#2336,5.2578);
#1736=VERTEX_POINT('',#2337);
#1737=LINE('',#2338,#2339);
#1738=VERTEX_POINT('',#2340);
#1739=CIRCLE('',#2341,5.2578);
#1740=VERTEX_POINT('',#2342);
#1741=LINE('',#2343,#2344);
#1742=VERTEX_POINT('',#2345);
#1743=CIRCLE('',#2346,5.2578);
#1744=VERTEX_POINT('',#2347);
#1745=LINE('',#2348,#2349);
#1746=VERTEX_POINT('',#2350);
#1747=CIRCLE('',#2351,5.2578);
#1748=VERTEX_POINT('',#2352);
#1749=LINE('',#2353,#2354);
#1750=VERTEX_POINT('',#2355);
#1751=CIRCLE('',#2356,5.2578);
#1752=VERTEX_POINT('',#2357);
#1753=LINE('',#2358,#2359);
#1754=VERTEX_POINT('',#2360);
#1755=CIRCLE('',#2361,5.2578);
#1756=VERTEX_POINT('',#2362);
#1757=LINE('',#2363,#2364);
#1758=VERTEX_POINT('',#2365);
#1759=CIRCLE('',#2366,5.2578);
#1760=VERTEX_POINT('',#2367);
#1761=LINE('',#2368,#2369);
#1762=VERTEX_POINT('',#2370);
#1763=CIRCLE('',#2371,5.2578);
#1764=VERTEX_POINT('',#2372);
#1765=LINE('',#2373,#2374);
#1766=CIRCLE('',#2375,5.2578);
#1767=VERTEX_POINT('',#2376);
#1768=VERTEX_POINT('',#2377);
#1769=CIRCLE('',#2378,4.1275);
#1770=LINE('',#2379,#2380);
#1771=LINE('',#2381,#2382);
#1772=VERTEX_POINT('',#2383);
#1773=LINE('',#2384,#2385);
#1774=VERTEX_POINT('',#2386);
#1775=CIRCLE('',#2387,4.1275);
#1776=LINE('',#2388,#2389);
#1777=VERTEX_POINT('',#2390);
#1778=VERTEX_POINT('',#2391);
#1779=CIRCLE('',#2392,4.1275);
#1780=LINE('',#2393,#2394);
#1781=LINE('',#2395,#2396);
#1782=VERTEX_POINT('',#2397);
#1783=LINE('',#2398,#2399);
#1784=VERTEX_POINT('',#2400);
#1785=CIRCLE('',#2401,4.1275);
#1786=LINE('',#2402,#2403);
#1787=VERTEX_POINT('',#2404);
#1788=VERTEX_POINT('',#2405);
#1789=CIRCLE('',#2406,4.1275);
#1790=LINE('',#2407,#2408);
#1791=LINE('',#2409,#2410);
#1792=VERTEX_POINT('',#2411);
#1793=LINE('',#2412,#2413);
#1794=VERTEX_POINT('',#2414);
#1795=CIRCLE('',#2415,4.1275);
#1796=LINE('',#2416,#2417);
#1797=VERTEX_POINT('',#2418);
#1798=VERTEX_POINT('',#2419);
#1799=CIRCLE('',#2420,4.1275);
#1800=LINE('',#2421,#2422);
#1801=LINE('',#2423,#2424);
#1802=VERTEX_POINT('',#2425);
#1803=LINE('',#2426,#2427);
#1804=VERTEX_POINT('',#2428);
#1805=CIRCLE('',#2429,4.1275);
#1806=LINE('',#2430,#2431);
#1807=VERTEX_POINT('',#2432);
#1808=LINE('',#2433,#2434);
#1809=LINE('',#2435,#2436);
#1810=VERTEX_POINT('',#2437);
#1811=LINE('',#2438,#2439);
#1812=VERTEX_POINT('',#2440);
#1813=CIRCLE('',#2441,4.1275);
#1814=LINE('',#2442,#2443);
#1815=VERTEX_POINT('',#2444);
#1816=CIRCLE('',#2445,4.1275);
#1817=LINE('',#2446,#2447);
#1818=LINE('',#2448,#2449);
#1819=VERTEX_POINT('',#2450);
#1820=LINE('',#2451,#2452);
#1821=VERTEX_POINT('',#2453);
#1822=CIRCLE('',#2454,4.1275);
#1823=LINE('',#2455,#2456);
#1824=VERTEX_POINT('',#2457);
#1825=LINE('',#2458,#2459);
#1826=VERTEX_POINT('',#2460);
#1827=CIRCLE('',#2461,4.1275);
#1828=LINE('',#2462,#2463);
#1829=VERTEX_POINT('',#2464);
#1830=LINE('',#2465,#2466);
#1831=VERTEX_POINT('',#2467);
#1832=CIRCLE('',#2468,4.1275);
#1833=LINE('',#2469,#2470);
#1834=LINE('',#2471,#2472);
#1835=VERTEX_POINT('',#2473);
#1836=LINE('',#2474,#2475);
#1837=VERTEX_POINT('',#2476);
#1838=CIRCLE('',#2477,4.1275);
#1839=LINE('',#2478,#2479);
#1840=LINE('',#2480,#2481);
#1841=LINE('',#2482,#2483);
#1842=VERTEX_POINT('',#2484);
#1843=LINE('',#2485,#2486);
#1844=VERTEX_POINT('',#2487);
#1845=CIRCLE('',#2488,4.1275);
#1846=LINE('',#2489,#2490);
#1847=LINE('',#2491,#2492);
#1848=VERTEX_POINT('',#2493);
#1849=LINE('',#2494,#2495);
#1850=VERTEX_POINT('',#2496);
#1851=CIRCLE('',#2497,4.1275);
#1852=LINE('',#2498,#2499);
#1853=LINE('',#2500,#2501);
#1854=LINE('',#2502,#2503);
#1855=LINE('',#2504,#2505);
#1856=VERTEX_POINT('',#2506);
#1857=VERTEX_POINT('',#2507);
#1858=CIRCLE('',#2508,3.683);
#1859=CIRCLE('',#2509,3.683);
#1860=VERTEX_POINT('',#2510);
#1861=LINE('',#2511,#2512);
#1862=VERTEX_POINT('',#2513);
#1863=CIRCLE('',#2514,3.556);
#1864=LINE('',#2515,#2516);
#1865=CIRCLE('',#2517,3.556);
#1866=VERTEX_POINT('',#2518);
#1867=VERTEX_POINT('',#2519);
#1868=CIRCLE('',#2520,1.0922);
#1869=CIRCLE('',#2521,1.0922);
#1870=VERTEX_POINT('',#2522);
#1871=LINE('',#2523,#2524);
#1872=VERTEX_POINT('',#2525);
#1873=CIRCLE('',#2526,1.0922);
#1874=LINE('',#2527,#2528);
#1875=CIRCLE('',#2529,1.0922);
#1876=VERTEX_POINT('',#2530);
#1877=VERTEX_POINT('',#2531);
#1878=CIRCLE('',#2532,0.4826);
#1879=CIRCLE('',#2533,0.4826);
#1880=VERTEX_POINT('',#2534);
#1881=LINE('',#2535,#2536);
#1882=VERTEX_POINT('',#2537);
#1883=CIRCLE('',#2538,0.4826);
#1884=LINE('',#2539,#2540);
#1885=CIRCLE('',#2541,0.4826);
#1886=LINE('',#2542,#2543);
#1887=LINE('',#2544,#2545);
#1888=LINE('',#2546,#2547);
#1889=LINE('',#2548,#2549);
#1890=LINE('',#2550,#2551);
#1891=LINE('',#2552,#2553);
#1892=VERTEX_POINT('',#2554);
#1893=B_SPLINE_CURVE_WITH_KNOTS('',3,(#2555,#2556,#2557,#2558,#2559,#2560),.UNSPECIFIED.,.F.,.F.,(4,1,1,4),(0.0,0.3333333333333,0.6666666666667,1.0),.UNSPECIFIED.);
#1894=LINE('',#2561,#2562);
#1895=VERTEX_POINT('',#2563);
#1896=CIRCLE('',#2564,4.826);
#1897=LINE('',#2565,#2566);
#1898=CIRCLE('',#2567,4.826);
#1899=B_SPLINE_CURVE_WITH_KNOTS('',3,(#2568,#2569,#2570,#2571,#2572,#2573),.UNSPECIFIED.,.F.,.F.,(4,1,1,4),(0.0,0.3333333333333,0.6666666666667,1.0),.UNSPECIFIED.);
#1900=CIRCLE('',#2574,4.826);
#1901=CIRCLE('',#2575,4.826);
#1902=LINE('',#2576,#2577);
#1903=LINE('',#2578,#2579);
#1904=LINE('',#2580,#2581);
#1905=LINE('',#2582,#2583);
#1906=VERTEX_POINT('',#2584);
#1907=VERTEX_POINT('',#2585);
#1908=CIRCLE('',#2586,4.4577);
#1909=CIRCLE('',#2587,4.4577);
#1910=VERTEX_POINT('',#2588);
#1911=LINE('',#2589,#2590);
#1912=VERTEX_POINT('',#2591);
#1913=CIRCLE('',#2592,4.064);
#1914=LINE('',#2593,#2594);
#1915=CIRCLE('',#2595,4.064);
#1916=VERTEX_POINT('',#2596);
#1917=VERTEX_POINT('',#2597);
#1918=CIRCLE('',#2598,4.064);
#1919=LINE('',#2599,#2600);
#1920=LINE('',#2601,#2602);
#1921=CIRCLE('',#2603,4.064);
#1922=VERTEX_POINT('',#2604);
#1923=VERTEX_POINT('',#2605);
#1924=CIRCLE('',#2606,3.556);
#1925=CIRCLE('',#2607,3.556);
#1926=VERTEX_POINT('',#2608);
#1927=LINE('',#2609,#2610);
#1928=VERTEX_POINT('',#2611);
#1929=CIRCLE('',#2612,3.556);
#1930=LINE('',#2613,#2614);
#1931=CIRCLE('',#2615,3.556);
#1932=VERTEX_POINT('',#2616);
#1933=VERTEX_POINT('',#2617);
#1934=CIRCLE('',#2618,2.3368);
#1935=CIRCLE('',#2619,2.3368);
#1936=VERTEX_POINT('',#2620);
#1937=LINE('',#2621,#2622);
#1938=VERTEX_POINT('',#2623);
#1939=CIRCLE('',#2624,2.3368);
#1940=LINE('',#2625,#2626);
#1941=CIRCLE('',#2627,2.3368);
#1942=VERTEX_POINT('',#2628);
#1943=VERTEX_POINT('',#2629);
#1944=CIRCLE('',#2630,1.1049);
#1945=CIRCLE('',#2631,1.1049);
#1946=VERTEX_POINT('',#2632);
#1947=LINE('',#2633,#2634);
#1948=VERTEX_POINT('',#2635);
#1949=CIRCLE('',#2636,1.1049);
#1950=LINE('',#2637,#2638);
#1951=CIRCLE('',#2639,1.1049);
#1952=VERTEX_POINT('',#2640);
#1953=VERTEX_POINT('',#2641);
#1954=CIRCLE('',#2642,0.7874);
#1955=CIRCLE('',#2643,0.7874);
#1956=VERTEX_POINT('',#2644);
#1957=VERTEX_POINT('',#2645);
#1958=CIRCLE('',#2646,0.508);
#1959=CIRCLE('',#2647,0.508);
#1960=VERTEX_POINT('',#2648);
#1961=LINE('',#2649,#2650);
#1962=VERTEX_POINT('',#2651);
#1963=CIRCLE('',#2652,0.7874);
#1964=LINE('',#2653,#2654);
#1965=CIRCLE('',#2655,0.7874);
#1966=VERTEX_POINT('',#2656);
#1967=VERTEX_POINT('',#2657);
#1968=CIRCLE('',#2658,0.508);
#1969=CIRCLE('',#2659,0.508);
#1970=LINE('',#2660,#2661);
#1971=LINE('',#2662,#2663);
#1972=VERTEX_POINT('',#2664);
#1973=LINE('',#2665,#2666);
#1974=VERTEX_POINT('',#2667);
#1975=CIRCLE('',#2668,0.9906);
#1976=LINE('',#2669,#2670);
#1977=CIRCLE('',#2671,0.9906);
#1978=VERTEX_POINT('',#2672);
#1979=LINE('',#2673,#2674);
#1980=VERTEX_POINT('',#2675);
#1981=CIRCLE('',#2676,0.9906);
#1982=LINE('',#2677,#2678);
#1983=CIRCLE('',#2679,0.9906);
#1984=CARTESIAN_POINT('',(0.0,-4.826,-17.3736));
#1985=CARTESIAN_POINT('',(-6.4387352871273E-16,-5.3848,-17.3736));
#1986=CARTESIAN_POINT('',(-6.4387352871273E-16,-4.7366,-17.3736));
#1987=VECTOR('',#2680,1.0);
#1988=CARTESIAN_POINT('',(-4.826,0.0,-20.54473164111));
#1989=CARTESIAN_POINT('',(0.0,-4.826,-17.3736));
#1990=CARTESIAN_POINT('',(-0.2036087889777,-4.826,-17.3736));
#1991=CARTESIAN_POINT('',(-0.6200983429134,-4.800581244669,-17.39694821781));
#1992=CARTESIAN_POINT('',(-1.272117005246,-4.671391064806,-17.51530294276));
#1993=CARTESIAN_POINT('',(-1.904729969408,-4.451063643429,-17.71589191778));
#1994=CARTESIAN_POINT('',(-2.510078814015,-4.141350752245,-17.99498959529));
#1995=CARTESIAN_POINT('',(-3.072599641539,-3.740760143992,-18.34960586145));
#1996=CARTESIAN_POINT('',(-3.509994462053,-3.327205960324,-18.70593849162));
#1997=CARTESIAN_POINT('',(-3.836790578118,-2.93976101541,-19.02850656078));
#1998=CARTESIAN_POINT('',(-4.085851689792,-2.579204928483,-19.31620783144));
#1999=CARTESIAN_POINT('',(-4.280232373082,-2.239783824452,-19.57301481345));
#2000=CARTESIAN_POINT('',(-4.436302783256,-1.910904389843,-19.8053448892));
#2001=CARTESIAN_POINT('',(-4.564947664203,-1.579627596769,-20.01897432933));
#2002=CARTESIAN_POINT('',(-4.673801626274,-1.222504607918,-20.21991984992));
#2003=CARTESIAN_POINT('',(-4.758386373129,-0.8386589646711,-20.3927818952));
#2004=CARTESIAN_POINT('',(-4.813539828225,-0.423753828973,-20.5155278413));
#2005=CARTESIAN_POINT('',(-4.826,-0.1424797836239,-20.54473164111));
#2006=CARTESIAN_POINT('',(-4.826,0.0,-20.54473164111));
#2007=CARTESIAN_POINT('',(-1.614449255938,0.0,-27.6352));
#2008=AXIS2_PLACEMENT_3D('',#2681,#2682,#2683);
#2009=CARTESIAN_POINT('',(-1.614449255938,-5.3848,-27.6352));
#2010=CARTESIAN_POINT('',(-1.614449255938,0.0,-27.6352));
#2011=VECTOR('',#2684,5.3848);
#2012=CARTESIAN_POINT('',(-2.421780653777,-5.3848,-27.29824468404));
#2013=AXIS2_PLACEMENT_3D('',#2685,#2686,#2687);
#2014=CARTESIAN_POINT('',(-2.421780653777,-6.1468,-27.29824468404));
#2015=CARTESIAN_POINT('',(-2.421780653777,-5.3848,-27.29824468404));
#2016=VECTOR('',#2688,0.762);
#2017=CARTESIAN_POINT('',(-3.241599327455,-6.1468,-26.77102493956));
#2018=AXIS2_PLACEMENT_3D('',#2689,#2690,#2691);
#2019=CARTESIAN_POINT('',(-3.241599327455,-9.4742,-26.77102493956));
#2020=CARTESIAN_POINT('',(-3.241599327455,-6.1468,-26.77102493956));
#2021=VECTOR('',#2692,3.3274);
#2022=CARTESIAN_POINT('',(-4.139624939562,-9.4742,-25.87299932746));
#2023=AXIS2_PLACEMENT_3D('',#2693,#2694,#2695);
#2024=CARTESIAN_POINT('',(-4.139624939562,-6.1468,-25.87299932746));
#2025=CARTESIAN_POINT('',(-4.139624939562,-6.1468,-25.87299932746));
#2026=VECTOR('',#2696,3.3274);
#2027=CARTESIAN_POINT('',(-4.666844684044,-6.1468,-25.05318065378));
#2028=AXIS2_PLACEMENT_3D('',#2697,#2698,#2699);
#2029=CARTESIAN_POINT('',(-4.666844684044,-5.3848,-25.05318065378));
#2030=CARTESIAN_POINT('',(-4.666844684044,-5.3848,-25.05318065378));
#2031=VECTOR('',#2700,0.762);
#2032=CARTESIAN_POINT('',(-4.666844684044,-5.3848,-20.20961934622));
#2033=AXIS2_PLACEMENT_3D('',#2701,#2702,#2703);
#2034=CARTESIAN_POINT('',(-4.666844684044,-6.1468,-20.20961934622));
#2035=CARTESIAN_POINT('',(-4.666844684044,-5.3848,-20.20961934622));
#2036=VECTOR('',#2704,0.762);
#2037=CARTESIAN_POINT('',(-4.139624939562,-6.1468,-19.38980067254));
#2038=AXIS2_PLACEMENT_3D('',#2705,#2706,#2707);
#2039=CARTESIAN_POINT('',(-4.139624939562,-9.4742,-19.38980067254));
#2040=CARTESIAN_POINT('',(-4.139624939562,-6.1468,-19.38980067254));
#2041=VECTOR('',#2708,3.3274);
#2042=CARTESIAN_POINT('',(-3.241599327455,-9.4742,-18.49177506044));
#2043=AXIS2_PLACEMENT_3D('',#2709,#2710,#2711);
#2044=CARTESIAN_POINT('',(-3.241599327455,-6.1468,-18.49177506044));
#2045=CARTESIAN_POINT('',(-3.241599327455,-6.1468,-18.49177506044));
#2046=VECTOR('',#2712,3.3274);
#2047=CARTESIAN_POINT('',(-2.421780653777,-6.1468,-17.96455531596));
#2048=AXIS2_PLACEMENT_3D('',#2713,#2714,#2715);
#2049=CARTESIAN_POINT('',(-2.421780653777,-5.3848,-17.96455531596));
#2050=CARTESIAN_POINT('',(-2.421780653777,-5.3848,-17.96455531596));
#2051=VECTOR('',#2716,0.762);
#2052=AXIS2_PLACEMENT_3D('',#2717,#2718,#2719);
#2053=CARTESIAN_POINT('',(0.0,4.826,-27.45739998038));
#2054=CARTESIAN_POINT('',(5.91053679724159E-16,4.826,-27.6352));
#2055=CARTESIAN_POINT('',(5.91053679724159E-16,4.826,-16.2052));
#2056=VECTOR('',#2720,1.0);
#2057=CARTESIAN_POINT('',(0.0,4.826,-16.2052));
#2058=CARTESIAN_POINT('',(0.0,4.826,-16.2052));
#2059=VECTOR('',#2721,11.25219998038);
#2060=CARTESIAN_POINT('',(0.0,-4.826,-16.2052));
#2061=AXIS2_PLACEMENT_3D('',#2722,#2723,#2724);
#2062=CARTESIAN_POINT('',(0.0,-4.826,-16.2052));
#2063=VECTOR('',#2725,1.1684);
#2064=CARTESIAN_POINT('',(4.826,0.0,-20.54473164111));
#2065=CARTESIAN_POINT('',(4.826,0.0,-20.54473164111));
#2066=CARTESIAN_POINT('',(4.826,-0.1425823508691,-20.54473164111));
#2067=CARTESIAN_POINT('',(4.813519220253,-0.4240229099539,-20.51548019866));
#2068=CARTESIAN_POINT('',(4.758335885262,-0.8389578564033,-20.39267177497));
#2069=CARTESIAN_POINT('',(4.673694015584,-1.222922606952,-20.21970951859));
#2070=CARTESIAN_POINT('',(4.564793208555,-1.580092215968,-20.01869781849));
#2071=CARTESIAN_POINT('',(4.435952020136,-1.911743677943,-19.80478374784));
#2072=CARTESIAN_POINT('',(4.279699029047,-2.240810913954,-19.57226113706));
#2073=CARTESIAN_POINT('',(4.085359296812,-2.579930979529,-19.31563046519));
#2074=CARTESIAN_POINT('',(3.837156030528,-2.939203113101,-19.0289455969));
#2075=CARTESIAN_POINT('',(3.511966986407,-3.324890014498,-18.70787746029));
#2076=CARTESIAN_POINT('',(3.078697416066,-3.73552834048,-18.35416727382));
#2077=CARTESIAN_POINT('',(2.518158376693,-4.136434499025,-17.99939001971));
#2078=CARTESIAN_POINT('',(1.913067759538,-4.447539302562,-17.71908829052));
#2079=CARTESIAN_POINT('',(1.279146448208,-4.669595020335,-17.5169461992));
#2080=CARTESIAN_POINT('',(0.6241514647968,-4.80021899503,-17.39728114514));
#2081=CARTESIAN_POINT('',(0.2050641112409,-4.826,-17.3736));
#2082=CARTESIAN_POINT('',(0.0,-4.826,-17.3736));
#2083=CARTESIAN_POINT('',(4.767695699182,0.7478995387082,-21.88350046129));
#2084=CARTESIAN_POINT('',(4.767695699182,0.7478995387082,-21.88350046129));
#2085=CARTESIAN_POINT('',(4.771641639122,0.7227450361214,-21.8149421111));
#2086=CARTESIAN_POINT('',(4.779884027244,0.6675854632564,-21.67999248126));
#2087=CARTESIAN_POINT('',(4.79216328571,0.5733645440658,-21.48256106195));
#2088=CARTESIAN_POINT('',(4.803397827633,0.4705988079212,-21.28995540078));
#2089=CARTESIAN_POINT('',(4.812941862648,0.3607398976569,-21.10048358577));
#2090=CARTESIAN_POINT('',(4.820243377062,0.2453095896013,-20.91372089357));
#2091=CARTESIAN_POINT('',(4.824897804295,0.1250529427898,-20.72863931486));
#2092=CARTESIAN_POINT('',(4.826,0.04208175857165,-20.60595031031));
#2093=CARTESIAN_POINT('',(4.826,0.0,-20.54473164111));
#2094=CARTESIAN_POINT('',(4.826,0.0,-22.6314));
#2095=CARTESIAN_POINT('',(4.826,0.0,-22.6314));
#2096=CARTESIAN_POINT('',(4.826,0.08388667005027,-22.54751332995));
#2097=CARTESIAN_POINT('',(4.821626332873,0.2512471288302,-22.38015287117));
#2098=CARTESIAN_POINT('',(4.802123682357,0.5006925719866,-22.13070742801));
#2099=CARTESIAN_POINT('',(4.780583319332,0.6657437838525,-21.96565621615));
#2100=CARTESIAN_POINT('',(4.767695699182,0.7478995387082,-21.88350046129));
#2101=CARTESIAN_POINT('',(4.767695699182,0.7478995387083,-23.37929953871));
#2102=CARTESIAN_POINT('',(4.767695699182,0.7478995387083,-23.37929953871));
#2103=CARTESIAN_POINT('',(4.780583319332,0.6657437838525,-23.29714378385));
#2104=CARTESIAN_POINT('',(4.802123682357,0.5006925719866,-23.13209257199));
#2105=CARTESIAN_POINT('',(4.821626332873,0.2512471288302,-22.88264712883));
#2106=CARTESIAN_POINT('',(4.826,0.08388667005027,-22.71528667005));
#2107=CARTESIAN_POINT('',(4.826,0.0,-22.6314));
#2108=CARTESIAN_POINT('',(1.614449255938,4.547947844908,-27.17934784491));
#2109=CARTESIAN_POINT('',(1.614449255938,4.547947844908,-27.17934784491));
#2110=CARTESIAN_POINT('',(1.782027920752,4.488460080328,-27.11986008033));
#2111=CARTESIAN_POINT('',(2.118686117571,4.347970861448,-26.97937086145));
#2112=CARTESIAN_POINT('',(2.614742583562,4.070153679288,-26.70155367929));
#2113=CARTESIAN_POINT('',(3.097877272235,3.717411596829,-26.34881159683));
#2114=CARTESIAN_POINT('',(3.556923357879,3.28312658115,-25.91452658115));
#2115=CARTESIAN_POINT('',(3.975614686471,2.764093319807,-25.39549331981));
#2116=CARTESIAN_POINT('',(4.334324248502,2.162302284304,-24.7937022843));
#2117=CARTESIAN_POINT('',(4.611757514014,1.484816132759,-24.11621613276));
#2118=CARTESIAN_POINT('',(4.728296819824,0.9990587625674,-23.63045876257));
#2119=CARTESIAN_POINT('',(4.767695699182,0.7478995387083,-23.37929953871));
#2120=CARTESIAN_POINT('',(1.614449255938,4.547947844908,-27.6352));
#2121=CARTESIAN_POINT('',(1.614449255938,4.547947844908,-27.17934784491));
#2122=VECTOR('',#2726,0.4558521550924);
#2123=AXIS2_PLACEMENT_3D('',#2727,#2728,#2729);
#2124=CARTESIAN_POINT('',(-7.366,-9.24138719685946E-16,-16.2052));
#2125=CARTESIAN_POINT('',(-7.366,-9.24138719685947E-16,-15.3162));
#2126=CARTESIAN_POINT('',(-7.366,-9.24138719685946E-16,-15.7607));
#2127=VECTOR('',#2730,1.0);
#2128=CARTESIAN_POINT('',(-4.058916821025,-6.1468,-16.2052));
#2129=AXIS2_PLACEMENT_3D('',#2731,#2732,#2733);
#2130=CARTESIAN_POINT('',(-4.058916821025,-6.1468,-15.3162));
#2131=CARTESIAN_POINT('',(-4.058916821025,-6.1468,-16.2052));
#2132=VECTOR('',#2734,0.889);
#2133=AXIS2_PLACEMENT_3D('',#2735,#2736,#2737);
#2134=CARTESIAN_POINT('',(7.366,8.68627568454689E-16,-15.3162));
#2135=CARTESIAN_POINT('',(7.366,8.68627568454689E-16,-16.2052));
#2136=CARTESIAN_POINT('',(7.366,8.68627568454689E-16,-15.7607));
#2137=VECTOR('',#2738,1.0);
#2138=CARTESIAN_POINT('',(4.058916821025,-6.1468,-15.3162));
#2139=AXIS2_PLACEMENT_3D('',#2739,#2740,#2741);
#2140=CARTESIAN_POINT('',(4.058916821025,-6.1468,-16.2052));
#2141=CARTESIAN_POINT('',(4.058916821025,-6.1468,-16.2052));
#2142=VECTOR('',#2742,0.889);
#2143=AXIS2_PLACEMENT_3D('',#2743,#2744,#2745);
#2144=CARTESIAN_POINT('',(6.1468,7.52741033567539E-16,-10.668));
#2145=CARTESIAN_POINT('',(6.1468,7.52741033567539E-16,-15.3162));
#2146=CARTESIAN_POINT('',(6.1468,7.52741033567539E-16,-12.9921));
#2147=VECTOR('',#2746,1.0);
#2148=CARTESIAN_POINT('',(2.720884231275,5.5118,-15.3162));
#2149=AXIS2_PLACEMENT_3D('',#2747,#2748,#2749);
#2150=CARTESIAN_POINT('',(2.720884231275,5.5118,-10.668));
#2151=CARTESIAN_POINT('',(2.720884231275,5.5118,-15.3162));
#2152=VECTOR('',#2750,4.6482);
#2153=AXIS2_PLACEMENT_3D('',#2751,#2752,#2753);
#2154=CARTESIAN_POINT('',(-6.1468,-7.52741033567539E-16,-15.3162));
#2155=CARTESIAN_POINT('',(-6.1468,-7.52741033567539E-16,-10.668));
#2156=CARTESIAN_POINT('',(-6.1468,-7.52741033567539E-16,-12.9921));
#2157=VECTOR('',#2754,1.0);
#2158=CARTESIAN_POINT('',(0.0,-6.1468,-15.3162));
#2159=AXIS2_PLACEMENT_3D('',#2755,#2756,#2757);
#2160=AXIS2_PLACEMENT_3D('',#2758,#2759,#2760);
#2161=AXIS2_PLACEMENT_3D('',#2761,#2762,#2763);
#2162=CARTESIAN_POINT('',(4.826,0.0,-10.668));
#2163=CARTESIAN_POINT('',(-4.826,0.0,-10.668));
#2164=AXIS2_PLACEMENT_3D('',#2764,#2765,#2766);
#2165=CARTESIAN_POINT('',(-4.826,0.0,0.0));
#2166=CARTESIAN_POINT('',(-4.826,0.0,0.0));
#2167=VECTOR('',#2767,10.668);
#2168=CARTESIAN_POINT('',(4.826,0.0,0.0));
#2169=AXIS2_PLACEMENT_3D('',#2768,#2769,#2770);
#2170=CARTESIAN_POINT('',(4.826,0.0,0.0));
#2171=VECTOR('',#2771,10.668);
#2172=CARTESIAN_POINT('',(0.0,4.826,-5.2324));
#2173=CARTESIAN_POINT('',(0.0,4.826,-3.2512));
#2174=CARTESIAN_POINT('',(0.0,4.826,-5.2324));
#2175=CARTESIAN_POINT('',(-0.06995765105365,4.826,-5.2324));
#2176=CARTESIAN_POINT('',(-0.2066556263419,4.823000792777,-5.217938311099));
#2177=CARTESIAN_POINT('',(-0.4059131257599,4.810184811914,-5.153473772945));
#2178=CARTESIAN_POINT('',(-0.5864788704873,4.791226197586,-5.049023830454));
#2179=CARTESIAN_POINT('',(-0.7406868957708,4.769514612412,-4.910463319872));
#2180=CARTESIAN_POINT('',(-0.8637484225706,4.748464892915,-4.741384142229));
#2181=CARTESIAN_POINT('',(-0.9484303234307,4.732029988374,-4.55213178755));
#2182=CARTESIAN_POINT('',(-0.9924494249699,4.722857924481,-4.346097274966));
#2183=CARTESIAN_POINT('',(-0.9925342327018,4.722840110461,-4.138194581945));
#2184=CARTESIAN_POINT('',(-0.9485916308928,4.731996739222,-3.931960067706));
#2185=CARTESIAN_POINT('',(-0.8640462319253,4.748411199487,-3.742706761463));
#2186=CARTESIAN_POINT('',(-0.7408632284657,4.769486593474,-3.573324307475));
#2187=CARTESIAN_POINT('',(-0.5868031216193,4.791187246044,-3.434806504636));
#2188=CARTESIAN_POINT('',(-0.4060126269071,4.810177490966,-3.330159864155));
#2189=CARTESIAN_POINT('',(-0.2068562395229,4.822991717107,-3.265707645981));
#2190=CARTESIAN_POINT('',(-0.07003380164715,4.826,-3.2512));
#2191=CARTESIAN_POINT('',(0.0,4.826,-3.2512));
#2192=CARTESIAN_POINT('',(0.0,4.826,-3.2512));
#2193=CARTESIAN_POINT('',(0.06995765105365,4.826,-3.2512));
#2194=CARTESIAN_POINT('',(0.2066556263419,4.823000792777,-3.265661688901));
#2195=CARTESIAN_POINT('',(0.4059131257599,4.810184811914,-3.330126227055));
#2196=CARTESIAN_POINT('',(0.5864788704873,4.791226197586,-3.434576169546));
#2197=CARTESIAN_POINT('',(0.7406868957708,4.769514612412,-3.573136680128));
#2198=CARTESIAN_POINT('',(0.8637484225706,4.748464892915,-3.742215857771));
#2199=CARTESIAN_POINT('',(0.9484303234307,4.732029988374,-3.93146821245));
#2200=CARTESIAN_POINT('',(0.9924494249699,4.722857924481,-4.137502725034));
#2201=CARTESIAN_POINT('',(0.9925342327018,4.722840110461,-4.345405418055));
#2202=CARTESIAN_POINT('',(0.9485916308928,4.731996739222,-4.551639932294));
#2203=CARTESIAN_POINT('',(0.8640462319253,4.748411199487,-4.740893238537));
#2204=CARTESIAN_POINT('',(0.7408632284657,4.769486593474,-4.910275692525));
#2205=CARTESIAN_POINT('',(0.5868031216193,4.791187246044,-5.048793495364));
#2206=CARTESIAN_POINT('',(0.4060126269071,4.810177490966,-5.153440135845));
#2207=CARTESIAN_POINT('',(0.2068562395229,4.822991717107,-5.217892354019));
#2208=CARTESIAN_POINT('',(0.07003380164715,4.826,-5.2324));
#2209=CARTESIAN_POINT('',(0.0,4.826,-5.2324));
#2210=AXIS2_PLACEMENT_3D('',#2772,#2773,#2774);
#2211=AXIS2_PLACEMENT_3D('',#2775,#2776,#2777);
#2212=CARTESIAN_POINT('',(0.0,-4.826,-3.2512));
#2213=CARTESIAN_POINT('',(0.0,-4.826,-5.2324));
#2214=CARTESIAN_POINT('',(0.0,-4.826,-3.2512));
#2215=CARTESIAN_POINT('',(-0.07002750097192,-4.826,-3.2512));
#2216=CARTESIAN_POINT('',(-0.2068378804852,-4.822992246843,-3.265705115983));
#2217=CARTESIAN_POINT('',(-0.4059762963533,-4.810180334415,-3.33014534442));
#2218=CARTESIAN_POINT('',(-0.5867538228183,-4.791193187017,-3.434772282939));
#2219=CARTESIAN_POINT('',(-0.7408110982379,-4.769494708217,-3.573268137819));
#2220=CARTESIAN_POINT('',(-0.8639987406298,-4.748419892588,-3.742627060102));
#2221=CARTESIAN_POINT('',(-0.9485536804306,-4.732004421236,-3.931850669864));
#2222=CARTESIAN_POINT('',(-0.9925178625398,-4.722843601643,-4.13805040819));
#2223=CARTESIAN_POINT('',(-0.9924659618821,-4.72285439808,-4.345955416093));
#2224=CARTESIAN_POINT('',(-0.9484662400896,-4.732022733742,-4.552031024937));
#2225=CARTESIAN_POINT('',(-0.8637856545313,-4.748458158379,-4.741324406113));
#2226=CARTESIAN_POINT('',(-0.7407158514576,-4.769510208242,-4.910433601203));
#2227=CARTESIAN_POINT('',(-0.5864997180988,-4.791223731805,-5.049009682804));
#2228=CARTESIAN_POINT('',(-0.4059283806831,-4.810183575187,-5.153467414388));
#2229=CARTESIAN_POINT('',(-0.2066669448685,-4.823000400408,-5.217936417259));
#2230=CARTESIAN_POINT('',(-0.06996185800465,-4.826,-5.2324));
#2231=CARTESIAN_POINT('',(0.0,-4.826,-5.2324));
#2232=CARTESIAN_POINT('',(0.0,-4.826,-5.2324));
#2233=CARTESIAN_POINT('',(0.07002750097192,-4.826,-5.2324));
#2234=CARTESIAN_POINT('',(0.2068378804852,-4.822992246843,-5.217894884017));
#2235=CARTESIAN_POINT('',(0.4059762963533,-4.810180334415,-5.15345465558));
#2236=CARTESIAN_POINT('',(0.5867538228183,-4.791193187017,-5.048827717061));
#2237=CARTESIAN_POINT('',(0.7408110982379,-4.769494708217,-4.910331862181));
#2238=CARTESIAN_POINT('',(0.8639987406298,-4.748419892588,-4.740972939898));
#2239=CARTESIAN_POINT('',(0.9485536804306,-4.732004421236,-4.551749330136));
#2240=CARTESIAN_POINT('',(0.9925178625398,-4.722843601643,-4.34554959181));
#2241=CARTESIAN_POINT('',(0.9924659618821,-4.72285439808,-4.137644583907));
#2242=CARTESIAN_POINT('',(0.9484662400896,-4.732022733742,-3.931568975063));
#2243=CARTESIAN_POINT('',(0.8637856545313,-4.748458158379,-3.742275593887));
#2244=CARTESIAN_POINT('',(0.7407158514576,-4.769510208242,-3.573166398797));
#2245=CARTESIAN_POINT('',(0.5864997180988,-4.791223731805,-3.434590317196));
#2246=CARTESIAN_POINT('',(0.4059283806831,-4.810183575187,-3.330132585612));
#2247=CARTESIAN_POINT('',(0.2066669448685,-4.823000400408,-3.265663582741));
#2248=CARTESIAN_POINT('',(0.06996185800464,-4.826,-3.2512));
#2249=CARTESIAN_POINT('',(0.0,-4.826,-3.2512));
#2250=CARTESIAN_POINT('',(-2.720884231275,5.5118,-10.668));
#2251=AXIS2_PLACEMENT_3D('',#2778,#2779,#2780);
#2252=CARTESIAN_POINT('',(-2.720884231275,5.5118,-10.668));
#2253=VECTOR('',#2781,5.441768462549);
#2254=CARTESIAN_POINT('',(4.88651376341,5.5118,-15.3162));
#2255=CARTESIAN_POINT('',(2.720884231275,5.5118,-15.3162));
#2256=VECTOR('',#2782,2.165629532136);
#2257=CARTESIAN_POINT('',(4.88651376341,5.5118,-16.2052));
#2258=CARTESIAN_POINT('',(4.88651376341,5.5118,-16.2052));
#2259=VECTOR('',#2783,0.889);
#2260=CARTESIAN_POINT('',(-4.88651376341,5.5118,-16.2052));
#2261=CARTESIAN_POINT('',(-4.88651376341,5.5118,-16.2052));
#2262=VECTOR('',#2784,9.773027526821);
#2263=CARTESIAN_POINT('',(-4.88651376341,5.5118,-15.3162));
#2264=CARTESIAN_POINT('',(-4.88651376341,5.5118,-16.2052));
#2265=VECTOR('',#2785,0.889);
#2266=CARTESIAN_POINT('',(-2.720884231275,5.5118,-15.3162));
#2267=CARTESIAN_POINT('',(-4.88651376341,5.5118,-15.3162));
#2268=VECTOR('',#2786,2.165629532136);
#2269=CARTESIAN_POINT('',(-2.720884231275,5.5118,-15.3162));
#2270=VECTOR('',#2787,4.6482);
#2271=AXIS2_PLACEMENT_3D('',#2788,#2789,#2790);
#2272=AXIS2_PLACEMENT_3D('',#2791,#2792,#2793);
#2273=CARTESIAN_POINT('',(0.0,-6.1468,-15.3162));
#2274=VECTOR('',#2794,4.058916821025);
#2275=CARTESIAN_POINT('',(4.058916821025,-6.1468,-15.3162));
#2276=VECTOR('',#2795,4.058916821025);
#2277=AXIS2_PLACEMENT_3D('',#2796,#2797,#2798);
#2278=CARTESIAN_POINT('',(4.058916821025,-6.1468,-16.2052));
#2279=VECTOR('',#2799,8.11783364205);
#2280=AXIS2_PLACEMENT_3D('',#2800,#2801,#2802);
#2281=AXIS2_PLACEMENT_3D('',#2803,#2804,#2805);
#2282=AXIS2_PLACEMENT_3D('',#2806,#2807,#2808);
#2283=CARTESIAN_POINT('',(-1.614449255938,4.547947844908,-27.6352));
#2284=AXIS2_PLACEMENT_3D('',#2809,#2810,#2811);
#2285=CARTESIAN_POINT('',(-1.614449255938,4.547947844908,-27.17934784491));
#2286=CARTESIAN_POINT('',(-1.614449255938,4.547947844908,-27.6352));
#2287=VECTOR('',#2812,0.4558521550924);
#2288=CARTESIAN_POINT('',(-1.614449255938,4.547947844908,-27.17934784491));
#2289=CARTESIAN_POINT('',(-1.437470545716,4.610772476319,-27.24207220509));
#2290=CARTESIAN_POINT('',(-1.079239917278,4.714776705989,-27.34628938407));
#2291=CARTESIAN_POINT('',(-0.5330486797596,4.806812278549,-27.43796831212));
#2292=CARTESIAN_POINT('',(-0.176149184624,4.826,-27.45789413629));
#2293=CARTESIAN_POINT('',(0.0,4.826,-27.45739998038));
#2294=CARTESIAN_POINT('',(-4.767695699182,0.7478995387083,-23.37929953871));
#2295=CARTESIAN_POINT('',(-4.767695699182,0.7478995387083,-23.37929953871));
#2296=CARTESIAN_POINT('',(-4.728296819824,0.9990587625674,-23.63045876257));
#2297=CARTESIAN_POINT('',(-4.611757514014,1.484816132759,-24.11621613276));
#2298=CARTESIAN_POINT('',(-4.334324248502,2.162302284304,-24.7937022843));
#2299=CARTESIAN_POINT('',(-3.975614686471,2.764093319807,-25.39549331981));
#2300=CARTESIAN_POINT('',(-3.556923357879,3.28312658115,-25.91452658115));
#2301=CARTESIAN_POINT('',(-3.097877272235,3.717411596829,-26.34881159683));
#2302=CARTESIAN_POINT('',(-2.614742583562,4.070153679288,-26.70155367929));
#2303=CARTESIAN_POINT('',(-2.118686117571,4.347970861448,-26.97937086145));
#2304=CARTESIAN_POINT('',(-1.782027920752,4.488460080328,-27.11986008033));
#2305=CARTESIAN_POINT('',(-1.614449255938,4.547947844908,-27.17934784491));
#2306=CARTESIAN_POINT('',(-4.826,0.0,-22.6314));
#2307=CARTESIAN_POINT('',(-4.826,0.0,-22.6314));
#2308=CARTESIAN_POINT('',(-4.826,0.08388667005027,-22.71528667005));
#2309=CARTESIAN_POINT('',(-4.821626332873,0.2512471288302,-22.88264712883));
#2310=CARTESIAN_POINT('',(-4.802123682357,0.5006925719866,-23.13209257199));
#2311=CARTESIAN_POINT('',(-4.780583319332,0.6657437838525,-23.29714378385));
#2312=CARTESIAN_POINT('',(-4.767695699182,0.7478995387083,-23.37929953871));
#2313=CARTESIAN_POINT('',(-4.767695699182,0.7478995387082,-21.88350046129));
#2314=CARTESIAN_POINT('',(-4.767695699182,0.7478995387082,-21.88350046129));
#2315=CARTESIAN_POINT('',(-4.780583319332,0.6657437838526,-21.96565621615));
#2316=CARTESIAN_POINT('',(-4.802123682357,0.5006925719866,-22.13070742801));
#2317=CARTESIAN_POINT('',(-4.821626332873,0.2512471288302,-22.38015287117));
#2318=CARTESIAN_POINT('',(-4.826,0.08388667005027,-22.54751332995));
#2319=CARTESIAN_POINT('',(-4.826,0.0,-22.6314));
#2320=CARTESIAN_POINT('',(-4.826,0.0,-20.54473164111));
#2321=CARTESIAN_POINT('',(-4.826,0.04239975819849,-20.60641292201));
#2322=CARTESIAN_POINT('',(-4.82488093453,0.1258607581744,-20.72984581167));
#2323=CARTESIAN_POINT('',(-4.820189087004,0.2463892645221,-20.91541773186));
#2324=CARTESIAN_POINT('',(-4.812862111943,0.3617857579182,-21.10223019305));
#2325=CARTESIAN_POINT('',(-4.803317039217,0.4714005780083,-21.2914032823));
#2326=CARTESIAN_POINT('',(-4.79210204849,0.5738567095833,-21.48355277405));
#2327=CARTESIAN_POINT('',(-4.779858982455,0.6677527751005,-21.6803958413));
#2328=CARTESIAN_POINT('',(-4.771634367298,0.7227913924068,-21.81506845471));
#2329=CARTESIAN_POINT('',(-4.767695699182,0.7478995387082,-21.88350046129));
#2330=CARTESIAN_POINT('',(2.421780653777,-5.3848,-17.96455531596));
#2331=AXIS2_PLACEMENT_3D('',#2813,#2814,#2815);
#2332=CARTESIAN_POINT('',(2.421780653777,-6.1468,-17.96455531596));
#2333=CARTESIAN_POINT('',(2.421780653777,-5.3848,-17.96455531596));
#2334=VECTOR('',#2816,0.762);
#2335=CARTESIAN_POINT('',(3.241599327455,-6.1468,-18.49177506044));
#2336=AXIS2_PLACEMENT_3D('',#2817,#2818,#2819);
#2337=CARTESIAN_POINT('',(3.241599327455,-9.4742,-18.49177506044));
#2338=CARTESIAN_POINT('',(3.241599327455,-6.1468,-18.49177506044));
#2339=VECTOR('',#2820,3.3274);
#2340=CARTESIAN_POINT('',(4.139624939562,-9.4742,-19.38980067254));
#2341=AXIS2_PLACEMENT_3D('',#2821,#2822,#2823);
#2342=CARTESIAN_POINT('',(4.139624939562,-6.1468,-19.38980067254));
#2343=CARTESIAN_POINT('',(4.139624939562,-6.1468,-19.38980067254));
#2344=VECTOR('',#2824,3.3274);
#2345=CARTESIAN_POINT('',(4.666844684044,-6.1468,-20.20961934622));
#2346=AXIS2_PLACEMENT_3D('',#2825,#2826,#2827);
#2347=CARTESIAN_POINT('',(4.666844684044,-5.3848,-20.20961934622));
#2348=CARTESIAN_POINT('',(4.666844684044,-5.3848,-20.20961934622));
#2349=VECTOR('',#2828,0.762);
#2350=CARTESIAN_POINT('',(4.666844684044,-5.3848,-25.05318065378));
#2351=AXIS2_PLACEMENT_3D('',#2829,#2830,#2831);
#2352=CARTESIAN_POINT('',(4.666844684044,-6.1468,-25.05318065378));
#2353=CARTESIAN_POINT('',(4.666844684044,-5.3848,-25.05318065378));
#2354=VECTOR('',#2832,0.762);
#2355=CARTESIAN_POINT('',(4.139624939562,-6.1468,-25.87299932746));
#2356=AXIS2_PLACEMENT_3D('',#2833,#2834,#2835);
#2357=CARTESIAN_POINT('',(4.139624939562,-9.4742,-25.87299932746));
#2358=CARTESIAN_POINT('',(4.139624939562,-6.1468,-25.87299932746));
#2359=VECTOR('',#2836,3.3274);
#2360=CARTESIAN_POINT('',(3.241599327455,-9.4742,-26.77102493956));
#2361=AXIS2_PLACEMENT_3D('',#2837,#2838,#2839);
#2362=CARTESIAN_POINT('',(3.241599327455,-6.1468,-26.77102493956));
#2363=CARTESIAN_POINT('',(3.241599327455,-6.1468,-26.77102493956));
#2364=VECTOR('',#2840,3.3274);
#2365=CARTESIAN_POINT('',(2.421780653777,-6.1468,-27.29824468404));
#2366=AXIS2_PLACEMENT_3D('',#2841,#2842,#2843);
#2367=CARTESIAN_POINT('',(2.421780653777,-5.3848,-27.29824468404));
#2368=CARTESIAN_POINT('',(2.421780653777,-5.3848,-27.29824468404));
#2369=VECTOR('',#2844,0.762);
#2370=CARTESIAN_POINT('',(1.614449255938,-5.3848,-27.6352));
#2371=AXIS2_PLACEMENT_3D('',#2845,#2846,#2847);
#2372=CARTESIAN_POINT('',(1.614449255938,0.0,-27.6352));
#2373=CARTESIAN_POINT('',(1.614449255938,0.0,-27.6352));
#2374=VECTOR('',#2848,5.3848);
#2375=AXIS2_PLACEMENT_3D('',#2849,#2850,#2851);
#2376=CARTESIAN_POINT('',(-2.434824156224,-6.1468,-19.29855023167));
#2377=CARTESIAN_POINT('',(-1.571544821187,-6.1468,-18.81479114855));
#2378=AXIS2_PLACEMENT_3D('',#2852,#2853,#2854);
#2379=CARTESIAN_POINT('',(-1.571544821187,-6.1468,-18.81479114855));
#2380=VECTOR('',#2855,1.202415045664);
#2381=CARTESIAN_POINT('',(-2.434824156224,-6.1468,-19.29855023167));
#2382=VECTOR('',#2856,1.14095238894);
#2383=CARTESIAN_POINT('',(-3.816608851454,-6.1468,-21.05985517881));
#2384=CARTESIAN_POINT('',(-4.666844684044,-6.1468,-20.20961934622));
#2385=VECTOR('',#2857,1.202415045664);
#2386=CARTESIAN_POINT('',(-3.332849768331,-6.1468,-20.19657584378));
#2387=AXIS2_PLACEMENT_3D('',#2858,#2859,#2860);
#2388=CARTESIAN_POINT('',(-4.139624939562,-6.1468,-19.38980067254));
#2389=VECTOR('',#2861,1.14095238894);
#2390=CARTESIAN_POINT('',(3.332849768331,-6.1468,-20.19657584378));
#2391=CARTESIAN_POINT('',(3.816608851454,-6.1468,-21.05985517881));
#2392=AXIS2_PLACEMENT_3D('',#2862,#2863,#2864);
#2393=CARTESIAN_POINT('',(3.816608851454,-6.1468,-21.05985517881));
#2394=VECTOR('',#2865,1.202415045664);
#2395=CARTESIAN_POINT('',(3.332849768331,-6.1468,-20.19657584378));
#2396=VECTOR('',#2866,1.14095238894);
#2397=CARTESIAN_POINT('',(1.571544821187,-6.1468,-18.81479114855));
#2398=CARTESIAN_POINT('',(2.421780653777,-6.1468,-17.96455531596));
#2399=VECTOR('',#2867,1.202415045664);
#2400=CARTESIAN_POINT('',(2.434824156224,-6.1468,-19.29855023167));
#2401=AXIS2_PLACEMENT_3D('',#2868,#2869,#2870);
#2402=CARTESIAN_POINT('',(3.241599327455,-6.1468,-18.49177506044));
#2403=VECTOR('',#2871,1.14095238894);
#2404=CARTESIAN_POINT('',(-3.332849768331,-6.1468,-25.06622415622));
#2405=CARTESIAN_POINT('',(-3.816608851454,-6.1468,-24.20294482119));
#2406=AXIS2_PLACEMENT_3D('',#2872,#2873,#2874);
#2407=CARTESIAN_POINT('',(-3.816608851454,-6.1468,-24.20294482119));
#2408=VECTOR('',#2875,1.202415045664);
#2409=CARTESIAN_POINT('',(-3.332849768331,-6.1468,-25.06622415622));
#2410=VECTOR('',#2876,1.14095238894);
#2411=CARTESIAN_POINT('',(-1.571544821187,-6.1468,-26.44800885145));
#2412=CARTESIAN_POINT('',(-2.421780653777,-6.1468,-27.29824468404));
#2413=VECTOR('',#2877,1.202415045664);
#2414=CARTESIAN_POINT('',(-2.434824156224,-6.1468,-25.96424976833));
#2415=AXIS2_PLACEMENT_3D('',#2878,#2879,#2880);
#2416=CARTESIAN_POINT('',(-3.241599327455,-6.1468,-26.77102493956));
#2417=VECTOR('',#2881,1.14095238894);
#2418=CARTESIAN_POINT('',(2.434824156224,-6.1468,-25.96424976833));
#2419=CARTESIAN_POINT('',(1.571544821187,-6.1468,-26.44800885145));
#2420=AXIS2_PLACEMENT_3D('',#2882,#2883,#2884);
#2421=CARTESIAN_POINT('',(1.571544821187,-6.1468,-26.44800885145));
#2422=VECTOR('',#2885,1.202415045664);
#2423=CARTESIAN_POINT('',(2.434824156224,-6.1468,-25.96424976833));
#2424=VECTOR('',#2886,1.14095238894);
#2425=CARTESIAN_POINT('',(3.816608851454,-6.1468,-24.20294482119));
#2426=CARTESIAN_POINT('',(4.666844684044,-6.1468,-25.05318065378));
#2427=VECTOR('',#2887,1.202415045664);
#2428=CARTESIAN_POINT('',(3.332849768331,-6.1468,-25.06622415622));
#2429=AXIS2_PLACEMENT_3D('',#2888,#2889,#2890);
#2430=CARTESIAN_POINT('',(4.139624939562,-6.1468,-25.87299932746));
#2431=VECTOR('',#2891,1.14095238894);
#2432=CARTESIAN_POINT('',(-2.434824156224,-9.4742,-19.29855023167));
#2433=CARTESIAN_POINT('',(-2.434824156224,-9.4742,-19.29855023167));
#2434=VECTOR('',#2892,1.14095238894);
#2435=CARTESIAN_POINT('',(-2.434824156224,-6.1468,-19.29855023167));
#2436=VECTOR('',#2893,3.3274);
#2437=CARTESIAN_POINT('',(-3.816608851454,-5.3848,-21.05985517881));
#2438=CARTESIAN_POINT('',(-3.816608851454,-5.3848,-21.05985517881));
#2439=VECTOR('',#2894,0.762);
#2440=CARTESIAN_POINT('',(-1.571544821187,-5.3848,-18.81479114855));
#2441=AXIS2_PLACEMENT_3D('',#2895,#2896,#2897);
#2442=CARTESIAN_POINT('',(-1.571544821187,-5.3848,-18.81479114855));
#2443=VECTOR('',#2898,0.762);
#2444=CARTESIAN_POINT('',(-3.332849768331,-9.4742,-20.19657584378));
#2445=AXIS2_PLACEMENT_3D('',#2899,#2900,#2901);
#2446=CARTESIAN_POINT('',(-3.332849768331,-6.1468,-20.19657584378));
#2447=VECTOR('',#2902,3.3274);
#2448=CARTESIAN_POINT('',(-4.139624939562,-9.4742,-19.38980067254));
#2449=VECTOR('',#2903,1.14095238894);
#2450=CARTESIAN_POINT('',(2.434824156224,-9.4742,-19.29855023167));
#2451=CARTESIAN_POINT('',(3.241599327455,-9.4742,-18.49177506044));
#2452=VECTOR('',#2904,1.14095238894);
#2453=CARTESIAN_POINT('',(3.332849768331,-9.4742,-20.19657584378));
#2454=AXIS2_PLACEMENT_3D('',#2905,#2906,#2907);
#2455=CARTESIAN_POINT('',(3.332849768331,-9.4742,-20.19657584378));
#2456=VECTOR('',#2908,1.14095238894);
#2457=CARTESIAN_POINT('',(-2.434824156224,-9.4742,-25.96424976833));
#2458=CARTESIAN_POINT('',(-3.241599327455,-9.4742,-26.77102493956));
#2459=VECTOR('',#2909,1.14095238894);
#2460=CARTESIAN_POINT('',(-3.332849768331,-9.4742,-25.06622415622));
#2461=AXIS2_PLACEMENT_3D('',#2910,#2911,#2912);
#2462=CARTESIAN_POINT('',(-3.332849768331,-9.4742,-25.06622415622));
#2463=VECTOR('',#2913,1.14095238894);
#2464=CARTESIAN_POINT('',(3.332849768331,-9.4742,-25.06622415622));
#2465=CARTESIAN_POINT('',(4.139624939562,-9.4742,-25.87299932746));
#2466=VECTOR('',#2914,1.14095238894);
#2467=CARTESIAN_POINT('',(2.434824156224,-9.4742,-25.96424976833));
#2468=AXIS2_PLACEMENT_3D('',#2915,#2916,#2917);
#2469=CARTESIAN_POINT('',(2.434824156224,-9.4742,-25.96424976833));
#2470=VECTOR('',#2918,1.14095238894);
#2471=CARTESIAN_POINT('',(3.332849768331,-6.1468,-20.19657584378));
#2472=VECTOR('',#2919,3.3274);
#2473=CARTESIAN_POINT('',(1.571544821187,-5.3848,-18.81479114855));
#2474=CARTESIAN_POINT('',(1.571544821187,-5.3848,-18.81479114855));
#2475=VECTOR('',#2920,0.762);
#2476=CARTESIAN_POINT('',(3.816608851454,-5.3848,-21.05985517881));
#2477=AXIS2_PLACEMENT_3D('',#2921,#2922,#2923);
#2478=CARTESIAN_POINT('',(3.816608851454,-5.3848,-21.05985517881));
#2479=VECTOR('',#2924,0.762);
#2480=CARTESIAN_POINT('',(2.434824156224,-6.1468,-19.29855023167));
#2481=VECTOR('',#2925,3.3274);
#2482=CARTESIAN_POINT('',(3.816608851454,-5.3848,-21.05985517881));
#2483=VECTOR('',#2926,1.202415045664);
#2484=CARTESIAN_POINT('',(-3.816608851454,-5.3848,-24.20294482119));
#2485=CARTESIAN_POINT('',(-3.816608851454,-5.3848,-24.20294482119));
#2486=VECTOR('',#2927,1.202415045664);
#2487=CARTESIAN_POINT('',(-1.571544821187,-5.3848,-26.44800885145));
#2488=AXIS2_PLACEMENT_3D('',#2928,#2929,#2930);
#2489=CARTESIAN_POINT('',(-2.421780653777,-5.3848,-27.29824468404));
#2490=VECTOR('',#2931,1.202415045664);
#2491=CARTESIAN_POINT('',(1.614449255938,-5.3848,-27.6352));
#2492=VECTOR('',#2932,3.228898511877);
#2493=CARTESIAN_POINT('',(1.571544821187,-5.3848,-26.44800885145));
#2494=CARTESIAN_POINT('',(1.571544821187,-5.3848,-26.44800885145));
#2495=VECTOR('',#2933,1.202415045664);
#2496=CARTESIAN_POINT('',(3.816608851454,-5.3848,-24.20294482119));
#2497=AXIS2_PLACEMENT_3D('',#2934,#2935,#2936);
#2498=CARTESIAN_POINT('',(4.666844684044,-5.3848,-25.05318065378));
#2499=VECTOR('',#2937,1.202415045664);
#2500=CARTESIAN_POINT('',(2.421780653777,-5.3848,-17.96455531596));
#2501=VECTOR('',#2938,1.202415045664);
#2502=CARTESIAN_POINT('',(-1.571544821187,-5.3848,-18.81479114855));
#2503=VECTOR('',#2939,1.202415045664);
#2504=CARTESIAN_POINT('',(-4.666844684044,-5.3848,-20.20961934622));
#2505=VECTOR('',#2940,1.202415045664);
#2506=CARTESIAN_POINT('',(0.0,-5.3848,-18.9484));
#2507=CARTESIAN_POINT('',(0.0,-5.3848,-26.3144));
#2508=AXIS2_PLACEMENT_3D('',#2941,#2942,#2943);
#2509=AXIS2_PLACEMENT_3D('',#2944,#2945,#2946);
#2510=CARTESIAN_POINT('',(0.0,-5.2578,-19.0754));
#2511=CARTESIAN_POINT('',(0.0,-5.3848,-18.9484));
#2512=VECTOR('',#2947,0.1796051224214);
#2513=CARTESIAN_POINT('',(0.0,-5.2578,-26.1874));
#2514=AXIS2_PLACEMENT_3D('',#2948,#2949,#2950);
#2515=CARTESIAN_POINT('',(0.0,-5.3848,-26.3144));
#2516=VECTOR('',#2951,0.1796051224214);
#2517=AXIS2_PLACEMENT_3D('',#2952,#2953,#2954);
#2518=CARTESIAN_POINT('',(0.0,-5.2578,-23.7236));
#2519=CARTESIAN_POINT('',(0.0,-5.2578,-21.5392));
#2520=AXIS2_PLACEMENT_3D('',#2955,#2956,#2957);
#2521=AXIS2_PLACEMENT_3D('',#2958,#2959,#2960);
#2522=CARTESIAN_POINT('',(0.0,-4.384802,-21.5392));
#2523=CARTESIAN_POINT('',(0.0,-5.2578,-21.5392));
#2524=VECTOR('',#2961,0.872998);
#2525=CARTESIAN_POINT('',(0.0,-4.384802,-23.7236));
#2526=AXIS2_PLACEMENT_3D('',#2962,#2963,#2964);
#2527=CARTESIAN_POINT('',(0.0,-5.2578,-23.7236));
#2528=VECTOR('',#2965,0.872998);
#2529=AXIS2_PLACEMENT_3D('',#2966,#2967,#2968);
#2530=CARTESIAN_POINT('',(0.0,-4.384802,-22.1488));
#2531=CARTESIAN_POINT('',(0.0,-4.384802,-23.114));
#2532=AXIS2_PLACEMENT_3D('',#2969,#2970,#2971);
#2533=AXIS2_PLACEMENT_3D('',#2972,#2973,#2974);
#2534=CARTESIAN_POINT('',(0.0,-10.4902,-22.1488));
#2535=CARTESIAN_POINT('',(0.0,-10.4902,-22.1488));
#2536=VECTOR('',#2975,6.105398);
#2537=CARTESIAN_POINT('',(0.0,-10.4902,-23.114));
#2538=AXIS2_PLACEMENT_3D('',#2976,#2977,#2978);
#2539=CARTESIAN_POINT('',(0.0,-10.4902,-23.114));
#2540=VECTOR('',#2979,6.105398);
#2541=AXIS2_PLACEMENT_3D('',#2980,#2981,#2982);
#2542=CARTESIAN_POINT('',(3.816608851454,-5.3848,-24.20294482119));
#2543=VECTOR('',#2983,0.762);
#2544=CARTESIAN_POINT('',(1.571544821187,-5.3848,-26.44800885145));
#2545=VECTOR('',#2984,0.762);
#2546=CARTESIAN_POINT('',(2.434824156224,-6.1468,-25.96424976833));
#2547=VECTOR('',#2985,3.3274);
#2548=CARTESIAN_POINT('',(3.332849768331,-6.1468,-25.06622415622));
#2549=VECTOR('',#2986,3.3274);
#2550=CARTESIAN_POINT('',(-1.614449255938,0.0,-27.6352));
#2551=VECTOR('',#2987,4.547947844908);
#2552=CARTESIAN_POINT('',(1.614449255938,0.0,-27.6352));
#2553=VECTOR('',#2988,4.547947844908);
#2554=CARTESIAN_POINT('',(1.614449255938,0.7478995387082,-27.17934784491));
#2555=CARTESIAN_POINT('',(1.614449255938,0.0,-27.6352));
#2556=CARTESIAN_POINT('',(1.614449255938,0.08508032840456,-27.58358539008));
#2557=CARTESIAN_POINT('',(1.614449255938,0.2539240255783,-27.48100456635));
#2558=CARTESIAN_POINT('',(1.614449255938,0.5032269947794,-27.32906380932));
#2559=CARTESIAN_POINT('',(1.614449255938,0.6667843080164,-27.22904295102));
#2560=CARTESIAN_POINT('',(1.614449255938,0.7478995387082,-27.17934784491));
#2561=CARTESIAN_POINT('',(1.614449255938,4.547947844908,-27.17934784491));
#2562=VECTOR('',#2989,3.800048306199);
#2563=CARTESIAN_POINT('',(-1.614449255938,0.7478995387082,-27.17934784491));
#2564=AXIS2_PLACEMENT_3D('',#2990,#2991,#2992);
#2565=CARTESIAN_POINT('',(-1.614449255938,4.547947844908,-27.17934784491));
#2566=VECTOR('',#2993,3.800048306199);
#2567=AXIS2_PLACEMENT_3D('',#2994,#2995,#2996);
#2568=CARTESIAN_POINT('',(-1.614449255938,0.7478995387082,-27.17934784491));
#2569=CARTESIAN_POINT('',(-1.614449255938,0.6668098393047,-27.22902730932));
#2570=CARTESIAN_POINT('',(-1.614449255938,0.503286626728,-27.32902738867));
#2571=CARTESIAN_POINT('',(-1.614449255938,0.2539844732724,-27.48096780206));
#2572=CARTESIAN_POINT('',(-1.614449255938,0.08510625604055,-27.58356966088));
#2573=CARTESIAN_POINT('',(-1.614449255938,0.0,-27.6352));
#2574=AXIS2_PLACEMENT_3D('',#2997,#2998,#2999);
#2575=AXIS2_PLACEMENT_3D('',#3000,#3001,#3002);
#2576=CARTESIAN_POINT('',(-1.571544821187,-5.3848,-26.44800885145));
#2577=VECTOR('',#3003,0.762);
#2578=CARTESIAN_POINT('',(-3.816608851454,-5.3848,-24.20294482119));
#2579=VECTOR('',#3004,0.762);
#2580=CARTESIAN_POINT('',(-3.332849768331,-6.1468,-25.06622415622));
#2581=VECTOR('',#3005,3.3274);
#2582=CARTESIAN_POINT('',(-2.434824156224,-6.1468,-25.96424976833));
#2583=VECTOR('',#3006,3.3274);
#2584=CARTESIAN_POINT('',(4.4577,0.0,0.0));
#2585=CARTESIAN_POINT('',(-4.4577,0.0,0.0));
#2586=AXIS2_PLACEMENT_3D('',#3007,#3008,#3009);
#2587=AXIS2_PLACEMENT_3D('',#3010,#3011,#3012);
#2588=CARTESIAN_POINT('',(-4.064,0.0,-0.6819084029399));
#2589=CARTESIAN_POINT('',(-4.064,0.0,-0.6819084029399));
#2590=VECTOR('',#3013,0.7874);
#2591=CARTESIAN_POINT('',(4.064,0.0,-0.6819084029399));
#2592=AXIS2_PLACEMENT_3D('',#3014,#3015,#3016);
#2593=CARTESIAN_POINT('',(4.064,0.0,-0.6819084029399));
#2594=VECTOR('',#3017,0.7874);
#2595=AXIS2_PLACEMENT_3D('',#3018,#3019,#3020);
#2596=CARTESIAN_POINT('',(4.064,0.0,-8.4074));
#2597=CARTESIAN_POINT('',(-4.064,0.0,-8.4074));
#2598=AXIS2_PLACEMENT_3D('',#3021,#3022,#3023);
#2599=CARTESIAN_POINT('',(-4.064,0.0,-8.4074));
#2600=VECTOR('',#3024,7.72549159706);
#2601=CARTESIAN_POINT('',(4.064,0.0,-8.4074));
#2602=VECTOR('',#3025,7.72549159706);
#2603=AXIS2_PLACEMENT_3D('',#3026,#3027,#3028);
#2604=CARTESIAN_POINT('',(3.556,0.0,-8.4074));
#2605=CARTESIAN_POINT('',(-3.556,0.0,-8.4074));
#2606=AXIS2_PLACEMENT_3D('',#3029,#3030,#3031);
#2607=AXIS2_PLACEMENT_3D('',#3032,#3033,#3034);
#2608=CARTESIAN_POINT('',(-3.556,0.0,-8.5852));
#2609=CARTESIAN_POINT('',(-3.556,0.0,-8.5852));
#2610=VECTOR('',#3035,0.1778);
#2611=CARTESIAN_POINT('',(3.556,0.0,-8.5852));
#2612=AXIS2_PLACEMENT_3D('',#3036,#3037,#3038);
#2613=CARTESIAN_POINT('',(3.556,0.0,-8.5852));
#2614=VECTOR('',#3039,0.1778);
#2615=AXIS2_PLACEMENT_3D('',#3040,#3041,#3042);
#2616=CARTESIAN_POINT('',(2.3368,0.0,-8.5852));
#2617=CARTESIAN_POINT('',(-2.3368,0.0,-8.5852));
#2618=AXIS2_PLACEMENT_3D('',#3043,#3044,#3045);
#2619=AXIS2_PLACEMENT_3D('',#3046,#3047,#3048);
#2620=CARTESIAN_POINT('',(-2.3368,0.0,-3.3782));
#2621=CARTESIAN_POINT('',(-2.3368,0.0,-3.3782));
#2622=VECTOR('',#3049,5.207);
#2623=CARTESIAN_POINT('',(2.3368,0.0,-3.3782));
#2624=AXIS2_PLACEMENT_3D('',#3050,#3051,#3052);
#2625=CARTESIAN_POINT('',(2.3368,0.0,-3.3782));
#2626=VECTOR('',#3053,5.207);
#2627=AXIS2_PLACEMENT_3D('',#3054,#3055,#3056);
#2628=CARTESIAN_POINT('',(1.1049,0.0,-3.3782));
#2629=CARTESIAN_POINT('',(-1.1049,0.0,-3.3782));
#2630=AXIS2_PLACEMENT_3D('',#3057,#3058,#3059);
#2631=AXIS2_PLACEMENT_3D('',#3060,#3061,#3062);
#2632=CARTESIAN_POINT('',(-1.1049,0.0,-4.378198));
#2633=CARTESIAN_POINT('',(-1.1049,0.0,-4.378198));
#2634=VECTOR('',#3063,0.999998);
#2635=CARTESIAN_POINT('',(1.1049,0.0,-4.378198));
#2636=AXIS2_PLACEMENT_3D('',#3064,#3065,#3066);
#2637=CARTESIAN_POINT('',(1.1049,0.0,-4.378198));
#2638=VECTOR('',#3067,0.999998);
#2639=AXIS2_PLACEMENT_3D('',#3068,#3069,#3070);
#2640=CARTESIAN_POINT('',(-0.7874,0.0,-4.378198));
#2641=CARTESIAN_POINT('',(0.7874,0.0,-4.378198));
#2642=AXIS2_PLACEMENT_3D('',#3071,#3072,#3073);
#2643=AXIS2_PLACEMENT_3D('',#3074,#3075,#3076);
#2644=CARTESIAN_POINT('',(0.508,0.0,-4.378198));
#2645=CARTESIAN_POINT('',(-0.508,0.0,-4.378198));
#2646=AXIS2_PLACEMENT_3D('',#3077,#3078,#3079);
#2647=AXIS2_PLACEMENT_3D('',#3080,#3081,#3082);
#2648=CARTESIAN_POINT('',(-0.7874,0.0,-3.429));
#2649=CARTESIAN_POINT('',(-0.7874,0.0,-4.378198));
#2650=VECTOR('',#3083,0.949198);
#2651=CARTESIAN_POINT('',(0.7874,0.0,-3.429));
#2652=AXIS2_PLACEMENT_3D('',#3084,#3085,#3086);
#2653=CARTESIAN_POINT('',(0.7874,0.0,-4.378198));
#2654=VECTOR('',#3087,0.949198);
#2655=AXIS2_PLACEMENT_3D('',#3088,#3089,#3090);
#2656=CARTESIAN_POINT('',(-0.508,0.0,-3.429));
#2657=CARTESIAN_POINT('',(0.508,0.0,-3.429));
#2658=AXIS2_PLACEMENT_3D('',#3091,#3092,#3093);
#2659=AXIS2_PLACEMENT_3D('',#3094,#3095,#3096);
#2660=CARTESIAN_POINT('',(-0.508,0.0,-4.378198));
#2661=VECTOR('',#3097,0.949198);
#2662=CARTESIAN_POINT('',(0.508,0.0,-4.378198));
#2663=VECTOR('',#3098,0.949198);
#2664=CARTESIAN_POINT('',(0.0,-5.5118,-3.2512));
#2665=CARTESIAN_POINT('',(0.0,-5.5118,-3.2512));
#2666=VECTOR('',#3099,0.6858);
#2667=CARTESIAN_POINT('',(0.0,-5.5118,-5.2324));
#2668=AXIS2_PLACEMENT_3D('',#3100,#3101,#3102);
#2669=CARTESIAN_POINT('',(0.0,-5.5118,-5.2324));
#2670=VECTOR('',#3103,0.6858);
#2671=AXIS2_PLACEMENT_3D('',#3104,#3105,#3106);
#2672=CARTESIAN_POINT('',(0.0,5.5118,-5.2324));
#2673=CARTESIAN_POINT('',(0.0,4.826,-5.2324));
#2674=VECTOR('',#3107,0.6858);
#2675=CARTESIAN_POINT('',(0.0,5.5118,-3.2512));
#2676=AXIS2_PLACEMENT_3D('',#3108,#3109,#3110);
#2677=CARTESIAN_POINT('',(0.0,4.826,-3.2512));
#2678=VECTOR('',#3111,0.6858);
#2679=AXIS2_PLACEMENT_3D('',#3112,#3113,#3114);
#2680=DIRECTION('',(-0.0,-1.0,0.0));
#2681=CARTESIAN_POINT('',(0.0,0.0,-22.6314));
#2682=DIRECTION('',(0.0,1.0,0.0));
#2683=DIRECTION('',(-0.307057943614911,0.0,-0.951690821256033));
#2684=DIRECTION('',(0.0,-1.0,0.0));
#2685=CARTESIAN_POINT('',(0.0,-5.3848,-22.6314));
#2686=DIRECTION('',(0.0,-1.0,-0.0));
#2687=DIRECTION('',(-0.460607222369994,0.0,-0.887604070912588));
#2688=DIRECTION('',(0.0,-1.0,0.0));
#2689=CARTESIAN_POINT('',(0.0,-6.1468,-22.6314));
#2690=DIRECTION('',(0.0,-1.0,-0.0));
#2691=DIRECTION('',(-0.616531501284787,0.0,-0.787330240701783));
#2692=DIRECTION('',(0.0,-1.0,0.0));
#2693=CARTESIAN_POINT('',(0.0,-9.4742,-22.6314));
#2694=DIRECTION('',(0.0,-1.0,-0.0));
#2695=DIRECTION('',(-0.787330240701783,0.0,-0.616531501284787));
#2696=DIRECTION('',(0.0,-1.0,0.0));
#2697=CARTESIAN_POINT('',(0.0,-6.1468,-22.6314));
#2698=DIRECTION('',(0.0,-1.0,-0.0));
#2699=DIRECTION('',(-0.887604070912588,0.0,-0.460607222369994));
#2700=DIRECTION('',(0.0,-1.0,0.0));
#2701=CARTESIAN_POINT('',(0.0,-5.3848,-22.6314));
#2702=DIRECTION('',(0.0,-1.0,0.0));
#2703=DIRECTION('',(-0.887604070912588,0.0,0.460607222369994));
#2704=DIRECTION('',(0.0,-1.0,0.0));
#2705=CARTESIAN_POINT('',(0.0,-6.1468,-22.6314));
#2706=DIRECTION('',(0.0,-1.0,0.0));
#2707=DIRECTION('',(-0.787330240701783,0.0,0.616531501284787));
#2708=DIRECTION('',(0.0,-1.0,0.0));
#2709=CARTESIAN_POINT('',(0.0,-9.4742,-22.6314));
#2710=DIRECTION('',(0.0,-1.0,0.0));
#2711=DIRECTION('',(-0.616531501284787,0.0,0.787330240701783));
#2712=DIRECTION('',(0.0,-1.0,0.0));
#2713=CARTESIAN_POINT('',(0.0,-6.1468,-22.6314));
#2714=DIRECTION('',(0.0,-1.0,0.0));
#2715=DIRECTION('',(-0.460607222369994,0.0,0.887604070912588));
#2716=DIRECTION('',(0.0,-1.0,0.0));
#2717=CARTESIAN_POINT('',(0.0,-5.3848,-22.6314));
#2718=DIRECTION('',(0.0,-1.0,0.0));
#2719=DIRECTION('',(0.460607222369994,0.0,0.887604070912588));
#2720=DIRECTION('',(0.0,-0.0,-1.0));
#2721=DIRECTION('',(0.0,0.0,-1.0));
#2722=CARTESIAN_POINT('',(0.0,0.0,-16.2052));
#2723=DIRECTION('',(0.0,0.0,-1.0));
#2724=DIRECTION('',(0.0,1.0,0.0));
#2725=DIRECTION('',(0.0,0.0,-1.0));
#2726=DIRECTION('',(0.0,0.0,-1.0));
#2727=CARTESIAN_POINT('',(0.0,0.0,-27.6352));
#2728=DIRECTION('',(0.0,-0.0,1.0));
#2729=DIRECTION('',(0.334531549096195,0.942384551369185,0.0));
#2730=DIRECTION('',(-0.0,-0.0,1.0));
#2731=CARTESIAN_POINT('',(0.0,0.0,-16.2052));
#2732=DIRECTION('',(-0.0,0.0,-1.0));
#2733=DIRECTION('',(-0.551034051184496,-0.834482758620694,0.0));
#2734=DIRECTION('',(0.0,0.0,1.0));
#2735=CARTESIAN_POINT('',(0.0,0.0,-15.3162));
#2736=DIRECTION('',(0.0,0.0,1.0));
#2737=DIRECTION('',(-0.663387695276988,0.748275862068987,0.0));
#2738=DIRECTION('',(-0.0,-0.0,-1.0));
#2739=CARTESIAN_POINT('',(0.0,0.0,-15.3162));
#2740=DIRECTION('',(0.0,0.0,1.0));
#2741=DIRECTION('',(0.551034051184496,-0.834482758620694,0.0));
#2742=DIRECTION('',(0.0,0.0,1.0));
#2743=CARTESIAN_POINT('',(0.0,0.0,-16.2052));
#2744=DIRECTION('',(0.0,0.0,-1.0));
#2745=DIRECTION('',(0.663387695276988,0.748275862068987,0.0));
#2746=DIRECTION('',(-0.0,-0.0,-1.0));
#2747=CARTESIAN_POINT('',(0.0,0.0,-15.3162));
#2748=DIRECTION('',(0.0,0.0,-1.0));
#2749=DIRECTION('',(0.442650522430321,0.896694214876043,0.0));
#2750=DIRECTION('',(0.0,0.0,1.0));
#2751=CARTESIAN_POINT('',(0.0,0.0,-10.668));
#2752=DIRECTION('',(0.0,0.0,1.0));
#2753=DIRECTION('',(-0.442650522430321,0.896694214876043,0.0));
#2754=DIRECTION('',(-0.0,-0.0,1.0));
#2755=CARTESIAN_POINT('',(0.0,0.0,-15.3162));
#2756=DIRECTION('',(0.0,0.0,-1.0));
#2757=DIRECTION('',(0.0,-1.0,0.0));
#2758=CARTESIAN_POINT('',(0.0,0.0,-15.3162));
#2759=DIRECTION('',(0.0,0.0,-1.0));
#2760=DIRECTION('',(0.442650522430321,0.896694214876043,0.0));
#2761=CARTESIAN_POINT('',(0.0,0.0,-10.668));
#2762=DIRECTION('',(0.0,0.0,1.0));
#2763=DIRECTION('',(-0.442650522430321,0.896694214876043,0.0));
#2764=CARTESIAN_POINT('',(0.0,0.0,-10.668));
#2765=DIRECTION('',(0.0,0.0,1.0));
#2766=DIRECTION('',(1.0,0.0,0.0));
#2767=DIRECTION('',(0.0,0.0,-1.0));
#2768=CARTESIAN_POINT('',(0.0,0.0,0.0));
#2769=DIRECTION('',(0.0,0.0,1.0));
#2770=DIRECTION('',(1.0,0.0,0.0));
#2771=DIRECTION('',(0.0,0.0,-1.0));
#2772=CARTESIAN_POINT('',(0.0,0.0,0.0));
#2773=DIRECTION('',(0.0,0.0,-1.0));
#2774=DIRECTION('',(1.0,0.0,0.0));
#2775=CARTESIAN_POINT('',(0.0,0.0,-10.668));
#2776=DIRECTION('',(0.0,0.0,-1.0));
#2777=DIRECTION('',(1.0,0.0,0.0));
#2778=CARTESIAN_POINT('',(0.0,0.0,-10.668));
#2779=DIRECTION('',(0.0,0.0,1.0));
#2780=DIRECTION('',(-0.442650522430321,0.896694214876043,0.0));
#2781=DIRECTION('',(1.0,0.0,0.0));
#2782=DIRECTION('',(1.0,0.0,0.0));
#2783=DIRECTION('',(0.0,0.0,1.0));
#2784=DIRECTION('',(1.0,0.0,0.0));
#2785=DIRECTION('',(0.0,0.0,1.0));
#2786=DIRECTION('',(1.0,0.0,0.0));
#2787=DIRECTION('',(0.0,0.0,1.0));
#2788=CARTESIAN_POINT('',(0.0,0.0,-15.3162));
#2789=DIRECTION('',(0.0,0.0,-1.0));
#2790=DIRECTION('',(0.0,-1.0,0.0));
#2791=CARTESIAN_POINT('',(0.0,0.0,-15.3162));
#2792=DIRECTION('',(0.0,0.0,1.0));
#2793=DIRECTION('',(-0.663387695276988,0.748275862068987,0.0));
#2794=DIRECTION('',(-1.0,0.0,0.0));
#2795=DIRECTION('',(-1.0,0.0,0.0));
#2796=CARTESIAN_POINT('',(0.0,0.0,-15.3162));
#2797=DIRECTION('',(0.0,0.0,1.0));
#2798=DIRECTION('',(0.551034051184496,-0.834482758620694,0.0));
#2799=DIRECTION('',(-1.0,0.0,0.0));
#2800=CARTESIAN_POINT('',(0.0,0.0,-16.2052));
#2801=DIRECTION('',(0.0,0.0,-1.0));
#2802=DIRECTION('',(0.663387695276988,0.748275862068987,0.0));
#2803=CARTESIAN_POINT('',(0.0,0.0,-16.2052));
#2804=DIRECTION('',(-0.0,0.0,-1.0));
#2805=DIRECTION('',(-0.551034051184496,-0.834482758620694,0.0));
#2806=CARTESIAN_POINT('',(0.0,0.0,-16.2052));
#2807=DIRECTION('',(0.0,0.0,-1.0));
#2808=DIRECTION('',(0.0,-1.0,0.0));
#2809=CARTESIAN_POINT('',(0.0,0.0,-27.6352));
#2810=DIRECTION('',(0.0,-0.0,1.0));
#2811=DIRECTION('',(0.334531549096195,0.942384551369185,0.0));
#2812=DIRECTION('',(0.0,0.0,1.0));
#2813=CARTESIAN_POINT('',(0.0,-5.3848,-22.6314));
#2814=DIRECTION('',(0.0,-1.0,0.0));
#2815=DIRECTION('',(0.460607222369994,0.0,0.887604070912588));
#2816=DIRECTION('',(0.0,-1.0,0.0));
#2817=CARTESIAN_POINT('',(0.0,-6.1468,-22.6314));
#2818=DIRECTION('',(0.0,-1.0,0.0));
#2819=DIRECTION('',(0.616531501284787,0.0,0.787330240701783));
#2820=DIRECTION('',(0.0,-1.0,0.0));
#2821=CARTESIAN_POINT('',(0.0,-9.4742,-22.6314));
#2822=DIRECTION('',(0.0,-1.0,0.0));
#2823=DIRECTION('',(0.787330240701783,0.0,0.616531501284787));
#2824=DIRECTION('',(0.0,-1.0,0.0));
#2825=CARTESIAN_POINT('',(0.0,-6.1468,-22.6314));
#2826=DIRECTION('',(0.0,-1.0,0.0));
#2827=DIRECTION('',(0.887604070912588,0.0,0.460607222369994));
#2828=DIRECTION('',(0.0,-1.0,0.0));
#2829=CARTESIAN_POINT('',(0.0,-5.3848,-22.6314));
#2830=DIRECTION('',(0.0,-1.0,0.0));
#2831=DIRECTION('',(0.887604070912588,0.0,-0.460607222369994));
#2832=DIRECTION('',(0.0,-1.0,0.0));
#2833=CARTESIAN_POINT('',(0.0,-6.1468,-22.6314));
#2834=DIRECTION('',(0.0,-1.0,0.0));
#2835=DIRECTION('',(0.787330240701783,0.0,-0.616531501284787));
#2836=DIRECTION('',(0.0,-1.0,0.0));
#2837=CARTESIAN_POINT('',(0.0,-9.4742,-22.6314));
#2838=DIRECTION('',(0.0,-1.0,0.0));
#2839=DIRECTION('',(0.616531501284787,0.0,-0.787330240701783));
#2840=DIRECTION('',(0.0,-1.0,0.0));
#2841=CARTESIAN_POINT('',(0.0,-6.1468,-22.6314));
#2842=DIRECTION('',(0.0,-1.0,0.0));
#2843=DIRECTION('',(0.460607222369994,0.0,-0.887604070912588));
#2844=DIRECTION('',(0.0,-1.0,0.0));
#2845=CARTESIAN_POINT('',(0.0,-5.3848,-22.6314));
#2846=DIRECTION('',(0.0,-1.0,0.0));
#2847=DIRECTION('',(0.307057943614911,0.0,-0.951690821256033));
#2848=DIRECTION('',(0.0,-1.0,0.0));
#2849=CARTESIAN_POINT('',(0.0,0.0,-22.6314));
#2850=DIRECTION('',(0.0,-1.0,0.0));
#2851=DIRECTION('',(0.307057943614911,0.0,-0.951690821256033));
#2852=CARTESIAN_POINT('',(0.0,-6.1468,-22.6314));
#2853=DIRECTION('',(0.0,1.0,0.0));
#2854=DIRECTION('',(-0.589902884609171,0.0,0.80747420189736));
#2855=DIRECTION('',(-0.707106781186548,0.0,0.707106781186548));
#2856=DIRECTION('',(-0.707106781186498,0.0,0.707106781186598));
#2857=DIRECTION('',(0.707106781186498,0.0,-0.707106781186598));
#2858=CARTESIAN_POINT('',(0.0,-6.1468,-22.6314));
#2859=DIRECTION('',(0.0,1.0,0.0));
#2860=DIRECTION('',(-0.924678098474712,0.0,0.380749805254305));
#2861=DIRECTION('',(0.707106781186498,0.0,-0.707106781186598));
#2862=CARTESIAN_POINT('',(0.0,-6.1468,-22.6314));
#2863=DIRECTION('',(-0.0,1.0,0.0));
#2864=DIRECTION('',(0.807474201897326,0.0,0.589902884609219));
#2865=DIRECTION('',(0.707106781186598,0.0,0.707106781186498));
#2866=DIRECTION('',(0.707106781186498,0.0,0.707106781186598));
#2867=DIRECTION('',(-0.707106781186548,0.0,-0.707106781186548));
#2868=CARTESIAN_POINT('',(0.0,-6.1468,-22.6314));
#2869=DIRECTION('',(-0.0,1.0,0.0));
#2870=DIRECTION('',(0.380749805254305,0.0,0.924678098474712));
#2871=DIRECTION('',(-0.707106781186498,0.0,-0.707106781186598));
#2872=CARTESIAN_POINT('',(0.0,-6.1468,-22.6314));
#2873=DIRECTION('',(0.0,1.0,0.0));
#2874=DIRECTION('',(-0.807474201897326,0.0,-0.589902884609219));
#2875=DIRECTION('',(-0.707106781186548,0.0,-0.707106781186548));
#2876=DIRECTION('',(-0.707106781186498,0.0,-0.707106781186598));
#2877=DIRECTION('',(0.707106781186548,0.0,0.707106781186548));
#2878=CARTESIAN_POINT('',(0.0,-6.1468,-22.6314));
#2879=DIRECTION('',(0.0,1.0,0.0));
#2880=DIRECTION('',(-0.380749805254305,0.0,-0.924678098474712));
#2881=DIRECTION('',(0.707106781186498,0.0,0.707106781186598));
#2882=CARTESIAN_POINT('',(0.0,-6.1468,-22.6314));
#2883=DIRECTION('',(0.0,1.0,0.0));
#2884=DIRECTION('',(0.589902884609171,0.0,-0.80747420189736));
#2885=DIRECTION('',(0.707106781186598,0.0,-0.707106781186498));
#2886=DIRECTION('',(0.707106781186498,0.0,-0.707106781186598));
#2887=DIRECTION('',(-0.707106781186598,0.0,0.707106781186498));
#2888=CARTESIAN_POINT('',(0.0,-6.1468,-22.6314));
#2889=DIRECTION('',(0.0,1.0,0.0));
#2890=DIRECTION('',(0.924678098474712,0.0,-0.380749805254305));
#2891=DIRECTION('',(-0.707106781186498,0.0,0.707106781186598));
#2892=DIRECTION('',(-0.707106781186498,0.0,0.707106781186598));
#2893=DIRECTION('',(0.0,-1.0,0.0));
#2894=DIRECTION('',(0.0,-1.0,0.0));
#2895=CARTESIAN_POINT('',(0.0,-5.3848,-22.6314));
#2896=DIRECTION('',(0.0,-1.0,0.0));
#2897=DIRECTION('',(-0.380749805254305,0.0,0.924678098474712));
#2898=DIRECTION('',(0.0,-1.0,0.0));
#2899=CARTESIAN_POINT('',(0.0,-9.4742,-22.6314));
#2900=DIRECTION('',(0.0,1.0,0.0));
#2901=DIRECTION('',(-0.807474201897326,0.0,0.589902884609219));
#2902=DIRECTION('',(0.0,-1.0,0.0));
#2903=DIRECTION('',(0.707106781186498,0.0,-0.707106781186598));
#2904=DIRECTION('',(-0.707106781186498,0.0,-0.707106781186598));
#2905=CARTESIAN_POINT('',(0.0,-9.4742,-22.6314));
#2906=DIRECTION('',(-0.0,1.0,0.0));
#2907=DIRECTION('',(0.589902884609171,0.0,0.80747420189736));
#2908=DIRECTION('',(0.707106781186498,0.0,0.707106781186598));
#2909=DIRECTION('',(0.707106781186498,0.0,0.707106781186598));
#2910=CARTESIAN_POINT('',(0.0,-9.4742,-22.6314));
#2911=DIRECTION('',(0.0,1.0,0.0));
#2912=DIRECTION('',(-0.589902884609171,0.0,-0.80747420189736));
#2913=DIRECTION('',(-0.707106781186498,0.0,-0.707106781186598));
#2914=DIRECTION('',(-0.707106781186498,0.0,0.707106781186598));
#2915=CARTESIAN_POINT('',(0.0,-9.4742,-22.6314));
#2916=DIRECTION('',(0.0,1.0,0.0));
#2917=DIRECTION('',(0.807474201897326,0.0,-0.589902884609219));
#2918=DIRECTION('',(0.707106781186498,0.0,-0.707106781186598));
#2919=DIRECTION('',(0.0,-1.0,0.0));
#2920=DIRECTION('',(0.0,-1.0,0.0));
#2921=CARTESIAN_POINT('',(0.0,-5.3848,-22.6314));
#2922=DIRECTION('',(0.0,-1.0,0.0));
#2923=DIRECTION('',(0.924678098474712,0.0,0.380749805254305));
#2924=DIRECTION('',(0.0,-1.0,0.0));
#2925=DIRECTION('',(0.0,-1.0,0.0));
#2926=DIRECTION('',(0.707106781186598,0.0,0.707106781186498));
#2927=DIRECTION('',(-0.707106781186498,0.0,-0.707106781186598));
#2928=CARTESIAN_POINT('',(0.0,-5.3848,-22.6314));
#2929=DIRECTION('',(0.0,-1.0,-0.0));
#2930=DIRECTION('',(-0.924678098474712,0.0,-0.380749805254305));
#2931=DIRECTION('',(0.707106781186598,0.0,0.707106781186498));
#2932=DIRECTION('',(-1.0,0.0,0.0));
#2933=DIRECTION('',(0.707106781186598,0.0,-0.707106781186498));
#2934=CARTESIAN_POINT('',(0.0,-5.3848,-22.6314));
#2935=DIRECTION('',(0.0,-1.0,0.0));
#2936=DIRECTION('',(0.380749805254305,0.0,-0.924678098474712));
#2937=DIRECTION('',(-0.707106781186598,0.0,0.707106781186498));
#2938=DIRECTION('',(-0.707106781186548,0.0,-0.707106781186548));
#2939=DIRECTION('',(-0.707106781186548,0.0,0.707106781186548));
#2940=DIRECTION('',(0.707106781186498,0.0,-0.707106781186598));
#2941=CARTESIAN_POINT('',(0.0,-5.3848,-22.6314));
#2942=DIRECTION('',(0.0,-1.0,0.0));
#2943=DIRECTION('',(0.0,0.0,1.0));
#2944=CARTESIAN_POINT('',(0.0,-5.3848,-22.6314));
#2945=DIRECTION('',(0.0,-1.0,0.0));
#2946=DIRECTION('',(0.0,0.0,-1.0));
#2947=DIRECTION('',(0.0,0.707106781186598,-0.707106781186498));
#2948=CARTESIAN_POINT('',(0.0,-5.2578,-22.6314));
#2949=DIRECTION('',(0.0,-1.0,0.0));
#2950=DIRECTION('',(0.0,0.0,-1.0));
#2951=DIRECTION('',(0.0,0.707106781186598,0.707106781186498));
#2952=CARTESIAN_POINT('',(0.0,-5.2578,-22.6314));
#2953=DIRECTION('',(0.0,1.0,0.0));
#2954=DIRECTION('',(0.0,0.0,-1.0));
#2955=CARTESIAN_POINT('',(0.0,-5.2578,-22.6314));
#2956=DIRECTION('',(0.0,1.0,0.0));
#2957=DIRECTION('',(0.0,0.0,-1.0));
#2958=CARTESIAN_POINT('',(0.0,-5.2578,-22.6314));
#2959=DIRECTION('',(0.0,-1.0,0.0));
#2960=DIRECTION('',(0.0,0.0,-1.0));
#2961=DIRECTION('',(0.0,1.0,0.0));
#2962=CARTESIAN_POINT('',(0.0,-4.384802,-22.6314));
#2963=DIRECTION('',(0.0,-1.0,0.0));
#2964=DIRECTION('',(0.0,0.0,-1.0));
#2965=DIRECTION('',(0.0,1.0,0.0));
#2966=CARTESIAN_POINT('',(0.0,-4.384802,-22.6314));
#2967=DIRECTION('',(0.0,1.0,0.0));
#2968=DIRECTION('',(0.0,0.0,-1.0));
#2969=CARTESIAN_POINT('',(0.0,-4.384802,-22.6314));
#2970=DIRECTION('',(0.0,-1.0,0.0));
#2971=DIRECTION('',(0.0,0.0,1.0));
#2972=CARTESIAN_POINT('',(0.0,-4.384802,-22.6314));
#2973=DIRECTION('',(0.0,-1.0,0.0));
#2974=DIRECTION('',(0.0,0.0,-1.0));
#2975=DIRECTION('',(0.0,1.0,0.0));
#2976=CARTESIAN_POINT('',(0.0,-10.4902,-22.6314));
#2977=DIRECTION('',(0.0,-1.0,0.0));
#2978=DIRECTION('',(0.0,0.0,-1.0));
#2979=DIRECTION('',(0.0,1.0,0.0));
#2980=CARTESIAN_POINT('',(0.0,-10.4902,-22.6314));
#2981=DIRECTION('',(0.0,1.0,0.0));
#2982=DIRECTION('',(0.0,0.0,-1.0));
#2983=DIRECTION('',(0.0,-1.0,0.0));
#2984=DIRECTION('',(0.0,-1.0,0.0));
#2985=DIRECTION('',(0.0,-1.0,0.0));
#2986=DIRECTION('',(0.0,-1.0,0.0));
#2987=DIRECTION('',(0.0,1.0,0.0));
#2988=DIRECTION('',(0.0,1.0,0.0));
#2989=DIRECTION('',(0.0,-1.0,0.0));
#2990=CARTESIAN_POINT('',(0.0,0.7478995387082,-22.6314));
#2991=DIRECTION('',(0.0,-1.0,-0.0));
#2992=DIRECTION('',(-0.987918710978483,0.0,-0.154972966992997));
#2993=DIRECTION('',(0.0,-1.0,0.0));
#2994=CARTESIAN_POINT('',(0.0,0.7478995387082,-22.6314));
#2995=DIRECTION('',(0.0,-1.0,0.0));
#2996=DIRECTION('',(0.334531549096195,0.0,-0.942384551369185));
#2997=CARTESIAN_POINT('',(0.0,0.7478995387082,-22.6314));
#2998=DIRECTION('',(0.0,1.0,0.0));
#2999=DIRECTION('',(-0.987918710978483,0.0,-0.154972966992997));
#3000=CARTESIAN_POINT('',(0.0,0.7478995387082,-22.6314));
#3001=DIRECTION('',(0.0,-1.0,0.0));
#3002=DIRECTION('',(0.987918710978483,0.0,-0.154972966992997));
#3003=DIRECTION('',(0.0,-1.0,0.0));
#3004=DIRECTION('',(0.0,-1.0,0.0));
#3005=DIRECTION('',(0.0,-1.0,0.0));
#3006=DIRECTION('',(0.0,-1.0,0.0));
#3007=CARTESIAN_POINT('',(0.0,0.0,0.0));
#3008=DIRECTION('',(0.0,0.0,-1.0));
#3009=DIRECTION('',(1.0,0.0,0.0));
#3010=CARTESIAN_POINT('',(0.0,0.0,0.0));
#3011=DIRECTION('',(0.0,0.0,1.0));
#3012=DIRECTION('',(1.0,0.0,0.0));
#3013=DIRECTION('',(-0.500000000000017,0.0,0.866025403784429));
#3014=CARTESIAN_POINT('',(0.0,0.0,-0.6819084029399));
#3015=DIRECTION('',(0.0,0.0,1.0));
#3016=DIRECTION('',(1.0,0.0,0.0));
#3017=DIRECTION('',(0.500000000000017,0.0,0.866025403784429));
#3018=CARTESIAN_POINT('',(0.0,0.0,-0.6819084029399));
#3019=DIRECTION('',(0.0,0.0,-1.0));
#3020=DIRECTION('',(1.0,0.0,0.0));
#3021=CARTESIAN_POINT('',(0.0,0.0,-8.4074));
#3022=DIRECTION('',(0.0,0.0,-1.0));
#3023=DIRECTION('',(1.0,0.0,0.0));
#3024=DIRECTION('',(0.0,0.0,1.0));
#3025=DIRECTION('',(0.0,0.0,1.0));
#3026=CARTESIAN_POINT('',(0.0,0.0,-8.4074));
#3027=DIRECTION('',(0.0,0.0,1.0));
#3028=DIRECTION('',(1.0,0.0,0.0));
#3029=CARTESIAN_POINT('',(0.0,0.0,-8.4074));
#3030=DIRECTION('',(0.0,0.0,-1.0));
#3031=DIRECTION('',(1.0,0.0,0.0));
#3032=CARTESIAN_POINT('',(0.0,0.0,-8.4074));
#3033=DIRECTION('',(0.0,0.0,1.0));
#3034=DIRECTION('',(1.0,0.0,0.0));
#3035=DIRECTION('',(0.0,0.0,1.0));
#3036=CARTESIAN_POINT('',(0.0,0.0,-8.5852));
#3037=DIRECTION('',(0.0,0.0,1.0));
#3038=DIRECTION('',(1.0,0.0,0.0));
#3039=DIRECTION('',(0.0,0.0,1.0));
#3040=CARTESIAN_POINT('',(0.0,0.0,-8.5852));
#3041=DIRECTION('',(0.0,0.0,-1.0));
#3042=DIRECTION('',(1.0,0.0,0.0));
#3043=CARTESIAN_POINT('',(0.0,0.0,-8.5852));
#3044=DIRECTION('',(0.0,0.0,-1.0));
#3045=DIRECTION('',(1.0,0.0,0.0));
#3046=CARTESIAN_POINT('',(0.0,0.0,-8.5852));
#3047=DIRECTION('',(0.0,0.0,1.0));
#3048=DIRECTION('',(1.0,0.0,0.0));
#3049=DIRECTION('',(0.0,0.0,-1.0));
#3050=CARTESIAN_POINT('',(0.0,0.0,-3.3782));
#3051=DIRECTION('',(0.0,0.0,1.0));
#3052=DIRECTION('',(1.0,0.0,0.0));
#3053=DIRECTION('',(0.0,0.0,-1.0));
#3054=CARTESIAN_POINT('',(0.0,0.0,-3.3782));
#3055=DIRECTION('',(0.0,0.0,-1.0));
#3056=DIRECTION('',(1.0,0.0,0.0));
#3057=CARTESIAN_POINT('',(0.0,0.0,-3.3782));
#3058=DIRECTION('',(0.0,0.0,-1.0));
#3059=DIRECTION('',(1.0,0.0,0.0));
#3060=CARTESIAN_POINT('',(0.0,0.0,-3.3782));
#3061=DIRECTION('',(0.0,0.0,1.0));
#3062=DIRECTION('',(1.0,0.0,0.0));
#3063=DIRECTION('',(0.0,0.0,1.0));
#3064=CARTESIAN_POINT('',(0.0,0.0,-4.378198));
#3065=DIRECTION('',(0.0,0.0,1.0));
#3066=DIRECTION('',(1.0,0.0,0.0));
#3067=DIRECTION('',(0.0,0.0,1.0));
#3068=CARTESIAN_POINT('',(0.0,0.0,-4.378198));
#3069=DIRECTION('',(0.0,0.0,-1.0));
#3070=DIRECTION('',(1.0,0.0,0.0));
#3071=CARTESIAN_POINT('',(0.0,0.0,-4.378198));
#3072=DIRECTION('',(0.0,0.0,1.0));
#3073=DIRECTION('',(-1.0,0.0,0.0));
#3074=CARTESIAN_POINT('',(0.0,0.0,-4.378198));
#3075=DIRECTION('',(0.0,0.0,1.0));
#3076=DIRECTION('',(1.0,0.0,0.0));
#3077=CARTESIAN_POINT('',(0.0,0.0,-4.378198));
#3078=DIRECTION('',(0.0,0.0,1.0));
#3079=DIRECTION('',(1.0,0.0,0.0));
#3080=CARTESIAN_POINT('',(0.0,0.0,-4.378198));
#3081=DIRECTION('',(0.0,0.0,1.0));
#3082=DIRECTION('',(-1.0,0.0,0.0));
#3083=DIRECTION('',(0.0,0.0,1.0));
#3084=CARTESIAN_POINT('',(0.0,0.0,-3.429));
#3085=DIRECTION('',(0.0,0.0,1.0));
#3086=DIRECTION('',(1.0,0.0,0.0));
#3087=DIRECTION('',(0.0,0.0,1.0));
#3088=CARTESIAN_POINT('',(0.0,0.0,-3.429));
#3089=DIRECTION('',(0.0,0.0,1.0));
#3090=DIRECTION('',(-1.0,0.0,0.0));
#3091=CARTESIAN_POINT('',(0.0,0.0,-3.429));
#3092=DIRECTION('',(0.0,0.0,-1.0));
#3093=DIRECTION('',(-1.0,0.0,0.0));
#3094=CARTESIAN_POINT('',(0.0,0.0,-3.429));
#3095=DIRECTION('',(0.0,0.0,-1.0));
#3096=DIRECTION('',(1.0,0.0,0.0));
#3097=DIRECTION('',(0.0,0.0,1.0));
#3098=DIRECTION('',(0.0,0.0,1.0));
#3099=DIRECTION('',(0.0,1.0,0.0));
#3100=CARTESIAN_POINT('',(0.0,-5.5118,-4.2418));
#3101=DIRECTION('',(0.0,-1.0,0.0));
#3102=DIRECTION('',(0.0,0.0,-1.0));
#3103=DIRECTION('',(0.0,1.0,0.0));
#3104=CARTESIAN_POINT('',(0.0,-5.5118,-4.2418));
#3105=DIRECTION('',(0.0,1.0,0.0));
#3106=DIRECTION('',(0.0,0.0,-1.0));
#3107=DIRECTION('',(0.0,1.0,0.0));
#3108=CARTESIAN_POINT('',(0.0,5.5118,-4.2418));
#3109=DIRECTION('',(0.0,-1.0,0.0));
#3110=DIRECTION('',(0.0,0.0,-1.0));
#3111=DIRECTION('',(0.0,1.0,0.0));
#3112=CARTESIAN_POINT('',(0.0,5.5118,-4.2418));
#3113=DIRECTION('',(0.0,1.0,0.0));
#3114=DIRECTION('',(0.0,0.0,-1.0));
ENDSEC;
END-ISO-10303-21;
