ISO-10303-21;
HEADER;
FILE_DESCRIPTION((''),'2;1');
FILE_NAME('C-1-1478035-0','2016-12-09T',('workeradm'),('Tyco Electronics Ltd.'),
'CREO PARAMETRIC BY PTC INC, 2016050','CREO PARAMETRIC BY PTC INC, 2016050','');
FILE_SCHEMA(('AUTOMOTIVE_DESIGN { 1 0 10303 214 1 1 1 1 }'));
ENDSEC;
DATA;
#134=CARTESIAN_POINT('',(0.E0,0.E0,0.E0));
#135=DIRECTION('',(0.E0,0.E0,1.E0));
#136=DIRECTION('',(1.E0,0.E0,0.E0));
#137=AXIS2_PLACEMENT_3D('',#134,#135,#136);
#139=CARTESIAN_POINT('',(0.E0,0.E0,0.E0));
#140=DIRECTION('',(0.E0,0.E0,1.E0));
#141=DIRECTION('',(-1.E0,0.E0,0.E0));
#142=AXIS2_PLACEMENT_3D('',#139,#140,#141);
#144=CARTESIAN_POINT('',(0.E0,0.E0,0.E0));
#145=DIRECTION('',(0.E0,0.E0,-1.E0));
#146=DIRECTION('',(1.E0,0.E0,0.E0));
#147=AXIS2_PLACEMENT_3D('',#144,#145,#146);
#149=CARTESIAN_POINT('',(0.E0,0.E0,0.E0));
#150=DIRECTION('',(0.E0,0.E0,-1.E0));
#151=DIRECTION('',(-1.E0,0.E0,0.E0));
#152=AXIS2_PLACEMENT_3D('',#149,#150,#151);
#154=CARTESIAN_POINT('',(0.E0,0.E0,-3.009047777511E0));
#155=DIRECTION('',(0.E0,0.E0,1.E0));
#156=DIRECTION('',(1.E0,0.E0,0.E0));
#157=AXIS2_PLACEMENT_3D('',#154,#155,#156);
#159=DIRECTION('',(0.E0,0.E0,-1.E0));
#160=VECTOR('',#159,3.009047777511E0);
#161=CARTESIAN_POINT('',(4.8E0,0.E0,0.E0));
#162=LINE('',#161,#160);
#163=CARTESIAN_POINT('',(0.E0,0.E0,-3.009047777511E0));
#164=DIRECTION('',(0.E0,0.E0,1.E0));
#165=DIRECTION('',(-3.696610684878E-1,9.291666666667E-1,0.E0));
#166=AXIS2_PLACEMENT_3D('',#163,#164,#165);
#168=DIRECTION('',(-1.603109904511E-14,0.E0,1.E0));
#169=VECTOR('',#168,5.401837745314E-1);
#170=CARTESIAN_POINT('',(-1.774373128742E0,4.46E0,-3.009047777511E0));
#171=LINE('',#170,#169);
#172=CARTESIAN_POINT('',(1.774373128742E0,4.46E0,-2.468864002980E0));
#173=CARTESIAN_POINT('',(1.712619822788E0,4.484568028407E0,-2.406646543976E0));
#174=CARTESIAN_POINT('',(1.584346882607E0,4.532639674978E0,-2.290403663366E0));
#175=CARTESIAN_POINT('',(1.377260883705E0,4.599959767711E0,-2.138401622214E0));
#176=CARTESIAN_POINT('',(1.160079679500E0,4.659553280817E0,-2.010805962536E0));
#177=CARTESIAN_POINT('',(9.361232879881E-1,4.709743241033E0,-1.907550018909E0));
#178=CARTESIAN_POINT('',(7.049292616148E-1,4.749898246834E0,-1.827362631610E0));
#179=CARTESIAN_POINT('',(4.713608915508E-1,4.778744959998E0,-1.770961037703E0));
#180=CARTESIAN_POINT('',(2.352755194573E-1,4.796170592828E0,-1.737340084314E0));
#181=CARTESIAN_POINT('',(2.842398186237E-6,4.801915363163E0,-1.726328688388E0));
#182=CARTESIAN_POINT('',(-2.353386956793E-1,4.796167954471E0,
-1.737345162223E0));
#183=CARTESIAN_POINT('',(-4.713864357041E-1,4.778742128397E0,
-1.770966508972E0));
#184=CARTESIAN_POINT('',(-7.049762912089E-1,4.749891272345E0,
-1.827376407408E0));
#185=CARTESIAN_POINT('',(-9.361244845275E-1,4.709742087917E0,
-1.907552554175E0));
#186=CARTESIAN_POINT('',(-1.160055284118E0,4.659559422685E0,-2.010793102256E0));
#187=CARTESIAN_POINT('',(-1.377254133098E0,4.599962014251E0,-2.138396568475E0));
#188=CARTESIAN_POINT('',(-1.584342040112E0,4.532641369777E0,-2.290399679234E0));
#189=CARTESIAN_POINT('',(-1.712618534964E0,4.484568540757E0,-2.406645246472E0));
#190=CARTESIAN_POINT('',(-1.774373128742E0,4.46E0,-2.468864002980E0));
#192=DIRECTION('',(1.644215286678E-14,0.E0,1.E0));
#193=VECTOR('',#192,5.401837745314E-1);
#194=CARTESIAN_POINT('',(1.774373128742E0,4.46E0,-3.009047777511E0));
#195=LINE('',#194,#193);
#196=CARTESIAN_POINT('',(0.E0,0.E0,-5.450952222489E0));
#197=DIRECTION('',(0.E0,0.E0,1.E0));
#198=DIRECTION('',(1.E0,0.E0,0.E0));
#199=AXIS2_PLACEMENT_3D('',#196,#197,#198);
#201=DIRECTION('',(-1.479793758010E-14,0.E0,1.E0));
#202=VECTOR('',#201,5.401837745314E-1);
#203=CARTESIAN_POINT('',(1.774373128742E0,4.46E0,-5.991135997020E0));
#204=LINE('',#203,#202);
#205=CARTESIAN_POINT('',(-1.774373128742E0,4.46E0,-5.991135997020E0));
#206=CARTESIAN_POINT('',(-1.712619581632E0,4.484568124349E0,-6.053353698993E0));
#207=CARTESIAN_POINT('',(-1.584346070313E0,4.532639976520E0,-6.169597057752E0));
#208=CARTESIAN_POINT('',(-1.377258806962E0,4.599960411981E0,-6.321599805216E0));
#209=CARTESIAN_POINT('',(-1.160076150449E0,4.659554185624E0,-6.449195941227E0));
#210=CARTESIAN_POINT('',(-9.361181979852E-1,4.709744272923E0,
-6.552452073736E0));
#211=CARTESIAN_POINT('',(-7.049228174321E-1,4.749899237949E0,
-6.632639325098E0));
#212=CARTESIAN_POINT('',(-4.713530379625E-1,4.778745709131E0,
-6.689040415620E0));
#213=CARTESIAN_POINT('',(-2.352682073932E-1,4.796171058446E0,
-6.722660809810E0));
#214=CARTESIAN_POINT('',(1.117932817085E-5,4.801915261836E0,-6.733671117210E0));
#215=CARTESIAN_POINT('',(2.353361611049E-1,4.796167893988E0,-6.722654720928E0));
#216=CARTESIAN_POINT('',(4.713834734454E-1,4.778742426418E0,-6.689034065682E0));
#217=CARTESIAN_POINT('',(7.049692653692E-1,4.749892251622E0,-6.632625517689E0));
#218=CARTESIAN_POINT('',(9.361175608805E-1,4.709743510088E0,-6.552450329480E0));
#219=CARTESIAN_POINT('',(1.160052031363E0,4.659560295355E0,-6.449208749750E0));
#220=CARTESIAN_POINT('',(1.377254093626E0,4.599962071068E0,-6.321603590014E0));
#221=CARTESIAN_POINT('',(1.584343694833E0,4.532640795077E0,-6.169598991858E0));
#222=CARTESIAN_POINT('',(1.712619261982E0,4.484568251519E0,-6.053354021045E0));
#223=CARTESIAN_POINT('',(1.774373128742E0,4.46E0,-5.991135997020E0));
#225=DIRECTION('',(1.356477611510E-14,0.E0,1.E0));
#226=VECTOR('',#225,5.401837745314E-1);
#227=CARTESIAN_POINT('',(-1.774373128742E0,4.46E0,-5.991135997020E0));
#228=LINE('',#227,#226);
#229=CARTESIAN_POINT('',(0.E0,0.E0,-5.450952222489E0));
#230=DIRECTION('',(0.E0,0.E0,1.E0));
#231=DIRECTION('',(-3.696610684878E-1,9.291666666667E-1,0.E0));
#232=AXIS2_PLACEMENT_3D('',#229,#230,#231);
#234=CARTESIAN_POINT('',(0.E0,0.E0,-1.14E1));
#235=DIRECTION('',(0.E0,0.E0,1.E0));
#236=DIRECTION('',(1.E0,0.E0,0.E0));
#237=AXIS2_PLACEMENT_3D('',#234,#235,#236);
#239=DIRECTION('',(0.E0,0.E0,-1.E0));
#240=VECTOR('',#239,5.949047777511E0);
#241=CARTESIAN_POINT('',(4.8E0,0.E0,-5.450952222489E0));
#242=LINE('',#241,#240);
#243=CARTESIAN_POINT('',(-1.774373128742E0,-4.46E0,-5.450952222489E0));
#244=CARTESIAN_POINT('',(-1.731944278680E0,-4.46E0,-5.354911386779E0));
#245=CARTESIAN_POINT('',(-1.656154592539E0,-4.46E0,-5.165957003786E0));
#246=CARTESIAN_POINT('',(-1.570954744145E0,-4.46E0,-4.893115935320E0));
#247=CARTESIAN_POINT('',(-1.513490784941E0,-4.46E0,-4.625871317880E0));
#248=CARTESIAN_POINT('',(-1.484519597292E0,-4.46E0,-4.361094084133E0));
#249=CARTESIAN_POINT('',(-1.484524053119E0,-4.46E0,-4.098833312381E0));
#250=CARTESIAN_POINT('',(-1.513500085579E0,-4.46E0,-3.834078294434E0));
#251=CARTESIAN_POINT('',(-1.570960747256E0,-4.46E0,-3.566865032829E0));
#252=CARTESIAN_POINT('',(-1.656154123478E0,-4.46E0,-3.294045189382E0));
#253=CARTESIAN_POINT('',(-1.731943222944E0,-4.46E0,-3.105091002958E0));
#254=CARTESIAN_POINT('',(-1.774373128742E0,-4.46E0,-3.009047777511E0));
#256=CARTESIAN_POINT('',(-1.774373128742E0,4.46E0,-3.009047777511E0));
#257=CARTESIAN_POINT('',(-1.731943222944E0,4.46E0,-3.105091002958E0));
#258=CARTESIAN_POINT('',(-1.656154123478E0,4.46E0,-3.294045189382E0));
#259=CARTESIAN_POINT('',(-1.570960747256E0,4.46E0,-3.566865032829E0));
#260=CARTESIAN_POINT('',(-1.513500085579E0,4.46E0,-3.834078294434E0));
#261=CARTESIAN_POINT('',(-1.484524053119E0,4.46E0,-4.098833312381E0));
#262=CARTESIAN_POINT('',(-1.484519597292E0,4.46E0,-4.361094084133E0));
#263=CARTESIAN_POINT('',(-1.513490784941E0,4.46E0,-4.625871317880E0));
#264=CARTESIAN_POINT('',(-1.570954744145E0,4.46E0,-4.893115935320E0));
#265=CARTESIAN_POINT('',(-1.656154592539E0,4.46E0,-5.165957003786E0));
#266=CARTESIAN_POINT('',(-1.731944278680E0,4.46E0,-5.354911386779E0));
#267=CARTESIAN_POINT('',(-1.774373128742E0,4.46E0,-5.450952222489E0));
#269=CARTESIAN_POINT('',(1.774373128742E0,-4.46E0,-3.009047777511E0));
#270=CARTESIAN_POINT('',(1.731943222944E0,-4.46E0,-3.105091002958E0));
#271=CARTESIAN_POINT('',(1.656154123478E0,-4.46E0,-3.294045189382E0));
#272=CARTESIAN_POINT('',(1.570960747256E0,-4.46E0,-3.566865032829E0));
#273=CARTESIAN_POINT('',(1.513500085579E0,-4.46E0,-3.834078294434E0));
#274=CARTESIAN_POINT('',(1.484524053119E0,-4.46E0,-4.098833312381E0));
#275=CARTESIAN_POINT('',(1.484519597292E0,-4.46E0,-4.361094084133E0));
#276=CARTESIAN_POINT('',(1.513490784941E0,-4.46E0,-4.625871317880E0));
#277=CARTESIAN_POINT('',(1.570954744145E0,-4.46E0,-4.893115935320E0));
#278=CARTESIAN_POINT('',(1.656154592539E0,-4.46E0,-5.165957003786E0));
#279=CARTESIAN_POINT('',(1.731944278680E0,-4.46E0,-5.354911386779E0));
#280=CARTESIAN_POINT('',(1.774373128742E0,-4.46E0,-5.450952222489E0));
#282=CARTESIAN_POINT('',(1.774373128742E0,4.46E0,-5.450952222489E0));
#283=CARTESIAN_POINT('',(1.731944278680E0,4.46E0,-5.354911386779E0));
#284=CARTESIAN_POINT('',(1.656154592539E0,4.46E0,-5.165957003786E0));
#285=CARTESIAN_POINT('',(1.570954744145E0,4.46E0,-4.893115935320E0));
#286=CARTESIAN_POINT('',(1.513490784941E0,4.46E0,-4.625871317880E0));
#287=CARTESIAN_POINT('',(1.484519597292E0,4.46E0,-4.361094084133E0));
#288=CARTESIAN_POINT('',(1.484524053119E0,4.46E0,-4.098833312381E0));
#289=CARTESIAN_POINT('',(1.513500085579E0,4.46E0,-3.834078294434E0));
#290=CARTESIAN_POINT('',(1.570960747256E0,4.46E0,-3.566865032829E0));
#291=CARTESIAN_POINT('',(1.656154123478E0,4.46E0,-3.294045189382E0));
#292=CARTESIAN_POINT('',(1.731943222944E0,4.46E0,-3.105091002958E0));
#293=CARTESIAN_POINT('',(1.774373128742E0,4.46E0,-3.009047777511E0));
#295=CARTESIAN_POINT('',(0.E0,-4.46E0,-4.23E0));
#296=DIRECTION('',(0.E0,1.E0,0.E0));
#297=DIRECTION('',(-7.097492514966E-1,0.E0,7.044543988080E-1));
#298=AXIS2_PLACEMENT_3D('',#295,#296,#297);
#300=CARTESIAN_POINT('',(0.E0,-4.46E0,-4.23E0));
#301=DIRECTION('',(0.E0,1.E0,0.E0));
#302=DIRECTION('',(7.097492514966E-1,0.E0,-7.044543988080E-1));
#303=AXIS2_PLACEMENT_3D('',#300,#301,#302);
#305=CARTESIAN_POINT('',(0.E0,-4.46E0,-4.23E0));
#306=DIRECTION('',(0.E0,-1.E0,0.E0));
#307=DIRECTION('',(0.E0,0.E0,-1.E0));
#308=AXIS2_PLACEMENT_3D('',#305,#306,#307);
#310=CARTESIAN_POINT('',(0.E0,-4.46E0,-4.23E0));
#311=DIRECTION('',(0.E0,-1.E0,0.E0));
#312=DIRECTION('',(0.E0,0.E0,1.E0));
#313=AXIS2_PLACEMENT_3D('',#310,#311,#312);
#315=DIRECTION('',(0.E0,0.E0,1.E0));
#316=VECTOR('',#315,5.401837745315E-1);
#317=CARTESIAN_POINT('',(-1.774373128742E0,-4.46E0,-5.991135997020E0));
#318=LINE('',#317,#316);
#319=CARTESIAN_POINT('',(1.774373128742E0,-4.46E0,-5.991135997020E0));
#320=CARTESIAN_POINT('',(1.712712712345E0,-4.484531073085E0,-6.053259868286E0));
#321=CARTESIAN_POINT('',(1.584604895425E0,-4.532547076768E0,-6.169378333062E0));
#322=CARTESIAN_POINT('',(1.377597098111E0,-4.599858038443E0,-6.321375113981E0));
#323=CARTESIAN_POINT('',(1.160468184651E0,-4.659457047330E0,-6.448992652215E0));
#324=CARTESIAN_POINT('',(9.364496204322E-1,-4.709678308194E0,
-6.552318851770E0));
#325=CARTESIAN_POINT('',(7.052857747710E-1,-4.749846981292E0,
-6.632536345923E0));
#326=CARTESIAN_POINT('',(4.715241442361E-1,-4.778730637453E0,
-6.689011385640E0));
#327=CARTESIAN_POINT('',(2.354347269253E-1,-4.796163901077E0,
-6.722647021689E0));
#328=CARTESIAN_POINT('',(-5.818606929331E-7,-4.801917323311E0,
-6.733675091163E0));
#329=CARTESIAN_POINT('',(-2.353666677395E-1,-4.796166805605E0,
-6.722652613516E0));
#330=CARTESIAN_POINT('',(-4.714952335037E-1,-4.778733756214E0,
-6.689017405303E0));
#331=CARTESIAN_POINT('',(-7.052318252780E-1,-4.749855040213E0,
-6.632552277097E0));
#332=CARTESIAN_POINT('',(-9.364485961294E-1,-4.709679432622E0,
-6.552321316879E0));
#333=CARTESIAN_POINT('',(-1.160486638737E0,-4.659452355858E0,
-6.448982832013E0));
#334=CARTESIAN_POINT('',(-1.377603502663E0,-4.599855968259E0,
-6.321370477233E0));
#335=CARTESIAN_POINT('',(-1.584608674383E0,-4.532545731654E0,
-6.169375157629E0));
#336=CARTESIAN_POINT('',(-1.712713745140E0,-4.484530662197E0,
-6.053258827729E0));
#337=CARTESIAN_POINT('',(-1.774373128742E0,-4.46E0,-5.991135997020E0));
#339=DIRECTION('',(0.E0,0.E0,1.E0));
#340=VECTOR('',#339,5.401837745315E-1);
#341=CARTESIAN_POINT('',(1.774373128742E0,-4.46E0,-5.991135997020E0));
#342=LINE('',#341,#340);
#343=CARTESIAN_POINT('',(0.E0,0.E0,-5.450952222489E0));
#344=DIRECTION('',(0.E0,0.E0,1.E0));
#345=DIRECTION('',(3.696610684878E-1,-9.291666666667E-1,0.E0));
#346=AXIS2_PLACEMENT_3D('',#343,#344,#345);
#348=CARTESIAN_POINT('',(0.E0,0.E0,-1.14E1));
#349=DIRECTION('',(0.E0,0.E0,1.E0));
#350=DIRECTION('',(-1.E0,0.E0,0.E0));
#351=AXIS2_PLACEMENT_3D('',#348,#349,#350);
#353=DIRECTION('',(0.E0,0.E0,-1.E0));
#354=VECTOR('',#353,5.949047777511E0);
#355=CARTESIAN_POINT('',(-4.8E0,0.E0,-5.450952222489E0));
#356=LINE('',#355,#354);
#357=CARTESIAN_POINT('',(0.E0,0.E0,-5.450952222489E0));
#358=DIRECTION('',(0.E0,0.E0,1.E0));
#359=DIRECTION('',(-1.E0,0.E0,0.E0));
#360=AXIS2_PLACEMENT_3D('',#357,#358,#359);
#362=DIRECTION('',(0.E0,0.E0,1.E0));
#363=VECTOR('',#362,5.401837745315E-1);
#364=CARTESIAN_POINT('',(-1.774373128742E0,-4.46E0,-3.009047777511E0));
#365=LINE('',#364,#363);
#366=CARTESIAN_POINT('',(0.E0,0.E0,-3.009047777511E0));
#367=DIRECTION('',(0.E0,0.E0,1.E0));
#368=DIRECTION('',(-1.E0,0.E0,0.E0));
#369=AXIS2_PLACEMENT_3D('',#366,#367,#368);
#371=DIRECTION('',(0.E0,0.E0,-1.E0));
#372=VECTOR('',#371,3.009047777511E0);
#373=CARTESIAN_POINT('',(-4.8E0,0.E0,0.E0));
#374=LINE('',#373,#372);
#375=CARTESIAN_POINT('',(0.E0,0.E0,-3.009047777511E0));
#376=DIRECTION('',(0.E0,0.E0,1.E0));
#377=DIRECTION('',(3.696610684878E-1,-9.291666666667E-1,0.E0));
#378=AXIS2_PLACEMENT_3D('',#375,#376,#377);
#380=DIRECTION('',(0.E0,0.E0,1.E0));
#381=VECTOR('',#380,5.401837745315E-1);
#382=CARTESIAN_POINT('',(1.774373128742E0,-4.46E0,-3.009047777511E0));
#383=LINE('',#382,#381);
#384=CARTESIAN_POINT('',(-1.774373128742E0,-4.46E0,-2.468864002980E0));
#385=CARTESIAN_POINT('',(-1.712713405059E0,-4.484530797495E0,
-2.406740829635E0));
#386=CARTESIAN_POINT('',(-1.584606438064E0,-4.532546543177E0,
-2.290622897878E0));
#387=CARTESIAN_POINT('',(-1.377596793276E0,-4.599858178075E0,
-2.138624544051E0));
#388=CARTESIAN_POINT('',(-1.160464494866E0,-4.659458029658E0,
-2.011005265604E0));
#389=CARTESIAN_POINT('',(-9.364422619772E-1,-4.709679820039E0,
-1.907678082863E0));
#390=CARTESIAN_POINT('',(-7.052781315758E-1,-4.749848049999E0,
-1.827461552664E0));
#391=CARTESIAN_POINT('',(-4.715209717698E-1,-4.778730952742E0,
-1.770988006603E0));
#392=CARTESIAN_POINT('',(-2.354318630591E-1,-4.796163859108E0,
-1.737353059448E0));
#393=CARTESIAN_POINT('',(-1.314349533223E-5,-4.801917220242E0,
-1.726325106627E0));
#394=CARTESIAN_POINT('',(2.353595834211E-1,-4.796167259655E0,
-1.737346514562E0));
#395=CARTESIAN_POINT('',(4.714875850522E-1,-4.778734484868E0,
-1.770981181106E0));
#396=CARTESIAN_POINT('',(7.052255440606E-1,-4.749856006839E0,
-1.827445814514E0));
#397=CARTESIAN_POINT('',(9.364436267772E-1,-4.709680440141E0,
-1.907676639863E0));
#398=CARTESIAN_POINT('',(1.160483182682E0,-4.659453242141E0,-2.011015303123E0));
#399=CARTESIAN_POINT('',(1.377601466855E0,-4.599856599963E0,-2.138628123076E0));
#400=CARTESIAN_POINT('',(1.584607876190E0,-4.532546027949E0,-2.290624133792E0));
#401=CARTESIAN_POINT('',(1.712713507884E0,-4.484530756587E0,-2.406740933233E0));
#402=CARTESIAN_POINT('',(1.774373128742E0,-4.46E0,-2.468864002980E0));
#404=DIRECTION('',(0.E0,-1.E0,0.E0));
#405=VECTOR('',#404,1.E1);
#406=CARTESIAN_POINT('',(5.5E0,5.E0,-1.14E1));
#407=LINE('',#406,#405);
#408=CARTESIAN_POINT('',(0.E0,-5.5E0,-1.14E1));
#409=CARTESIAN_POINT('',(1.567545156892E-1,-5.5E0,-1.14E1));
#410=CARTESIAN_POINT('',(4.698252370120E-1,-5.497054684025E0,-1.14E1));
#411=CARTESIAN_POINT('',(9.384429820180E-1,-5.483950141330E0,-1.14E1));
#412=CARTESIAN_POINT('',(1.405092672187E0,-5.462545422376E0,-1.14E1));
#413=CARTESIAN_POINT('',(1.870727927894E0,-5.433310920876E0,-1.14E1));
#414=CARTESIAN_POINT('',(2.337714025925E0,-5.396627901181E0,-1.14E1));
#415=CARTESIAN_POINT('',(2.809935599393E0,-5.352653492411E0,-1.14E1));
#416=CARTESIAN_POINT('',(3.292592299751E0,-5.301235064977E0,-1.14E1));
#417=CARTESIAN_POINT('',(3.792431835245E0,-5.241826024423E0,-1.14E1));
#418=CARTESIAN_POINT('',(4.317949989726E0,-5.173385409640E0,-1.14E1));
#419=CARTESIAN_POINT('',(4.877966494733E0,-5.094599885713E0,-1.14E1));
#420=CARTESIAN_POINT('',(5.287381048254E0,-5.032996659485E0,-1.14E1));
#421=CARTESIAN_POINT('',(5.5E0,-5.E0,-1.14E1));
#423=CARTESIAN_POINT('',(-5.5E0,-5.E0,-1.14E1));
#424=CARTESIAN_POINT('',(-5.287421411616E0,-5.032990395433E0,-1.14E1));
#425=CARTESIAN_POINT('',(-4.878065626533E0,-5.094585076411E0,-1.14E1));
#426=CARTESIAN_POINT('',(-4.318130293700E0,-5.173360947502E0,-1.14E1));
#427=CARTESIAN_POINT('',(-3.792508954212E0,-5.241816948785E0,-1.14E1));
#428=CARTESIAN_POINT('',(-3.292523772134E0,-5.301243431080E0,-1.14E1));
#429=CARTESIAN_POINT('',(-2.809723275339E0,-5.352675275733E0,-1.14E1));
#430=CARTESIAN_POINT('',(-2.337424434098E0,-5.396653020285E0,-1.14E1));
#431=CARTESIAN_POINT('',(-1.870430427486E0,-5.433331916536E0,-1.14E1));
#432=CARTESIAN_POINT('',(-1.404832704464E0,-5.462559266958E0,-1.14E1));
#433=CARTESIAN_POINT('',(-9.382574554684E-1,-5.483956481758E0,-1.14E1));
#434=CARTESIAN_POINT('',(-4.697344340977E-1,-5.497055803191E0,-1.14E1));
#435=CARTESIAN_POINT('',(-1.567238333473E-1,-5.5E0,-1.14E1));
#436=CARTESIAN_POINT('',(0.E0,-5.5E0,-1.14E1));
#438=DIRECTION('',(0.E0,1.E0,0.E0));
#439=VECTOR('',#438,1.E1);
#440=CARTESIAN_POINT('',(-5.5E0,-5.E0,-1.14E1));
#441=LINE('',#440,#439);
#442=CARTESIAN_POINT('',(-5.5E0,5.E0,-1.14E1));
#443=CARTESIAN_POINT('',(-5.287421411616E0,5.032990395433E0,-1.14E1));
#444=CARTESIAN_POINT('',(-4.878065626533E0,5.094585076411E0,-1.14E1));
#445=CARTESIAN_POINT('',(-4.318130293700E0,5.173360947502E0,-1.14E1));
#446=CARTESIAN_POINT('',(-3.792508954212E0,5.241816948785E0,-1.14E1));
#447=CARTESIAN_POINT('',(-3.292523772134E0,5.301243431080E0,-1.14E1));
#448=CARTESIAN_POINT('',(-2.809723275339E0,5.352675275733E0,-1.14E1));
#449=CARTESIAN_POINT('',(-2.337424434098E0,5.396653020285E0,-1.14E1));
#450=CARTESIAN_POINT('',(-1.870430427486E0,5.433331916536E0,-1.14E1));
#451=CARTESIAN_POINT('',(-1.404832704464E0,5.462559266958E0,-1.14E1));
#452=CARTESIAN_POINT('',(-9.382574554684E-1,5.483956481758E0,-1.14E1));
#453=CARTESIAN_POINT('',(-4.697344340977E-1,5.497055803191E0,-1.14E1));
#454=CARTESIAN_POINT('',(-1.567238333474E-1,5.5E0,-1.14E1));
#455=CARTESIAN_POINT('',(1.460275682099E-14,5.5E0,-1.14E1));
#457=CARTESIAN_POINT('',(1.460275682099E-14,5.5E0,-1.14E1));
#458=CARTESIAN_POINT('',(1.567545156891E-1,5.5E0,-1.14E1));
#459=CARTESIAN_POINT('',(4.698252370120E-1,5.497054684025E0,-1.14E1));
#460=CARTESIAN_POINT('',(9.384429820180E-1,5.483950141330E0,-1.14E1));
#461=CARTESIAN_POINT('',(1.405092672187E0,5.462545422376E0,-1.14E1));
#462=CARTESIAN_POINT('',(1.870727927894E0,5.433310920876E0,-1.14E1));
#463=CARTESIAN_POINT('',(2.337714025925E0,5.396627901181E0,-1.14E1));
#464=CARTESIAN_POINT('',(2.809935599393E0,5.352653492411E0,-1.14E1));
#465=CARTESIAN_POINT('',(3.292592299751E0,5.301235064977E0,-1.14E1));
#466=CARTESIAN_POINT('',(3.792431835245E0,5.241826024423E0,-1.14E1));
#467=CARTESIAN_POINT('',(4.317949989726E0,5.173385409640E0,-1.14E1));
#468=CARTESIAN_POINT('',(4.877966494733E0,5.094599885713E0,-1.14E1));
#469=CARTESIAN_POINT('',(5.287381048254E0,5.032996659485E0,-1.14E1));
#470=CARTESIAN_POINT('',(5.5E0,5.E0,-1.14E1));
#472=CARTESIAN_POINT('',(5.5E0,5.E0,-1.14E1));
#473=CARTESIAN_POINT('',(5.5E0,5.032990395433E0,-1.161257858838E1));
#474=CARTESIAN_POINT('',(5.5E0,5.094585076411E0,-1.202193437347E1));
#475=CARTESIAN_POINT('',(5.5E0,5.173360947502E0,-1.258186970630E1));
#476=CARTESIAN_POINT('',(5.5E0,5.241816948785E0,-1.310749104579E1));
#477=CARTESIAN_POINT('',(5.5E0,5.301243431080E0,-1.360747622787E1));
#478=CARTESIAN_POINT('',(5.5E0,5.352675275733E0,-1.409027672466E1));
#479=CARTESIAN_POINT('',(5.5E0,5.396653020285E0,-1.456257556590E1));
#480=CARTESIAN_POINT('',(5.5E0,5.433331916536E0,-1.502956957251E1));
#481=CARTESIAN_POINT('',(5.5E0,5.462559266958E0,-1.549516729554E1));
#482=CARTESIAN_POINT('',(5.5E0,5.483956481758E0,-1.596174254453E1));
#483=CARTESIAN_POINT('',(5.5E0,5.497055803191E0,-1.643026556590E1));
#484=CARTESIAN_POINT('',(5.5E0,5.5E0,-1.674327616665E1));
#485=CARTESIAN_POINT('',(5.5E0,5.5E0,-1.69E1));
#487=CARTESIAN_POINT('',(5.5E0,5.5E0,-1.69E1));
#488=CARTESIAN_POINT('',(5.5E0,5.5E0,-1.705675451569E1));
#489=CARTESIAN_POINT('',(5.5E0,5.497054684025E0,-1.736982523701E1));
#490=CARTESIAN_POINT('',(5.5E0,5.483950141330E0,-1.783844298202E1));
#491=CARTESIAN_POINT('',(5.5E0,5.462545422376E0,-1.830509267219E1));
#492=CARTESIAN_POINT('',(5.5E0,5.433310920876E0,-1.877072792789E1));
#493=CARTESIAN_POINT('',(5.5E0,5.396627901181E0,-1.923771402593E1));
#494=CARTESIAN_POINT('',(5.5E0,5.352653492411E0,-1.970993559939E1));
#495=CARTESIAN_POINT('',(5.5E0,5.301235064977E0,-2.019259229975E1));
#496=CARTESIAN_POINT('',(5.5E0,5.241826024423E0,-2.069243183524E1));
#497=CARTESIAN_POINT('',(5.5E0,5.173385409640E0,-2.121794998973E1));
#498=CARTESIAN_POINT('',(5.5E0,5.094599885713E0,-2.177796649473E1));
#499=CARTESIAN_POINT('',(5.5E0,5.032996659485E0,-2.218738104825E1));
#500=CARTESIAN_POINT('',(5.5E0,5.E0,-2.24E1));
#502=CARTESIAN_POINT('',(5.5E0,-5.5E0,-1.69E1));
#503=CARTESIAN_POINT('',(5.5E0,-5.5E0,-1.705675451569E1));
#504=CARTESIAN_POINT('',(5.5E0,-5.497054684025E0,-1.736982523701E1));
#505=CARTESIAN_POINT('',(5.5E0,-5.483950141330E0,-1.783844298202E1));
#506=CARTESIAN_POINT('',(5.5E0,-5.462545422376E0,-1.830509267219E1));
#507=CARTESIAN_POINT('',(5.5E0,-5.433310920876E0,-1.877072792789E1));
#508=CARTESIAN_POINT('',(5.5E0,-5.396627901181E0,-1.923771402593E1));
#509=CARTESIAN_POINT('',(5.5E0,-5.352653492411E0,-1.970993559939E1));
#510=CARTESIAN_POINT('',(5.5E0,-5.301235064977E0,-2.019259229975E1));
#511=CARTESIAN_POINT('',(5.5E0,-5.241826024423E0,-2.069243183524E1));
#512=CARTESIAN_POINT('',(5.5E0,-5.173385409640E0,-2.121794998973E1));
#513=CARTESIAN_POINT('',(5.5E0,-5.094599885713E0,-2.177796649473E1));
#514=CARTESIAN_POINT('',(5.5E0,-5.032996659485E0,-2.218738104825E1));
#515=CARTESIAN_POINT('',(5.5E0,-5.E0,-2.24E1));
#517=CARTESIAN_POINT('',(5.5E0,-5.E0,-1.14E1));
#518=CARTESIAN_POINT('',(5.5E0,-5.032990395433E0,-1.161257858838E1));
#519=CARTESIAN_POINT('',(5.5E0,-5.094585076411E0,-1.202193437347E1));
#520=CARTESIAN_POINT('',(5.5E0,-5.173360947502E0,-1.258186970630E1));
#521=CARTESIAN_POINT('',(5.5E0,-5.241816948785E0,-1.310749104579E1));
#522=CARTESIAN_POINT('',(5.5E0,-5.301243431080E0,-1.360747622787E1));
#523=CARTESIAN_POINT('',(5.5E0,-5.352675275733E0,-1.409027672466E1));
#524=CARTESIAN_POINT('',(5.5E0,-5.396653020285E0,-1.456257556590E1));
#525=CARTESIAN_POINT('',(5.5E0,-5.433331916536E0,-1.502956957251E1));
#526=CARTESIAN_POINT('',(5.5E0,-5.462559266958E0,-1.549516729554E1));
#527=CARTESIAN_POINT('',(5.5E0,-5.483956481758E0,-1.596174254453E1));
#528=CARTESIAN_POINT('',(5.5E0,-5.497055803191E0,-1.643026556590E1));
#529=CARTESIAN_POINT('',(5.5E0,-5.5E0,-1.674327616665E1));
#530=CARTESIAN_POINT('',(5.5E0,-5.5E0,-1.69E1));
#532=CARTESIAN_POINT('',(0.E0,5.5E0,-1.69E1));
#533=DIRECTION('',(0.E0,1.E0,0.E0));
#534=DIRECTION('',(1.E0,0.E0,0.E0));
#535=AXIS2_PLACEMENT_3D('',#532,#533,#534);
#537=CARTESIAN_POINT('',(-5.5E0,-5.5E0,-1.69E1));
#538=CARTESIAN_POINT('',(-5.5E0,-5.5E0,-1.674324548431E1));
#539=CARTESIAN_POINT('',(-5.5E0,-5.497054684025E0,-1.643017476299E1));
#540=CARTESIAN_POINT('',(-5.5E0,-5.483950141330E0,-1.596155701798E1));
#541=CARTESIAN_POINT('',(-5.5E0,-5.462545422376E0,-1.549490732781E1));
#542=CARTESIAN_POINT('',(-5.5E0,-5.433310920876E0,-1.502927207211E1));
#543=CARTESIAN_POINT('',(-5.5E0,-5.396627901181E0,-1.456228597407E1));
#544=CARTESIAN_POINT('',(-5.5E0,-5.352653492411E0,-1.409006440061E1));
#545=CARTESIAN_POINT('',(-5.5E0,-5.301235064977E0,-1.360740770025E1));
#546=CARTESIAN_POINT('',(-5.5E0,-5.241826024423E0,-1.310756816476E1));
#547=CARTESIAN_POINT('',(-5.5E0,-5.173385409640E0,-1.258205001027E1));
#548=CARTESIAN_POINT('',(-5.5E0,-5.094599885713E0,-1.202203350527E1));
#549=CARTESIAN_POINT('',(-5.5E0,-5.032996659485E0,-1.161261895175E1));
#550=CARTESIAN_POINT('',(-5.5E0,-5.E0,-1.14E1));
#552=CARTESIAN_POINT('',(-5.5E0,-5.E0,-2.24E1));
#553=CARTESIAN_POINT('',(-5.5E0,-5.032990395433E0,-2.218742141162E1));
#554=CARTESIAN_POINT('',(-5.5E0,-5.094585076411E0,-2.177806562653E1));
#555=CARTESIAN_POINT('',(-5.5E0,-5.173360947502E0,-2.121813029370E1));
#556=CARTESIAN_POINT('',(-5.5E0,-5.241816948785E0,-2.069250895421E1));
#557=CARTESIAN_POINT('',(-5.5E0,-5.301243431080E0,-2.019252377213E1));
#558=CARTESIAN_POINT('',(-5.5E0,-5.352675275733E0,-1.970972327534E1));
#559=CARTESIAN_POINT('',(-5.5E0,-5.396653020285E0,-1.923742443410E1));
#560=CARTESIAN_POINT('',(-5.5E0,-5.433331916536E0,-1.877043042749E1));
#561=CARTESIAN_POINT('',(-5.5E0,-5.462559266958E0,-1.830483270446E1));
#562=CARTESIAN_POINT('',(-5.5E0,-5.483956481758E0,-1.783825745547E1));
#563=CARTESIAN_POINT('',(-5.5E0,-5.497055803191E0,-1.736973443410E1));
#564=CARTESIAN_POINT('',(-5.5E0,-5.5E0,-1.705672383335E1));
#565=CARTESIAN_POINT('',(-5.5E0,-5.5E0,-1.69E1));
#567=CARTESIAN_POINT('',(-5.5E0,5.E0,-2.24E1));
#568=CARTESIAN_POINT('',(-5.5E0,5.032990395433E0,-2.218742141162E1));
#569=CARTESIAN_POINT('',(-5.5E0,5.094585076411E0,-2.177806562653E1));
#570=CARTESIAN_POINT('',(-5.5E0,5.173360947502E0,-2.121813029370E1));
#571=CARTESIAN_POINT('',(-5.5E0,5.241816948785E0,-2.069250895421E1));
#572=CARTESIAN_POINT('',(-5.5E0,5.301243431080E0,-2.019252377213E1));
#573=CARTESIAN_POINT('',(-5.5E0,5.352675275733E0,-1.970972327534E1));
#574=CARTESIAN_POINT('',(-5.5E0,5.396653020285E0,-1.923742443410E1));
#575=CARTESIAN_POINT('',(-5.5E0,5.433331916536E0,-1.877043042749E1));
#576=CARTESIAN_POINT('',(-5.5E0,5.462559266958E0,-1.830483270446E1));
#577=CARTESIAN_POINT('',(-5.5E0,5.483956481758E0,-1.783825745547E1));
#578=CARTESIAN_POINT('',(-5.5E0,5.497055803191E0,-1.736973443410E1));
#579=CARTESIAN_POINT('',(-5.5E0,5.5E0,-1.705672383335E1));
#580=CARTESIAN_POINT('',(-5.5E0,5.5E0,-1.69E1));
#582=CARTESIAN_POINT('',(-5.5E0,5.5E0,-1.69E1));
#583=CARTESIAN_POINT('',(-5.5E0,5.5E0,-1.674324548431E1));
#584=CARTESIAN_POINT('',(-5.5E0,5.497054684025E0,-1.643017476299E1));
#585=CARTESIAN_POINT('',(-5.5E0,5.483950141330E0,-1.596155701798E1));
#586=CARTESIAN_POINT('',(-5.5E0,5.462545422376E0,-1.549490732781E1));
#587=CARTESIAN_POINT('',(-5.5E0,5.433310920876E0,-1.502927207211E1));
#588=CARTESIAN_POINT('',(-5.5E0,5.396627901181E0,-1.456228597407E1));
#589=CARTESIAN_POINT('',(-5.5E0,5.352653492411E0,-1.409006440061E1));
#590=CARTESIAN_POINT('',(-5.5E0,5.301235064977E0,-1.360740770025E1));
#591=CARTESIAN_POINT('',(-5.5E0,5.241826024423E0,-1.310756816476E1));
#592=CARTESIAN_POINT('',(-5.5E0,5.173385409640E0,-1.258205001027E1));
#593=CARTESIAN_POINT('',(-5.5E0,5.094599885713E0,-1.202203350527E1));
#594=CARTESIAN_POINT('',(-5.5E0,5.032996659485E0,-1.161261895175E1));
#595=CARTESIAN_POINT('',(-5.5E0,5.E0,-1.14E1));
#597=CARTESIAN_POINT('',(0.E0,-5.5E0,-1.69E1));
#598=DIRECTION('',(0.E0,-1.E0,0.E0));
#599=DIRECTION('',(0.E0,0.E0,1.E0));
#600=AXIS2_PLACEMENT_3D('',#597,#598,#599);
#602=CARTESIAN_POINT('',(0.E0,-5.5E0,-1.69E1));
#603=DIRECTION('',(0.E0,-1.E0,0.E0));
#604=DIRECTION('',(0.E0,0.E0,-1.E0));
#605=AXIS2_PLACEMENT_3D('',#602,#603,#604);
#607=CARTESIAN_POINT('',(0.E0,-5.5E0,-1.69E1));
#608=DIRECTION('',(0.E0,-1.E0,0.E0));
#609=DIRECTION('',(0.E0,0.E0,1.E0));
#610=AXIS2_PLACEMENT_3D('',#607,#608,#609);
#612=CARTESIAN_POINT('',(0.E0,-5.5E0,-1.69E1));
#613=DIRECTION('',(0.E0,1.E0,0.E0));
#614=DIRECTION('',(0.E0,0.E0,-1.E0));
#615=AXIS2_PLACEMENT_3D('',#612,#613,#614);
#617=CARTESIAN_POINT('',(0.E0,-5.5E0,-1.69E1));
#618=DIRECTION('',(0.E0,1.E0,0.E0));
#619=DIRECTION('',(0.E0,0.E0,1.E0));
#620=AXIS2_PLACEMENT_3D('',#617,#618,#619);
#622=CARTESIAN_POINT('',(0.E0,-1.06E1,-1.69E1));
#623=DIRECTION('',(0.E0,-1.E0,0.E0));
#624=DIRECTION('',(0.E0,0.E0,-1.E0));
#625=AXIS2_PLACEMENT_3D('',#622,#623,#624);
#627=DIRECTION('',(0.E0,-1.E0,0.E0));
#628=VECTOR('',#627,5.1E0);
#629=CARTESIAN_POINT('',(0.E0,-5.5E0,-2.23E1));
#630=LINE('',#629,#628);
#631=DIRECTION('',(-1.E0,0.E0,0.E0));
#632=VECTOR('',#631,1.1E1);
#633=CARTESIAN_POINT('',(5.5E0,-1.06E1,-1.14E1));
#634=LINE('',#633,#632);
#635=DIRECTION('',(0.E0,0.E0,-1.E0));
#636=VECTOR('',#635,1.1E1);
#637=CARTESIAN_POINT('',(-5.5E0,-1.06E1,-1.14E1));
#638=LINE('',#637,#636);
#639=DIRECTION('',(1.E0,0.E0,0.E0));
#640=VECTOR('',#639,1.1E1);
#641=CARTESIAN_POINT('',(-5.5E0,-1.06E1,-2.24E1));
#642=LINE('',#641,#640);
#643=DIRECTION('',(0.E0,0.E0,1.E0));
#644=VECTOR('',#643,1.1E1);
#645=CARTESIAN_POINT('',(5.5E0,-1.06E1,-2.24E1));
#646=LINE('',#645,#644);
#647=DIRECTION('',(0.E0,-1.E0,0.E0));
#648=VECTOR('',#647,4.E0);
#649=CARTESIAN_POINT('',(-4.55E0,-1.31E1,-1.14E1));
#650=LINE('',#649,#648);
#651=DIRECTION('',(0.E0,-1.E0,0.E0));
#652=VECTOR('',#651,3.5E-1);
#653=CARTESIAN_POINT('',(-3.E0,-1.275E1,-1.14E1));
#654=LINE('',#653,#652);
#655=DIRECTION('',(0.E0,0.E0,-1.E0));
#656=VECTOR('',#655,9.5E-1);
#657=CARTESIAN_POINT('',(4.55E0,-1.31E1,-1.14E1));
#658=LINE('',#657,#656);
#659=DIRECTION('',(-1.E0,0.E0,0.E0));
#660=VECTOR('',#659,9.5E-1);
#661=CARTESIAN_POINT('',(5.5E0,-1.31E1,-1.235E1));
#662=LINE('',#661,#660);
#663=DIRECTION('',(0.E0,0.E0,1.E0));
#664=VECTOR('',#663,1.55E0);
#665=CARTESIAN_POINT('',(5.5E0,-1.31E1,-1.39E1));
#666=LINE('',#665,#664);
#667=DIRECTION('',(1.E0,0.E0,0.E0));
#668=VECTOR('',#667,2.5E0);
#669=CARTESIAN_POINT('',(3.E0,-1.31E1,-1.39E1));
#670=LINE('',#669,#668);
#671=DIRECTION('',(0.E0,0.E0,-1.E0));
#672=VECTOR('',#671,2.5E0);
#673=CARTESIAN_POINT('',(3.E0,-1.31E1,-1.14E1));
#674=LINE('',#673,#672);
#675=DIRECTION('',(-1.E0,0.E0,0.E0));
#676=VECTOR('',#675,1.55E0);
#677=CARTESIAN_POINT('',(4.55E0,-1.31E1,-1.14E1));
#678=LINE('',#677,#676);
#679=DIRECTION('',(-1.E0,0.E0,0.E0));
#680=VECTOR('',#679,9.5E-1);
#681=CARTESIAN_POINT('',(5.5E0,-1.31E1,-2.145E1));
#682=LINE('',#681,#680);
#683=DIRECTION('',(0.E0,0.E0,1.E0));
#684=VECTOR('',#683,9.5E-1);
#685=CARTESIAN_POINT('',(4.55E0,-1.31E1,-2.24E1));
#686=LINE('',#685,#684);
#687=DIRECTION('',(1.E0,0.E0,0.E0));
#688=VECTOR('',#687,1.55E0);
#689=CARTESIAN_POINT('',(3.E0,-1.31E1,-2.24E1));
#690=LINE('',#689,#688);
#691=DIRECTION('',(0.E0,0.E0,-1.E0));
#692=VECTOR('',#691,2.5E0);
#693=CARTESIAN_POINT('',(3.E0,-1.31E1,-1.99E1));
#694=LINE('',#693,#692);
#695=DIRECTION('',(-1.E0,0.E0,0.E0));
#696=VECTOR('',#695,2.5E0);
#697=CARTESIAN_POINT('',(5.5E0,-1.31E1,-1.99E1));
#698=LINE('',#697,#696);
#699=DIRECTION('',(0.E0,0.E0,1.E0));
#700=VECTOR('',#699,1.55E0);
#701=CARTESIAN_POINT('',(5.5E0,-1.31E1,-2.145E1));
#702=LINE('',#701,#700);
#703=DIRECTION('',(1.E0,0.E0,0.E0));
#704=VECTOR('',#703,9.5E-1);
#705=CARTESIAN_POINT('',(-5.5E0,-1.31E1,-1.235E1));
#706=LINE('',#705,#704);
#707=DIRECTION('',(0.E0,0.E0,-1.E0));
#708=VECTOR('',#707,9.5E-1);
#709=CARTESIAN_POINT('',(-4.55E0,-1.31E1,-1.14E1));
#710=LINE('',#709,#708);
#711=DIRECTION('',(-1.E0,0.E0,0.E0));
#712=VECTOR('',#711,1.55E0);
#713=CARTESIAN_POINT('',(-3.E0,-1.31E1,-1.14E1));
#714=LINE('',#713,#712);
#715=DIRECTION('',(0.E0,0.E0,1.E0));
#716=VECTOR('',#715,2.5E0);
#717=CARTESIAN_POINT('',(-3.E0,-1.31E1,-1.39E1));
#718=LINE('',#717,#716);
#719=DIRECTION('',(1.E0,0.E0,0.E0));
#720=VECTOR('',#719,2.5E0);
#721=CARTESIAN_POINT('',(-5.5E0,-1.31E1,-1.39E1));
#722=LINE('',#721,#720);
#723=DIRECTION('',(0.E0,0.E0,-1.E0));
#724=VECTOR('',#723,1.55E0);
#725=CARTESIAN_POINT('',(-5.5E0,-1.31E1,-1.235E1));
#726=LINE('',#725,#724);
#727=DIRECTION('',(0.E0,0.E0,1.E0));
#728=VECTOR('',#727,9.5E-1);
#729=CARTESIAN_POINT('',(-4.55E0,-1.31E1,-2.24E1));
#730=LINE('',#729,#728);
#731=DIRECTION('',(1.E0,0.E0,0.E0));
#732=VECTOR('',#731,9.5E-1);
#733=CARTESIAN_POINT('',(-5.5E0,-1.31E1,-2.145E1));
#734=LINE('',#733,#732);
#735=DIRECTION('',(0.E0,0.E0,-1.E0));
#736=VECTOR('',#735,1.55E0);
#737=CARTESIAN_POINT('',(-5.5E0,-1.31E1,-1.99E1));
#738=LINE('',#737,#736);
#739=DIRECTION('',(-1.E0,0.E0,0.E0));
#740=VECTOR('',#739,2.5E0);
#741=CARTESIAN_POINT('',(-3.E0,-1.31E1,-1.99E1));
#742=LINE('',#741,#740);
#743=DIRECTION('',(0.E0,0.E0,1.E0));
#744=VECTOR('',#743,2.5E0);
#745=CARTESIAN_POINT('',(-3.E0,-1.31E1,-2.24E1));
#746=LINE('',#745,#744);
#747=DIRECTION('',(1.E0,0.E0,0.E0));
#748=VECTOR('',#747,1.55E0);
#749=CARTESIAN_POINT('',(-4.55E0,-1.31E1,-2.24E1));
#750=LINE('',#749,#748);
#751=DIRECTION('',(0.E0,-1.E0,0.E0));
#752=VECTOR('',#751,4.E0);
#753=CARTESIAN_POINT('',(4.55E0,-1.31E1,-1.14E1));
#754=LINE('',#753,#752);
#755=DIRECTION('',(-1.E0,0.E0,0.E0));
#756=VECTOR('',#755,9.5E-1);
#757=CARTESIAN_POINT('',(5.5E0,-1.71E1,-1.14E1));
#758=LINE('',#757,#756);
#759=DIRECTION('',(0.E0,0.E0,1.E0));
#760=VECTOR('',#759,9.5E-1);
#761=CARTESIAN_POINT('',(5.5E0,-1.71E1,-1.235E1));
#762=LINE('',#761,#760);
#763=DIRECTION('',(1.E0,0.E0,0.E0));
#764=VECTOR('',#763,9.5E-1);
#765=CARTESIAN_POINT('',(4.55E0,-1.71E1,-1.235E1));
#766=LINE('',#765,#764);
#767=DIRECTION('',(0.E0,0.E0,-1.E0));
#768=VECTOR('',#767,9.5E-1);
#769=CARTESIAN_POINT('',(4.55E0,-1.71E1,-1.14E1));
#770=LINE('',#769,#768);
#771=DIRECTION('',(0.E0,0.E0,1.E0));
#772=VECTOR('',#771,9.5E-1);
#773=CARTESIAN_POINT('',(5.5E0,-1.71E1,-2.24E1));
#774=LINE('',#773,#772);
#775=DIRECTION('',(1.E0,0.E0,0.E0));
#776=VECTOR('',#775,9.5E-1);
#777=CARTESIAN_POINT('',(4.55E0,-1.71E1,-2.24E1));
#778=LINE('',#777,#776);
#779=DIRECTION('',(0.E0,0.E0,-1.E0));
#780=VECTOR('',#779,9.5E-1);
#781=CARTESIAN_POINT('',(4.55E0,-1.71E1,-2.145E1));
#782=LINE('',#781,#780);
#783=DIRECTION('',(-1.E0,0.E0,0.E0));
#784=VECTOR('',#783,9.5E-1);
#785=CARTESIAN_POINT('',(5.5E0,-1.71E1,-2.145E1));
#786=LINE('',#785,#784);
#787=DIRECTION('',(0.E0,0.E0,-1.E0));
#788=VECTOR('',#787,9.5E-1);
#789=CARTESIAN_POINT('',(-5.5E0,-1.71E1,-1.14E1));
#790=LINE('',#789,#788);
#791=DIRECTION('',(-1.E0,0.E0,0.E0));
#792=VECTOR('',#791,9.5E-1);
#793=CARTESIAN_POINT('',(-4.55E0,-1.71E1,-1.14E1));
#794=LINE('',#793,#792);
#795=DIRECTION('',(0.E0,0.E0,1.E0));
#796=VECTOR('',#795,9.5E-1);
#797=CARTESIAN_POINT('',(-4.55E0,-1.71E1,-1.235E1));
#798=LINE('',#797,#796);
#799=DIRECTION('',(1.E0,0.E0,0.E0));
#800=VECTOR('',#799,9.5E-1);
#801=CARTESIAN_POINT('',(-5.5E0,-1.71E1,-1.235E1));
#802=LINE('',#801,#800);
#803=DIRECTION('',(1.E0,0.E0,0.E0));
#804=VECTOR('',#803,9.5E-1);
#805=CARTESIAN_POINT('',(-5.5E0,-1.71E1,-2.24E1));
#806=LINE('',#805,#804);
#807=DIRECTION('',(0.E0,0.E0,-1.E0));
#808=VECTOR('',#807,9.5E-1);
#809=CARTESIAN_POINT('',(-5.5E0,-1.71E1,-2.145E1));
#810=LINE('',#809,#808);
#811=DIRECTION('',(-1.E0,0.E0,0.E0));
#812=VECTOR('',#811,9.5E-1);
#813=CARTESIAN_POINT('',(-4.55E0,-1.71E1,-2.145E1));
#814=LINE('',#813,#812);
#815=DIRECTION('',(0.E0,0.E0,1.E0));
#816=VECTOR('',#815,9.5E-1);
#817=CARTESIAN_POINT('',(-4.55E0,-1.71E1,-2.24E1));
#818=LINE('',#817,#816);
#819=DIRECTION('',(0.E0,-1.E0,0.E0));
#820=VECTOR('',#819,3.5E-1);
#821=CARTESIAN_POINT('',(5.5E0,-1.275E1,-1.39E1));
#822=LINE('',#821,#820);
#823=DIRECTION('',(0.E0,-1.E0,0.E0));
#824=VECTOR('',#823,4.E0);
#825=CARTESIAN_POINT('',(5.5E0,-1.31E1,-1.235E1));
#826=LINE('',#825,#824);
#827=DIRECTION('',(0.E0,1.E0,0.E0));
#828=VECTOR('',#827,6.5E0);
#829=CARTESIAN_POINT('',(5.5E0,-1.71E1,-1.14E1));
#830=LINE('',#829,#828);
#831=DIRECTION('',(0.E0,-1.E0,0.E0));
#832=VECTOR('',#831,3.5E-1);
#833=CARTESIAN_POINT('',(3.E0,-1.275E1,-2.24E1));
#834=LINE('',#833,#832);
#835=DIRECTION('',(0.E0,-1.E0,0.E0));
#836=VECTOR('',#835,4.E0);
#837=CARTESIAN_POINT('',(4.55E0,-1.31E1,-2.24E1));
#838=LINE('',#837,#836);
#839=DIRECTION('',(0.E0,1.E0,0.E0));
#840=VECTOR('',#839,6.5E0);
#841=CARTESIAN_POINT('',(5.5E0,-1.71E1,-2.24E1));
#842=LINE('',#841,#840);
#843=DIRECTION('',(0.E0,-1.E0,0.E0));
#844=VECTOR('',#843,4.E0);
#845=CARTESIAN_POINT('',(-5.5E0,-1.31E1,-2.145E1));
#846=LINE('',#845,#844);
#847=DIRECTION('',(0.E0,1.E0,0.E0));
#848=VECTOR('',#847,6.5E0);
#849=CARTESIAN_POINT('',(-5.5E0,-1.71E1,-2.24E1));
#850=LINE('',#849,#848);
#851=DIRECTION('',(0.E0,-1.E0,0.E0));
#852=VECTOR('',#851,6.5E0);
#853=CARTESIAN_POINT('',(-5.5E0,-1.06E1,-1.14E1));
#854=LINE('',#853,#852);
#855=DIRECTION('',(0.E0,-1.E0,0.E0));
#856=VECTOR('',#855,3.5E-1);
#857=CARTESIAN_POINT('',(-5.5E0,-1.275E1,-1.99E1));
#858=LINE('',#857,#856);
#859=DIRECTION('',(0.E0,-1.E0,0.E0));
#860=VECTOR('',#859,4.E0);
#861=CARTESIAN_POINT('',(-4.55E0,-1.31E1,-2.145E1));
#862=LINE('',#861,#860);
#863=DIRECTION('',(0.E0,-1.E0,0.E0));
#864=VECTOR('',#863,4.E0);
#865=CARTESIAN_POINT('',(-4.55E0,-1.31E1,-2.24E1));
#866=LINE('',#865,#864);
#867=DIRECTION('',(0.E0,-1.E0,0.E0));
#868=VECTOR('',#867,4.E0);
#869=CARTESIAN_POINT('',(-5.5E0,-1.31E1,-1.235E1));
#870=LINE('',#869,#868);
#871=DIRECTION('',(0.E0,-1.E0,0.E0));
#872=VECTOR('',#871,4.E0);
#873=CARTESIAN_POINT('',(-4.55E0,-1.31E1,-1.235E1));
#874=LINE('',#873,#872);
#875=DIRECTION('',(0.E0,-1.E0,0.E0));
#876=VECTOR('',#875,3.5E-1);
#877=CARTESIAN_POINT('',(-5.5E0,-1.275E1,-1.39E1));
#878=LINE('',#877,#876);
#879=DIRECTION('',(-1.E0,0.E0,0.E0));
#880=VECTOR('',#879,2.5E0);
#881=CARTESIAN_POINT('',(5.5E0,-1.275E1,-1.99E1));
#882=LINE('',#881,#880);
#883=DIRECTION('',(0.E0,0.E0,1.E0));
#884=VECTOR('',#883,2.5E0);
#885=CARTESIAN_POINT('',(3.E0,-1.275E1,-2.24E1));
#886=LINE('',#885,#884);
#887=DIRECTION('',(1.E0,0.E0,0.E0));
#888=VECTOR('',#887,6.E0);
#889=CARTESIAN_POINT('',(-3.E0,-1.275E1,-2.24E1));
#890=LINE('',#889,#888);
#891=DIRECTION('',(0.E0,0.E0,1.E0));
#892=VECTOR('',#891,2.5E0);
#893=CARTESIAN_POINT('',(-3.E0,-1.275E1,-2.24E1));
#894=LINE('',#893,#892);
#895=DIRECTION('',(1.E0,0.E0,0.E0));
#896=VECTOR('',#895,2.5E0);
#897=CARTESIAN_POINT('',(-5.5E0,-1.275E1,-1.99E1));
#898=LINE('',#897,#896);
#899=DIRECTION('',(0.E0,0.E0,-1.E0));
#900=VECTOR('',#899,6.E0);
#901=CARTESIAN_POINT('',(-5.5E0,-1.275E1,-1.39E1));
#902=LINE('',#901,#900);
#903=DIRECTION('',(1.E0,0.E0,0.E0));
#904=VECTOR('',#903,2.5E0);
#905=CARTESIAN_POINT('',(-5.5E0,-1.275E1,-1.39E1));
#906=LINE('',#905,#904);
#907=DIRECTION('',(0.E0,0.E0,-1.E0));
#908=VECTOR('',#907,2.5E0);
#909=CARTESIAN_POINT('',(-3.E0,-1.275E1,-1.14E1));
#910=LINE('',#909,#908);
#911=DIRECTION('',(-1.E0,0.E0,0.E0));
#912=VECTOR('',#911,6.E0);
#913=CARTESIAN_POINT('',(3.E0,-1.275E1,-1.14E1));
#914=LINE('',#913,#912);
#915=DIRECTION('',(0.E0,0.E0,-1.E0));
#916=VECTOR('',#915,2.5E0);
#917=CARTESIAN_POINT('',(3.E0,-1.275E1,-1.14E1));
#918=LINE('',#917,#916);
#919=DIRECTION('',(-1.E0,0.E0,0.E0));
#920=VECTOR('',#919,2.5E0);
#921=CARTESIAN_POINT('',(5.5E0,-1.275E1,-1.39E1));
#922=LINE('',#921,#920);
#923=DIRECTION('',(0.E0,0.E0,1.E0));
#924=VECTOR('',#923,6.E0);
#925=CARTESIAN_POINT('',(5.5E0,-1.275E1,-1.99E1));
#926=LINE('',#925,#924);
#927=CARTESIAN_POINT('',(0.E0,-1.275E1,-1.69E1));
#928=DIRECTION('',(0.E0,1.E0,0.E0));
#929=DIRECTION('',(0.E0,0.E0,-1.E0));
#930=AXIS2_PLACEMENT_3D('',#927,#928,#929);
#932=CARTESIAN_POINT('',(0.E0,-1.275E1,-1.69E1));
#933=DIRECTION('',(0.E0,1.E0,0.E0));
#934=DIRECTION('',(0.E0,0.E0,1.E0));
#935=AXIS2_PLACEMENT_3D('',#932,#933,#934);
#937=DIRECTION('',(0.E0,-1.E0,0.E0));
#938=VECTOR('',#937,3.5E-1);
#939=CARTESIAN_POINT('',(5.5E0,-1.275E1,-1.99E1));
#940=LINE('',#939,#938);
#941=DIRECTION('',(0.E0,-1.E0,0.E0));
#942=VECTOR('',#941,3.5E-1);
#943=CARTESIAN_POINT('',(3.E0,-1.275E1,-1.99E1));
#944=LINE('',#943,#942);
#945=DIRECTION('',(0.E0,-1.E0,0.E0));
#946=VECTOR('',#945,3.5E-1);
#947=CARTESIAN_POINT('',(-3.E0,-1.275E1,-2.24E1));
#948=LINE('',#947,#946);
#949=DIRECTION('',(0.E0,-1.E0,0.E0));
#950=VECTOR('',#949,3.5E-1);
#951=CARTESIAN_POINT('',(-3.E0,-1.275E1,-1.99E1));
#952=LINE('',#951,#950);
#953=DIRECTION('',(0.E0,-1.E0,0.E0));
#954=VECTOR('',#953,3.5E-1);
#955=CARTESIAN_POINT('',(-3.E0,-1.275E1,-1.39E1));
#956=LINE('',#955,#954);
#957=DIRECTION('',(0.E0,-1.E0,0.E0));
#958=VECTOR('',#957,3.5E-1);
#959=CARTESIAN_POINT('',(3.E0,-1.275E1,-1.14E1));
#960=LINE('',#959,#958);
#961=DIRECTION('',(0.E0,-1.E0,0.E0));
#962=VECTOR('',#961,3.5E-1);
#963=CARTESIAN_POINT('',(3.E0,-1.275E1,-1.39E1));
#964=LINE('',#963,#962);
#965=DIRECTION('',(0.E0,-1.E0,0.E0));
#966=VECTOR('',#965,4.6038E0);
#967=CARTESIAN_POINT('',(0.E0,-1.275E1,-1.735E1));
#968=LINE('',#967,#966);
#969=DIRECTION('',(0.E0,-1.E0,0.E0));
#970=VECTOR('',#969,4.6038E0);
#971=CARTESIAN_POINT('',(0.E0,-1.275E1,-1.645E1));
#972=LINE('',#971,#970);
#973=CARTESIAN_POINT('',(0.E0,-1.73538E1,-1.69E1));
#974=DIRECTION('',(0.E0,1.E0,0.E0));
#975=DIRECTION('',(0.E0,0.E0,-1.E0));
#976=AXIS2_PLACEMENT_3D('',#973,#974,#975);
#978=CARTESIAN_POINT('',(0.E0,-1.73538E1,-1.69E1));
#979=DIRECTION('',(0.E0,1.E0,0.E0));
#980=DIRECTION('',(0.E0,0.E0,1.E0));
#981=AXIS2_PLACEMENT_3D('',#978,#979,#980);
#983=DIRECTION('',(0.E0,-1.E0,0.E0));
#984=VECTOR('',#983,4.E0);
#985=CARTESIAN_POINT('',(4.55E0,-1.31E1,-2.145E1));
#986=LINE('',#985,#984);
#987=DIRECTION('',(0.E0,-1.E0,0.E0));
#988=VECTOR('',#987,4.E0);
#989=CARTESIAN_POINT('',(5.5E0,-1.31E1,-2.145E1));
#990=LINE('',#989,#988);
#991=DIRECTION('',(0.E0,-1.E0,0.E0));
#992=VECTOR('',#991,4.E0);
#993=CARTESIAN_POINT('',(4.55E0,-1.31E1,-1.235E1));
#994=LINE('',#993,#992);
#995=CARTESIAN_POINT('',(0.E0,-1.06E1,-1.69E1));
#996=DIRECTION('',(0.E0,-1.E0,0.E0));
#997=DIRECTION('',(0.E0,0.E0,1.E0));
#998=AXIS2_PLACEMENT_3D('',#995,#996,#997);
#1000=DIRECTION('',(0.E0,-1.E0,0.E0));
#1001=VECTOR('',#1000,5.1E0);
#1002=CARTESIAN_POINT('',(0.E0,-5.5E0,-1.15E1));
#1003=LINE('',#1002,#1001);
#1004=CARTESIAN_POINT('',(0.E0,-5.5E0,-1.69E1));
#1005=DIRECTION('',(0.E0,-1.E0,0.E0));
#1006=DIRECTION('',(0.E0,0.E0,-1.E0));
#1007=AXIS2_PLACEMENT_3D('',#1004,#1005,#1006);
#1009=DIRECTION('',(0.E0,-1.E0,0.E0));
#1010=VECTOR('',#1009,1.E1);
#1011=CARTESIAN_POINT('',(5.5E0,5.E0,-2.24E1));
#1012=LINE('',#1011,#1010);
#1013=CARTESIAN_POINT('',(5.5E0,5.E0,-2.24E1));
#1014=CARTESIAN_POINT('',(5.287421411616E0,5.032990395433E0,-2.24E1));
#1015=CARTESIAN_POINT('',(4.878065626533E0,5.094585076411E0,-2.24E1));
#1016=CARTESIAN_POINT('',(4.318130293700E0,5.173360947502E0,-2.24E1));
#1017=CARTESIAN_POINT('',(3.792508954212E0,5.241816948785E0,-2.24E1));
#1018=CARTESIAN_POINT('',(3.292523772134E0,5.301243431080E0,-2.24E1));
#1019=CARTESIAN_POINT('',(2.809723275339E0,5.352675275733E0,-2.24E1));
#1020=CARTESIAN_POINT('',(2.337424434098E0,5.396653020285E0,-2.24E1));
#1021=CARTESIAN_POINT('',(1.870430427486E0,5.433331916536E0,-2.24E1));
#1022=CARTESIAN_POINT('',(1.404832704464E0,5.462559266958E0,-2.24E1));
#1023=CARTESIAN_POINT('',(9.382574554684E-1,5.483956481758E0,-2.24E1));
#1024=CARTESIAN_POINT('',(4.697344340977E-1,5.497055803191E0,-2.24E1));
#1025=CARTESIAN_POINT('',(1.567238333473E-1,5.5E0,-2.24E1));
#1026=CARTESIAN_POINT('',(0.E0,5.5E0,-2.24E1));
#1028=CARTESIAN_POINT('',(0.E0,5.5E0,-2.24E1));
#1029=CARTESIAN_POINT('',(-1.567545156892E-1,5.5E0,-2.24E1));
#1030=CARTESIAN_POINT('',(-4.698252370119E-1,5.497054684025E0,-2.24E1));
#1031=CARTESIAN_POINT('',(-9.384429820180E-1,5.483950141330E0,-2.24E1));
#1032=CARTESIAN_POINT('',(-1.405092672187E0,5.462545422376E0,-2.24E1));
#1033=CARTESIAN_POINT('',(-1.870727927894E0,5.433310920876E0,-2.24E1));
#1034=CARTESIAN_POINT('',(-2.337714025925E0,5.396627901181E0,-2.24E1));
#1035=CARTESIAN_POINT('',(-2.809935599393E0,5.352653492411E0,-2.24E1));
#1036=CARTESIAN_POINT('',(-3.292592299751E0,5.301235064977E0,-2.24E1));
#1037=CARTESIAN_POINT('',(-3.792431835245E0,5.241826024423E0,-2.24E1));
#1038=CARTESIAN_POINT('',(-4.317949989726E0,5.173385409640E0,-2.24E1));
#1039=CARTESIAN_POINT('',(-4.877966494733E0,5.094599885713E0,-2.24E1));
#1040=CARTESIAN_POINT('',(-5.287381048254E0,5.032996659485E0,-2.24E1));
#1041=CARTESIAN_POINT('',(-5.5E0,5.E0,-2.24E1));
#1043=DIRECTION('',(0.E0,1.E0,0.E0));
#1044=VECTOR('',#1043,1.E1);
#1045=CARTESIAN_POINT('',(-5.5E0,-5.E0,-2.24E1));
#1046=LINE('',#1045,#1044);
#1047=CARTESIAN_POINT('',(-2.461775087381E-14,-5.5E0,-2.24E1));
#1048=CARTESIAN_POINT('',(-1.567545156892E-1,-5.5E0,-2.24E1));
#1049=CARTESIAN_POINT('',(-4.698252370120E-1,-5.497054684025E0,-2.24E1));
#1050=CARTESIAN_POINT('',(-9.384429820180E-1,-5.483950141330E0,-2.24E1));
#1051=CARTESIAN_POINT('',(-1.405092672187E0,-5.462545422376E0,-2.24E1));
#1052=CARTESIAN_POINT('',(-1.870727927894E0,-5.433310920876E0,-2.24E1));
#1053=CARTESIAN_POINT('',(-2.337714025925E0,-5.396627901181E0,-2.24E1));
#1054=CARTESIAN_POINT('',(-2.809935599393E0,-5.352653492411E0,-2.24E1));
#1055=CARTESIAN_POINT('',(-3.292592299751E0,-5.301235064977E0,-2.24E1));
#1056=CARTESIAN_POINT('',(-3.792431835245E0,-5.241826024423E0,-2.24E1));
#1057=CARTESIAN_POINT('',(-4.317949989726E0,-5.173385409640E0,-2.24E1));
#1058=CARTESIAN_POINT('',(-4.877966494733E0,-5.094599885713E0,-2.24E1));
#1059=CARTESIAN_POINT('',(-5.287381048254E0,-5.032996659485E0,-2.24E1));
#1060=CARTESIAN_POINT('',(-5.5E0,-5.E0,-2.24E1));
#1062=CARTESIAN_POINT('',(5.5E0,-5.E0,-2.24E1));
#1063=CARTESIAN_POINT('',(5.287421411616E0,-5.032990395433E0,-2.24E1));
#1064=CARTESIAN_POINT('',(4.878065626533E0,-5.094585076411E0,-2.24E1));
#1065=CARTESIAN_POINT('',(4.318130293700E0,-5.173360947502E0,-2.24E1));
#1066=CARTESIAN_POINT('',(3.792508954212E0,-5.241816948785E0,-2.24E1));
#1067=CARTESIAN_POINT('',(3.292523772134E0,-5.301243431080E0,-2.24E1));
#1068=CARTESIAN_POINT('',(2.809723275339E0,-5.352675275733E0,-2.24E1));
#1069=CARTESIAN_POINT('',(2.337424434098E0,-5.396653020285E0,-2.24E1));
#1070=CARTESIAN_POINT('',(1.870430427486E0,-5.433331916536E0,-2.24E1));
#1071=CARTESIAN_POINT('',(1.404832704464E0,-5.462559266958E0,-2.24E1));
#1072=CARTESIAN_POINT('',(9.382574554684E-1,-5.483956481758E0,-2.24E1));
#1073=CARTESIAN_POINT('',(4.697344340977E-1,-5.497055803191E0,-2.24E1));
#1074=CARTESIAN_POINT('',(1.567238333474E-1,-5.5E0,-2.24E1));
#1075=CARTESIAN_POINT('',(-2.461775087381E-14,-5.5E0,-2.24E1));
#1077=CARTESIAN_POINT('',(0.E0,5.5E0,-1.69E1));
#1078=DIRECTION('',(0.E0,1.E0,0.E0));
#1079=DIRECTION('',(-1.E0,0.E0,0.E0));
#1080=AXIS2_PLACEMENT_3D('',#1077,#1078,#1079);
#1082=CARTESIAN_POINT('',(0.E0,5.5E0,-1.69E1));
#1083=DIRECTION('',(0.E0,1.E0,0.E0));
#1084=DIRECTION('',(0.E0,0.E0,1.E0));
#1085=AXIS2_PLACEMENT_3D('',#1082,#1083,#1084);
#1087=CARTESIAN_POINT('',(0.E0,5.5E0,-1.69E1));
#1088=DIRECTION('',(0.E0,1.E0,0.E0));
#1089=DIRECTION('',(0.E0,0.E0,-1.E0));
#1090=AXIS2_PLACEMENT_3D('',#1087,#1088,#1089);
#1092=CARTESIAN_POINT('',(0.E0,-5.5E0,-4.23E0));
#1093=DIRECTION('',(0.E0,-1.E0,0.E0));
#1094=DIRECTION('',(0.E0,0.E0,-1.E0));
#1095=AXIS2_PLACEMENT_3D('',#1092,#1093,#1094);
#1097=DIRECTION('',(0.E0,1.E0,0.E0));
#1098=VECTOR('',#1097,1.04E0);
#1099=CARTESIAN_POINT('',(0.E0,-5.5E0,-3.23E0));
#1100=LINE('',#1099,#1098);
#1101=CARTESIAN_POINT('',(0.E0,-5.5E0,-4.23E0));
#1102=DIRECTION('',(0.E0,1.E0,0.E0));
#1103=DIRECTION('',(0.E0,0.E0,-1.E0));
#1104=AXIS2_PLACEMENT_3D('',#1101,#1102,#1103);
#1106=DIRECTION('',(0.E0,1.E0,0.E0));
#1107=VECTOR('',#1106,1.04E0);
#1108=CARTESIAN_POINT('',(0.E0,-5.5E0,-5.23E0));
#1109=LINE('',#1108,#1107);
#1110=CARTESIAN_POINT('',(0.E0,4.46E0,-4.23E0));
#1111=DIRECTION('',(0.E0,1.E0,0.E0));
#1112=DIRECTION('',(-7.097492514966E-1,0.E0,7.044543988080E-1));
#1113=AXIS2_PLACEMENT_3D('',#1110,#1111,#1112);
#1115=CARTESIAN_POINT('',(0.E0,4.46E0,-4.23E0));
#1116=DIRECTION('',(0.E0,1.E0,0.E0));
#1117=DIRECTION('',(7.097492514966E-1,0.E0,-7.044543988080E-1));
#1118=AXIS2_PLACEMENT_3D('',#1115,#1116,#1117);
#1120=CARTESIAN_POINT('',(0.E0,4.46E0,-4.23E0));
#1121=DIRECTION('',(0.E0,-1.E0,0.E0));
#1122=DIRECTION('',(0.E0,0.E0,-1.E0));
#1123=AXIS2_PLACEMENT_3D('',#1120,#1121,#1122);
#1125=CARTESIAN_POINT('',(0.E0,4.46E0,-4.23E0));
#1126=DIRECTION('',(0.E0,-1.E0,0.E0));
#1127=DIRECTION('',(0.E0,0.E0,1.E0));
#1128=AXIS2_PLACEMENT_3D('',#1125,#1126,#1127);
#1130=DIRECTION('',(0.E0,1.E0,0.E0));
#1131=VECTOR('',#1130,1.04E0);
#1132=CARTESIAN_POINT('',(0.E0,4.46E0,-5.23E0));
#1133=LINE('',#1132,#1131);
#1134=DIRECTION('',(0.E0,1.E0,0.E0));
#1135=VECTOR('',#1134,1.04E0);
#1136=CARTESIAN_POINT('',(0.E0,4.46E0,-3.23E0));
#1137=LINE('',#1136,#1135);
#1138=CARTESIAN_POINT('',(0.E0,5.5E0,-4.23E0));
#1139=DIRECTION('',(0.E0,1.E0,0.E0));
#1140=DIRECTION('',(0.E0,0.E0,-1.E0));
#1141=AXIS2_PLACEMENT_3D('',#1138,#1139,#1140);
#1143=CARTESIAN_POINT('',(0.E0,5.5E0,-4.23E0));
#1144=DIRECTION('',(0.E0,-1.E0,0.E0));
#1145=DIRECTION('',(0.E0,0.E0,-1.E0));
#1146=AXIS2_PLACEMENT_3D('',#1143,#1144,#1145);
#1148=DIRECTION('',(-5.734623443633E-1,-4.870064269053E-11,-8.192319205190E-1));
#1149=VECTOR('',#1148,6.103277807860E-1);
#1150=CARTESIAN_POINT('',(4.499999999999E0,9.639999383749E-11,
-1.934156538634E-12));
#1151=LINE('',#1150,#1149);
#1152=DIRECTION('',(5.734623443633E-1,4.870090992478E-11,-8.192319205190E-1));
#1153=VECTOR('',#1152,6.103277807860E-1);
#1154=CARTESIAN_POINT('',(-4.499999999999E0,-9.640026474317E-11,
-1.934156538634E-12));
#1155=LINE('',#1154,#1153);
#1156=CARTESIAN_POINT('',(0.E0,0.E0,-5.E-1));
#1157=DIRECTION('',(0.E0,0.E0,-1.E0));
#1158=DIRECTION('',(-1.E0,0.E0,0.E0));
#1159=AXIS2_PLACEMENT_3D('',#1156,#1157,#1158);
#1161=DIRECTION('',(-1.214503394265E-13,8.642188915657E-12,1.E0));
#1162=VECTOR('',#1161,7.715319999999E0);
#1163=CARTESIAN_POINT('',(4.15E0,0.E0,-8.21532E0));
#1164=LINE('',#1163,#1162);
#1165=CARTESIAN_POINT('',(0.E0,0.E0,-8.21532E0));
#1166=DIRECTION('',(0.E0,0.E0,-1.E0));
#1167=DIRECTION('',(-1.E0,0.E0,0.E0));
#1168=AXIS2_PLACEMENT_3D('',#1165,#1166,#1167);
#1170=DIRECTION('',(1.211049830110E-13,-8.642123264690E-12,1.E0));
#1171=VECTOR('',#1170,7.715319999999E0);
#1172=CARTESIAN_POINT('',(-4.15E0,0.E0,-8.21532E0));
#1173=LINE('',#1172,#1171);
#1174=CARTESIAN_POINT('',(0.E0,0.E0,-5.E-1));
#1175=DIRECTION('',(0.E0,0.E0,-1.E0));
#1176=DIRECTION('',(1.E0,0.E0,0.E0));
#1177=AXIS2_PLACEMENT_3D('',#1174,#1175,#1176);
#1179=CARTESIAN_POINT('',(0.E0,0.E0,-8.21532E0));
#1180=DIRECTION('',(0.E0,0.E0,1.E0));
#1181=DIRECTION('',(-1.E0,0.E0,0.E0));
#1182=AXIS2_PLACEMENT_3D('',#1179,#1180,#1181);
#1184=CARTESIAN_POINT('',(0.E0,0.E0,-8.21532E0));
#1185=DIRECTION('',(0.E0,0.E0,1.E0));
#1186=DIRECTION('',(-1.E0,0.E0,0.E0));
#1187=AXIS2_PLACEMENT_3D('',#1184,#1185,#1186);
#1189=CARTESIAN_POINT('',(0.E0,0.E0,-8.21532E0));
#1190=DIRECTION('',(0.E0,0.E0,-1.E0));
#1191=DIRECTION('',(-1.E0,0.E0,0.E0));
#1192=AXIS2_PLACEMENT_3D('',#1189,#1190,#1191);
#1194=CARTESIAN_POINT('',(0.E0,0.E0,-3.31395E0));
#1195=DIRECTION('',(0.E0,0.E0,1.E0));
#1196=DIRECTION('',(-1.E0,0.E0,0.E0));
#1197=AXIS2_PLACEMENT_3D('',#1194,#1195,#1196);
#1199=DIRECTION('',(0.E0,0.E0,-1.E0));
#1200=VECTOR('',#1199,4.90137E0);
#1201=CARTESIAN_POINT('',(-2.410415E0,0.E0,-3.31395E0));
#1202=LINE('',#1201,#1200);
#1203=DIRECTION('',(0.E0,0.E0,-1.E0));
#1204=VECTOR('',#1203,4.90137E0);
#1205=CARTESIAN_POINT('',(2.410415E0,0.E0,-3.31395E0));
#1206=LINE('',#1205,#1204);
#1207=CARTESIAN_POINT('',(0.E0,0.E0,-3.31395E0));
#1208=DIRECTION('',(0.E0,0.E0,-1.E0));
#1209=DIRECTION('',(-1.E0,0.E0,0.E0));
#1210=AXIS2_PLACEMENT_3D('',#1207,#1208,#1209);
#1212=CARTESIAN_POINT('',(0.E0,0.E0,-3.31395E0));
#1213=DIRECTION('',(0.E0,0.E0,1.E0));
#1214=DIRECTION('',(1.E0,0.E0,0.E0));
#1215=AXIS2_PLACEMENT_3D('',#1212,#1213,#1214);
#1217=CARTESIAN_POINT('',(0.E0,0.E0,-3.31395E0));
#1218=DIRECTION('',(0.E0,0.E0,1.E0));
#1219=DIRECTION('',(-1.E0,0.E0,0.E0));
#1220=AXIS2_PLACEMENT_3D('',#1217,#1218,#1219);
#1222=DIRECTION('',(7.070854012733E-1,0.E0,-7.071281604534E-1));
#1223=VECTOR('',#1222,5.612829783861E-1);
#1224=CARTESIAN_POINT('',(-1.14032E0,0.E0,-3.31395E0));
#1225=LINE('',#1224,#1223);
#1226=DIRECTION('',(-7.070854012733E-1,0.E0,-7.071281604534E-1));
#1227=VECTOR('',#1226,5.612829783861E-1);
#1228=CARTESIAN_POINT('',(1.14032E0,0.E0,-3.31395E0));
#1229=LINE('',#1228,#1227);
#1230=DIRECTION('',(0.E0,0.E0,-1.E0));
#1231=VECTOR('',#1230,6.03101E-1);
#1232=CARTESIAN_POINT('',(7.43445E-1,0.E0,-3.710849E0));
#1233=LINE('',#1232,#1231);
#1234=CARTESIAN_POINT('',(0.E0,0.E0,-3.710849E0));
#1235=DIRECTION('',(0.E0,0.E0,-1.E0));
#1236=DIRECTION('',(1.E0,0.E0,0.E0));
#1237=AXIS2_PLACEMENT_3D('',#1234,#1235,#1236);
#1239=DIRECTION('',(0.E0,0.E0,-1.E0));
#1240=VECTOR('',#1239,6.03101E-1);
#1241=CARTESIAN_POINT('',(-7.43445E-1,0.E0,-3.710849E0));
#1242=LINE('',#1241,#1240);
#1243=CARTESIAN_POINT('',(0.E0,0.E0,-3.710849E0));
#1244=DIRECTION('',(0.E0,0.E0,1.E0));
#1245=DIRECTION('',(1.E0,0.E0,0.E0));
#1246=AXIS2_PLACEMENT_3D('',#1243,#1244,#1245);
#1248=CARTESIAN_POINT('',(0.E0,0.E0,-4.31395E0));
#1249=DIRECTION('',(0.E0,0.E0,-1.E0));
#1250=DIRECTION('',(1.E0,0.E0,0.E0));
#1251=AXIS2_PLACEMENT_3D('',#1248,#1249,#1250);
#1253=CARTESIAN_POINT('',(0.E0,0.E0,-4.31395E0));
#1254=DIRECTION('',(0.E0,0.E0,1.E0));
#1255=DIRECTION('',(1.E0,0.E0,0.E0));
#1256=AXIS2_PLACEMENT_3D('',#1253,#1254,#1255);
#1258=CARTESIAN_POINT('',(4.8E0,0.E0,0.E0));
#1259=CARTESIAN_POINT('',(-4.8E0,0.E0,0.E0));
#1260=VERTEX_POINT('',#1258);
#1261=VERTEX_POINT('',#1259);
#1262=CARTESIAN_POINT('',(4.8E0,0.E0,-1.14E1));
#1263=CARTESIAN_POINT('',(-4.8E0,0.E0,-1.14E1));
#1264=VERTEX_POINT('',#1262);
#1265=VERTEX_POINT('',#1263);
#1266=CARTESIAN_POINT('',(0.E0,-5.5E0,-2.23E1));
#1267=CARTESIAN_POINT('',(0.E0,-5.5E0,-1.15E1));
#1268=VERTEX_POINT('',#1266);
#1269=VERTEX_POINT('',#1267);
#1270=CARTESIAN_POINT('',(5.5E0,-1.06E1,-1.14E1));
#1271=CARTESIAN_POINT('',(-5.5E0,-1.06E1,-1.14E1));
#1272=VERTEX_POINT('',#1270);
#1273=VERTEX_POINT('',#1271);
#1274=CARTESIAN_POINT('',(-5.5E0,-1.06E1,-2.24E1));
#1275=VERTEX_POINT('',#1274);
#1276=CARTESIAN_POINT('',(5.5E0,-1.06E1,-2.24E1));
#1277=VERTEX_POINT('',#1276);
#1278=CARTESIAN_POINT('',(0.E0,-1.06E1,-2.23E1));
#1279=CARTESIAN_POINT('',(0.E0,-1.06E1,-1.15E1));
#1280=VERTEX_POINT('',#1278);
#1281=VERTEX_POINT('',#1279);
#1282=CARTESIAN_POINT('',(5.5E0,-1.31E1,-1.99E1));
#1283=CARTESIAN_POINT('',(3.E0,-1.31E1,-1.99E1));
#1284=VERTEX_POINT('',#1282);
#1285=VERTEX_POINT('',#1283);
#1286=CARTESIAN_POINT('',(3.E0,-1.31E1,-2.24E1));
#1287=VERTEX_POINT('',#1286);
#1288=CARTESIAN_POINT('',(-3.E0,-1.31E1,-2.24E1));
#1289=CARTESIAN_POINT('',(-3.E0,-1.31E1,-1.99E1));
#1290=VERTEX_POINT('',#1288);
#1291=VERTEX_POINT('',#1289);
#1292=CARTESIAN_POINT('',(-5.5E0,-1.31E1,-1.99E1));
#1293=VERTEX_POINT('',#1292);
#1294=CARTESIAN_POINT('',(3.E0,-1.31E1,-1.14E1));
#1295=CARTESIAN_POINT('',(3.E0,-1.31E1,-1.39E1));
#1296=VERTEX_POINT('',#1294);
#1297=VERTEX_POINT('',#1295);
#1298=CARTESIAN_POINT('',(5.5E0,-1.31E1,-1.39E1));
#1299=VERTEX_POINT('',#1298);
#1300=CARTESIAN_POINT('',(-5.5E0,-1.31E1,-1.39E1));
#1301=CARTESIAN_POINT('',(-3.E0,-1.31E1,-1.39E1));
#1302=VERTEX_POINT('',#1300);
#1303=VERTEX_POINT('',#1301);
#1304=CARTESIAN_POINT('',(-3.E0,-1.31E1,-1.14E1));
#1305=VERTEX_POINT('',#1304);
#1306=CARTESIAN_POINT('',(5.5E0,-1.275E1,-1.99E1));
#1307=CARTESIAN_POINT('',(3.E0,-1.275E1,-1.99E1));
#1308=VERTEX_POINT('',#1306);
#1309=VERTEX_POINT('',#1307);
#1310=CARTESIAN_POINT('',(3.E0,-1.275E1,-2.24E1));
#1311=VERTEX_POINT('',#1310);
#1312=CARTESIAN_POINT('',(-3.E0,-1.275E1,-2.24E1));
#1313=CARTESIAN_POINT('',(-3.E0,-1.275E1,-1.99E1));
#1314=VERTEX_POINT('',#1312);
#1315=VERTEX_POINT('',#1313);
#1316=CARTESIAN_POINT('',(-5.5E0,-1.275E1,-1.99E1));
#1317=VERTEX_POINT('',#1316);
#1318=CARTESIAN_POINT('',(3.E0,-1.275E1,-1.14E1));
#1319=CARTESIAN_POINT('',(3.E0,-1.275E1,-1.39E1));
#1320=VERTEX_POINT('',#1318);
#1321=VERTEX_POINT('',#1319);
#1322=CARTESIAN_POINT('',(5.5E0,-1.275E1,-1.39E1));
#1323=VERTEX_POINT('',#1322);
#1324=CARTESIAN_POINT('',(-5.5E0,-1.275E1,-1.39E1));
#1325=CARTESIAN_POINT('',(-3.E0,-1.275E1,-1.39E1));
#1326=VERTEX_POINT('',#1324);
#1327=VERTEX_POINT('',#1325);
#1328=CARTESIAN_POINT('',(-3.E0,-1.275E1,-1.14E1));
#1329=VERTEX_POINT('',#1328);
#1330=CARTESIAN_POINT('',(5.5E0,-1.71E1,-1.14E1));
#1331=CARTESIAN_POINT('',(4.55E0,-1.71E1,-1.14E1));
#1332=VERTEX_POINT('',#1330);
#1333=VERTEX_POINT('',#1331);
#1334=CARTESIAN_POINT('',(4.55E0,-1.71E1,-1.235E1));
#1335=VERTEX_POINT('',#1334);
#1336=CARTESIAN_POINT('',(5.5E0,-1.71E1,-1.235E1));
#1337=VERTEX_POINT('',#1336);
#1338=CARTESIAN_POINT('',(5.5E0,-1.71E1,-2.24E1));
#1339=CARTESIAN_POINT('',(5.5E0,-1.71E1,-2.145E1));
#1340=VERTEX_POINT('',#1338);
#1341=VERTEX_POINT('',#1339);
#1342=CARTESIAN_POINT('',(4.55E0,-1.71E1,-2.145E1));
#1343=VERTEX_POINT('',#1342);
#1344=CARTESIAN_POINT('',(4.55E0,-1.71E1,-2.24E1));
#1345=VERTEX_POINT('',#1344);
#1346=CARTESIAN_POINT('',(-5.5E0,-1.71E1,-1.14E1));
#1347=CARTESIAN_POINT('',(-5.5E0,-1.71E1,-1.235E1));
#1348=VERTEX_POINT('',#1346);
#1349=VERTEX_POINT('',#1347);
#1350=CARTESIAN_POINT('',(-4.55E0,-1.71E1,-1.235E1));
#1351=VERTEX_POINT('',#1350);
#1352=CARTESIAN_POINT('',(-4.55E0,-1.71E1,-1.14E1));
#1353=VERTEX_POINT('',#1352);
#1354=CARTESIAN_POINT('',(-5.5E0,-1.71E1,-2.24E1));
#1355=CARTESIAN_POINT('',(-4.55E0,-1.71E1,-2.24E1));
#1356=VERTEX_POINT('',#1354);
#1357=VERTEX_POINT('',#1355);
#1358=CARTESIAN_POINT('',(-4.55E0,-1.71E1,-2.145E1));
#1359=VERTEX_POINT('',#1358);
#1360=CARTESIAN_POINT('',(-5.5E0,-1.71E1,-2.145E1));
#1361=VERTEX_POINT('',#1360);
#1362=CARTESIAN_POINT('',(4.55E0,-1.31E1,-1.14E1));
#1363=CARTESIAN_POINT('',(4.55E0,-1.31E1,-1.235E1));
#1364=VERTEX_POINT('',#1362);
#1365=VERTEX_POINT('',#1363);
#1366=CARTESIAN_POINT('',(5.5E0,-1.31E1,-1.235E1));
#1367=VERTEX_POINT('',#1366);
#1368=CARTESIAN_POINT('',(5.5E0,-1.31E1,-2.145E1));
#1369=CARTESIAN_POINT('',(4.55E0,-1.31E1,-2.145E1));
#1370=VERTEX_POINT('',#1368);
#1371=VERTEX_POINT('',#1369);
#1372=CARTESIAN_POINT('',(4.55E0,-1.31E1,-2.24E1));
#1373=VERTEX_POINT('',#1372);
#1374=CARTESIAN_POINT('',(-5.5E0,-1.31E1,-1.235E1));
#1375=CARTESIAN_POINT('',(-4.55E0,-1.31E1,-1.235E1));
#1376=VERTEX_POINT('',#1374);
#1377=VERTEX_POINT('',#1375);
#1378=CARTESIAN_POINT('',(-4.55E0,-1.31E1,-1.14E1));
#1379=VERTEX_POINT('',#1378);
#1380=CARTESIAN_POINT('',(-4.55E0,-1.31E1,-2.24E1));
#1381=CARTESIAN_POINT('',(-4.55E0,-1.31E1,-2.145E1));
#1382=VERTEX_POINT('',#1380);
#1383=VERTEX_POINT('',#1381);
#1384=CARTESIAN_POINT('',(-5.5E0,-1.31E1,-2.145E1));
#1385=VERTEX_POINT('',#1384);
#1386=CARTESIAN_POINT('',(0.E0,-1.73538E1,-1.735E1));
#1387=CARTESIAN_POINT('',(0.E0,-1.73538E1,-1.645E1));
#1388=VERTEX_POINT('',#1386);
#1389=VERTEX_POINT('',#1387);
#1390=CARTESIAN_POINT('',(0.E0,-1.275E1,-1.735E1));
#1391=CARTESIAN_POINT('',(0.E0,-1.275E1,-1.645E1));
#1392=VERTEX_POINT('',#1390);
#1393=VERTEX_POINT('',#1391);
#1394=CARTESIAN_POINT('',(-2.410415E0,0.E0,-3.31395E0));
#1395=CARTESIAN_POINT('',(-2.410415E0,0.E0,-8.21532E0));
#1396=VERTEX_POINT('',#1394);
#1397=VERTEX_POINT('',#1395);
#1398=CARTESIAN_POINT('',(2.410415E0,0.E0,-3.31395E0));
#1399=CARTESIAN_POINT('',(2.410415E0,0.E0,-8.21532E0));
#1400=VERTEX_POINT('',#1398);
#1401=VERTEX_POINT('',#1399);
#1402=CARTESIAN_POINT('',(-4.15E0,0.E0,-8.21532E0));
#1403=CARTESIAN_POINT('',(4.15E0,0.E0,-8.21532E0));
#1404=VERTEX_POINT('',#1402);
#1405=VERTEX_POINT('',#1403);
#1406=CARTESIAN_POINT('',(4.5E0,0.E0,0.E0));
#1407=CARTESIAN_POINT('',(-4.5E0,0.E0,0.E0));
#1408=VERTEX_POINT('',#1406);
#1409=VERTEX_POINT('',#1407);
#1410=CARTESIAN_POINT('',(4.15E0,0.E0,-5.E-1));
#1411=CARTESIAN_POINT('',(-4.15E0,0.E0,-5.E-1));
#1412=VERTEX_POINT('',#1410);
#1413=VERTEX_POINT('',#1411);
#1414=CARTESIAN_POINT('',(7.43445E-1,0.E0,-3.710849E0));
#1415=CARTESIAN_POINT('',(7.43445E-1,0.E0,-4.31395E0));
#1416=VERTEX_POINT('',#1414);
#1417=VERTEX_POINT('',#1415);
#1418=CARTESIAN_POINT('',(-7.43445E-1,0.E0,-3.710849E0));
#1419=CARTESIAN_POINT('',(-7.43445E-1,0.E0,-4.31395E0));
#1420=VERTEX_POINT('',#1418);
#1421=VERTEX_POINT('',#1419);
#1422=CARTESIAN_POINT('',(5.5E0,5.E0,-1.14E1));
#1423=CARTESIAN_POINT('',(5.5E0,-5.E0,-1.14E1));
#1424=VERTEX_POINT('',#1422);
#1425=VERTEX_POINT('',#1423);
#1426=CARTESIAN_POINT('',(-5.5E0,-5.E0,-1.14E1));
#1427=CARTESIAN_POINT('',(-5.5E0,5.E0,-1.14E1));
#1428=VERTEX_POINT('',#1426);
#1429=VERTEX_POINT('',#1427);
#1430=CARTESIAN_POINT('',(5.5E0,5.E0,-2.24E1));
#1431=CARTESIAN_POINT('',(5.5E0,-5.E0,-2.24E1));
#1432=VERTEX_POINT('',#1430);
#1433=VERTEX_POINT('',#1431);
#1434=CARTESIAN_POINT('',(-5.5E0,-5.E0,-2.24E1));
#1435=CARTESIAN_POINT('',(-5.5E0,5.E0,-2.24E1));
#1436=VERTEX_POINT('',#1434);
#1437=VERTEX_POINT('',#1435);
#1438=VERTEX_POINT('',#455);
#1439=VERTEX_POINT('',#1026);
#1440=VERTEX_POINT('',#485);
#1441=VERTEX_POINT('',#580);
#1442=VERTEX_POINT('',#436);
#1443=VERTEX_POINT('',#1075);
#1444=VERTEX_POINT('',#530);
#1445=CARTESIAN_POINT('',(-5.5E0,-5.5E0,-1.69E1));
#1446=VERTEX_POINT('',#1445);
#1447=CARTESIAN_POINT('',(1.14032E0,0.E0,-3.31395E0));
#1448=CARTESIAN_POINT('',(-1.14032E0,0.E0,-3.31395E0));
#1449=VERTEX_POINT('',#1447);
#1450=VERTEX_POINT('',#1448);
#1451=CARTESIAN_POINT('',(4.8E0,0.E0,-3.009047777511E0));
#1452=VERTEX_POINT('',#1451);
#1453=CARTESIAN_POINT('',(4.8E0,0.E0,-5.450952222489E0));
#1454=VERTEX_POINT('',#1453);
#1455=CARTESIAN_POINT('',(-4.8E0,0.E0,-3.009047777511E0));
#1456=VERTEX_POINT('',#1455);
#1457=CARTESIAN_POINT('',(-4.8E0,0.E0,-5.450952222489E0));
#1458=VERTEX_POINT('',#1457);
#1459=VERTEX_POINT('',#282);
#1460=VERTEX_POINT('',#293);
#1461=CARTESIAN_POINT('',(-1.774373128742E0,4.46E0,-3.009047777511E0));
#1462=VERTEX_POINT('',#1461);
#1463=CARTESIAN_POINT('',(-1.774373128742E0,4.46E0,-5.450952222489E0));
#1464=VERTEX_POINT('',#1463);
#1465=CARTESIAN_POINT('',(1.774373128742E0,4.46E0,-5.991135997020E0));
#1466=VERTEX_POINT('',#1465);
#1467=CARTESIAN_POINT('',(1.774373128742E0,4.46E0,-2.468864002980E0));
#1468=VERTEX_POINT('',#1467);
#1469=CARTESIAN_POINT('',(-1.774373128742E0,4.46E0,-5.991135997020E0));
#1470=VERTEX_POINT('',#1469);
#1471=CARTESIAN_POINT('',(-1.774373128742E0,4.46E0,-2.468864002980E0));
#1472=VERTEX_POINT('',#1471);
#1473=CARTESIAN_POINT('',(-1.774373128742E0,-4.46E0,-2.468864002980E0));
#1474=CARTESIAN_POINT('',(1.774373128742E0,-4.46E0,-2.468864002980E0));
#1475=VERTEX_POINT('',#1473);
#1476=VERTEX_POINT('',#1474);
#1477=CARTESIAN_POINT('',(1.774373128742E0,-4.46E0,-5.991135997020E0));
#1478=CARTESIAN_POINT('',(-1.774373128742E0,-4.46E0,-5.991135997020E0));
#1479=VERTEX_POINT('',#1477);
#1480=VERTEX_POINT('',#1478);
#1481=CARTESIAN_POINT('',(-1.774373128742E0,-4.46E0,-5.450952222489E0));
#1482=VERTEX_POINT('',#1481);
#1483=CARTESIAN_POINT('',(-1.774373128742E0,-4.46E0,-3.009047777511E0));
#1484=VERTEX_POINT('',#1483);
#1485=CARTESIAN_POINT('',(1.774373128742E0,-4.46E0,-5.450952222489E0));
#1486=VERTEX_POINT('',#1485);
#1487=CARTESIAN_POINT('',(1.774373128742E0,-4.46E0,-3.009047777511E0));
#1488=VERTEX_POINT('',#1487);
#1489=CARTESIAN_POINT('',(0.E0,5.5E0,-5.23E0));
#1490=CARTESIAN_POINT('',(0.E0,5.5E0,-3.23E0));
#1491=VERTEX_POINT('',#1489);
#1492=VERTEX_POINT('',#1490);
#1493=CARTESIAN_POINT('',(0.E0,-5.5E0,-5.23E0));
#1494=CARTESIAN_POINT('',(0.E0,-5.5E0,-3.23E0));
#1495=VERTEX_POINT('',#1493);
#1496=VERTEX_POINT('',#1494);
#1497=CARTESIAN_POINT('',(0.E0,4.46E0,-5.23E0));
#1498=CARTESIAN_POINT('',(0.E0,4.46E0,-3.23E0));
#1499=VERTEX_POINT('',#1497);
#1500=VERTEX_POINT('',#1498);
#1501=CARTESIAN_POINT('',(0.E0,-4.46E0,-5.23E0));
#1502=CARTESIAN_POINT('',(0.E0,-4.46E0,-3.23E0));
#1503=VERTEX_POINT('',#1501);
#1504=VERTEX_POINT('',#1502);
#1505=CARTESIAN_POINT('',(0.E0,0.E0,0.E0));
#1506=DIRECTION('',(0.E0,0.E0,1.E0));
#1507=DIRECTION('',(1.E0,0.E0,0.E0));
#1508=AXIS2_PLACEMENT_3D('',#1505,#1506,#1507);
#1509=PLANE('',#1508);
#1511=ORIENTED_EDGE('',*,*,#1510,.F.);
#1513=ORIENTED_EDGE('',*,*,#1512,.F.);
#1514=EDGE_LOOP('',(#1511,#1513));
#1515=FACE_OUTER_BOUND('',#1514,.F.);
#1517=ORIENTED_EDGE('',*,*,#1516,.F.);
#1519=ORIENTED_EDGE('',*,*,#1518,.F.);
#1520=EDGE_LOOP('',(#1517,#1519));
#1521=FACE_BOUND('',#1520,.F.);
#1523=CARTESIAN_POINT('',(0.E0,0.E0,0.E0));
#1524=DIRECTION('',(0.E0,0.E0,1.E0));
#1525=DIRECTION('',(1.E0,0.E0,0.E0));
#1526=AXIS2_PLACEMENT_3D('',#1523,#1524,#1525);
#1527=CYLINDRICAL_SURFACE('',#1526,4.8E0);
#1529=ORIENTED_EDGE('',*,*,#1528,.F.);
#1531=ORIENTED_EDGE('',*,*,#1530,.F.);
#1532=ORIENTED_EDGE('',*,*,#1510,.T.);
#1534=ORIENTED_EDGE('',*,*,#1533,.T.);
#1536=ORIENTED_EDGE('',*,*,#1535,.F.);
#1538=ORIENTED_EDGE('',*,*,#1537,.T.);
#1540=ORIENTED_EDGE('',*,*,#1539,.F.);
#1542=ORIENTED_EDGE('',*,*,#1541,.F.);
#1543=EDGE_LOOP('',(#1529,#1531,#1532,#1534,#1536,#1538,#1540,#1542));
#1544=FACE_OUTER_BOUND('',#1543,.F.);
#1546=CARTESIAN_POINT('',(0.E0,0.E0,0.E0));
#1547=DIRECTION('',(0.E0,0.E0,1.E0));
#1548=DIRECTION('',(1.E0,0.E0,0.E0));
#1549=AXIS2_PLACEMENT_3D('',#1546,#1547,#1548);
#1550=CYLINDRICAL_SURFACE('',#1549,4.8E0);
#1552=ORIENTED_EDGE('',*,*,#1551,.T.);
#1554=ORIENTED_EDGE('',*,*,#1553,.F.);
#1556=ORIENTED_EDGE('',*,*,#1555,.F.);
#1558=ORIENTED_EDGE('',*,*,#1557,.T.);
#1560=ORIENTED_EDGE('',*,*,#1559,.T.);
#1562=ORIENTED_EDGE('',*,*,#1561,.T.);
#1564=ORIENTED_EDGE('',*,*,#1563,.F.);
#1566=ORIENTED_EDGE('',*,*,#1565,.F.);
#1567=EDGE_LOOP('',(#1552,#1554,#1556,#1558,#1560,#1562,#1564,#1566));
#1568=FACE_OUTER_BOUND('',#1567,.F.);
#1570=CARTESIAN_POINT('',(0.E0,0.E0,-4.23E0));
#1571=DIRECTION('',(0.E0,0.E0,1.E0));
#1572=DIRECTION('',(-1.E0,0.E0,0.E0));
#1573=AXIS2_PLACEMENT_3D('',#1570,#1571,#1572);
#1574=TOROIDAL_SURFACE('',#1573,1.227635E1,7.57539E0);
#1576=ORIENTED_EDGE('',*,*,#1575,.F.);
#1578=ORIENTED_EDGE('',*,*,#1577,.F.);
#1579=ORIENTED_EDGE('',*,*,#1559,.F.);
#1581=ORIENTED_EDGE('',*,*,#1580,.F.);
#1582=ORIENTED_EDGE('',*,*,#1535,.T.);
#1584=ORIENTED_EDGE('',*,*,#1583,.T.);
#1585=EDGE_LOOP('',(#1576,#1578,#1579,#1581,#1582,#1584));
#1586=FACE_OUTER_BOUND('',#1585,.F.);
#1588=CARTESIAN_POINT('',(0.E0,0.E0,-4.23E0));
#1589=DIRECTION('',(0.E0,0.E0,1.E0));
#1590=DIRECTION('',(-1.E0,0.E0,0.E0));
#1591=AXIS2_PLACEMENT_3D('',#1588,#1589,#1590);
#1592=TOROIDAL_SURFACE('',#1591,1.227635E1,7.57539E0);
#1594=ORIENTED_EDGE('',*,*,#1593,.F.);
#1596=ORIENTED_EDGE('',*,*,#1595,.T.);
#1597=ORIENTED_EDGE('',*,*,#1528,.T.);
#1599=ORIENTED_EDGE('',*,*,#1598,.F.);
#1600=ORIENTED_EDGE('',*,*,#1551,.F.);
#1602=ORIENTED_EDGE('',*,*,#1601,.F.);
#1603=EDGE_LOOP('',(#1594,#1596,#1597,#1599,#1600,#1602));
#1604=FACE_OUTER_BOUND('',#1603,.F.);
#1606=CARTESIAN_POINT('',(0.E0,-4.46E0,0.E0));
#1607=DIRECTION('',(0.E0,1.E0,0.E0));
#1608=DIRECTION('',(1.E0,0.E0,0.E0));
#1609=AXIS2_PLACEMENT_3D('',#1606,#1607,#1608);
#1610=PLANE('',#1609);
#1612=ORIENTED_EDGE('',*,*,#1611,.T.);
#1614=ORIENTED_EDGE('',*,*,#1613,.F.);
#1615=ORIENTED_EDGE('',*,*,#1593,.T.);
#1617=ORIENTED_EDGE('',*,*,#1616,.F.);
#1619=ORIENTED_EDGE('',*,*,#1618,.T.);
#1621=ORIENTED_EDGE('',*,*,#1620,.T.);
#1622=ORIENTED_EDGE('',*,*,#1575,.T.);
#1624=ORIENTED_EDGE('',*,*,#1623,.T.);
#1625=EDGE_LOOP('',(#1612,#1614,#1615,#1617,#1619,#1621,#1622,#1624));
#1626=FACE_OUTER_BOUND('',#1625,.F.);
#1628=ORIENTED_EDGE('',*,*,#1627,.T.);
#1630=ORIENTED_EDGE('',*,*,#1629,.T.);
#1631=EDGE_LOOP('',(#1628,#1630));
#1632=FACE_BOUND('',#1631,.F.);
#1634=CARTESIAN_POINT('',(0.E0,-4.46E0,-4.23E0));
#1635=DIRECTION('',(0.E0,1.E0,0.E0));
#1636=DIRECTION('',(1.E0,0.E0,0.E0));
#1637=AXIS2_PLACEMENT_3D('',#1634,#1635,#1636);
#1638=CYLINDRICAL_SURFACE('',#1637,2.5E0);
#1639=ORIENTED_EDGE('',*,*,#1611,.F.);
#1641=ORIENTED_EDGE('',*,*,#1640,.T.);
#1642=EDGE_LOOP('',(#1639,#1641));
#1643=FACE_OUTER_BOUND('',#1642,.F.);
#1645=CARTESIAN_POINT('',(0.E0,0.E0,0.E0));
#1646=DIRECTION('',(0.E0,0.E0,1.E0));
#1647=DIRECTION('',(1.E0,0.E0,0.E0));
#1648=AXIS2_PLACEMENT_3D('',#1645,#1646,#1647);
#1649=CYLINDRICAL_SURFACE('',#1648,4.8E0);
#1650=ORIENTED_EDGE('',*,*,#1620,.F.);
#1652=ORIENTED_EDGE('',*,*,#1651,.F.);
#1653=ORIENTED_EDGE('',*,*,#1616,.T.);
#1654=ORIENTED_EDGE('',*,*,#1601,.T.);
#1655=ORIENTED_EDGE('',*,*,#1565,.T.);
#1657=ORIENTED_EDGE('',*,*,#1656,.F.);
#1658=ORIENTED_EDGE('',*,*,#1561,.F.);
#1659=ORIENTED_EDGE('',*,*,#1577,.T.);
#1660=EDGE_LOOP('',(#1650,#1652,#1653,#1654,#1655,#1657,#1658,#1659));
#1661=FACE_OUTER_BOUND('',#1660,.F.);
#1663=CARTESIAN_POINT('',(0.E0,0.E0,0.E0));
#1664=DIRECTION('',(0.E0,0.E0,1.E0));
#1665=DIRECTION('',(1.E0,0.E0,0.E0));
#1666=AXIS2_PLACEMENT_3D('',#1663,#1664,#1665);
#1667=CYLINDRICAL_SURFACE('',#1666,4.8E0);
#1668=ORIENTED_EDGE('',*,*,#1623,.F.);
#1669=ORIENTED_EDGE('',*,*,#1583,.F.);
#1670=ORIENTED_EDGE('',*,*,#1533,.F.);
#1671=ORIENTED_EDGE('',*,*,#1512,.T.);
#1672=ORIENTED_EDGE('',*,*,#1530,.T.);
#1673=ORIENTED_EDGE('',*,*,#1595,.F.);
#1674=ORIENTED_EDGE('',*,*,#1613,.T.);
#1675=ORIENTED_EDGE('',*,*,#1640,.F.);
#1676=EDGE_LOOP('',(#1668,#1669,#1670,#1671,#1672,#1673,#1674,#1675));
#1677=FACE_OUTER_BOUND('',#1676,.F.);
#1679=CARTESIAN_POINT('',(0.E0,-4.46E0,-4.23E0));
#1680=DIRECTION('',(0.E0,1.E0,0.E0));
#1681=DIRECTION('',(1.E0,0.E0,0.E0));
#1682=AXIS2_PLACEMENT_3D('',#1679,#1680,#1681);
#1683=CYLINDRICAL_SURFACE('',#1682,2.5E0);
#1684=ORIENTED_EDGE('',*,*,#1618,.F.);
#1685=ORIENTED_EDGE('',*,*,#1651,.T.);
#1686=EDGE_LOOP('',(#1684,#1685));
#1687=FACE_OUTER_BOUND('',#1686,.F.);
#1689=CARTESIAN_POINT('',(0.E0,0.E0,-1.14E1));
#1690=DIRECTION('',(0.E0,0.E0,-1.E0));
#1691=DIRECTION('',(-1.E0,0.E0,0.E0));
#1692=AXIS2_PLACEMENT_3D('',#1689,#1690,#1691);
#1693=PLANE('',#1692);
#1695=ORIENTED_EDGE('',*,*,#1694,.T.);
#1697=ORIENTED_EDGE('',*,*,#1696,.F.);
#1699=ORIENTED_EDGE('',*,*,#1698,.F.);
#1701=ORIENTED_EDGE('',*,*,#1700,.T.);
#1703=ORIENTED_EDGE('',*,*,#1702,.T.);
#1705=ORIENTED_EDGE('',*,*,#1704,.T.);
#1706=EDGE_LOOP('',(#1695,#1697,#1699,#1701,#1703,#1705));
#1707=FACE_OUTER_BOUND('',#1706,.F.);
#1708=ORIENTED_EDGE('',*,*,#1563,.T.);
#1709=ORIENTED_EDGE('',*,*,#1656,.T.);
#1710=EDGE_LOOP('',(#1708,#1709));
#1711=FACE_BOUND('',#1710,.F.);
#1713=CARTESIAN_POINT('',(5.5E0,5.5E0,-1.14E1));
#1714=DIRECTION('',(1.E0,0.E0,0.E0));
#1715=DIRECTION('',(0.E0,-1.E0,0.E0));
#1716=AXIS2_PLACEMENT_3D('',#1713,#1714,#1715);
#1717=PLANE('',#1716);
#1718=ORIENTED_EDGE('',*,*,#1694,.F.);
#1720=ORIENTED_EDGE('',*,*,#1719,.T.);
#1722=ORIENTED_EDGE('',*,*,#1721,.T.);
#1724=ORIENTED_EDGE('',*,*,#1723,.T.);
#1726=ORIENTED_EDGE('',*,*,#1725,.F.);
#1728=ORIENTED_EDGE('',*,*,#1727,.F.);
#1729=EDGE_LOOP('',(#1718,#1720,#1722,#1724,#1726,#1728));
#1730=FACE_OUTER_BOUND('',#1729,.F.);
#1732=CARTESIAN_POINT('',(0.E0,5.25E0,-1.69E1));
#1733=DIRECTION('',(0.E0,-1.E0,0.E0));
#1734=DIRECTION('',(7.071067811865E-1,0.E0,-7.071067811865E-1));
#1735=AXIS2_PLACEMENT_3D('',#1732,#1733,#1734);
#1736=CONICAL_SURFACE('',#1735,6.639087296526E0,7.762133307919E1);
#1738=ORIENTED_EDGE('',*,*,#1737,.F.);
#1740=ORIENTED_EDGE('',*,*,#1739,.F.);
#1742=ORIENTED_EDGE('',*,*,#1741,.T.);
#1743=EDGE_LOOP('',(#1738,#1740,#1742));
#1744=FACE_OUTER_BOUND('',#1743,.F.);
#1746=CARTESIAN_POINT('',(0.E0,5.25E0,-1.69E1));
#1747=DIRECTION('',(0.E0,-1.E0,0.E0));
#1748=DIRECTION('',(7.071067811865E-1,0.E0,-7.071067811865E-1));
#1749=AXIS2_PLACEMENT_3D('',#1746,#1747,#1748);
#1750=CONICAL_SURFACE('',#1749,6.639087296526E0,7.762133307919E1);
#1751=ORIENTED_EDGE('',*,*,#1719,.F.);
#1752=ORIENTED_EDGE('',*,*,#1704,.F.);
#1754=ORIENTED_EDGE('',*,*,#1753,.T.);
#1755=EDGE_LOOP('',(#1751,#1752,#1754));
#1756=FACE_OUTER_BOUND('',#1755,.F.);
#1758=CARTESIAN_POINT('',(0.E0,5.25E0,-1.69E1));
#1759=DIRECTION('',(0.E0,-1.E0,0.E0));
#1760=DIRECTION('',(7.071067811865E-1,0.E0,-7.071067811865E-1));
#1761=AXIS2_PLACEMENT_3D('',#1758,#1759,#1760);
#1762=CONICAL_SURFACE('',#1761,6.639087296526E0,7.762133307919E1);
#1764=ORIENTED_EDGE('',*,*,#1763,.T.);
#1766=ORIENTED_EDGE('',*,*,#1765,.F.);
#1767=ORIENTED_EDGE('',*,*,#1721,.F.);
#1768=EDGE_LOOP('',(#1764,#1766,#1767));
#1769=FACE_OUTER_BOUND('',#1768,.F.);
#1771=CARTESIAN_POINT('',(-5.5E0,-5.5E0,-1.14E1));
#1772=DIRECTION('',(-1.E0,0.E0,0.E0));
#1773=DIRECTION('',(0.E0,1.E0,0.E0));
#1774=AXIS2_PLACEMENT_3D('',#1771,#1772,#1773);
#1775=PLANE('',#1774);
#1776=ORIENTED_EDGE('',*,*,#1700,.F.);
#1778=ORIENTED_EDGE('',*,*,#1777,.F.);
#1780=ORIENTED_EDGE('',*,*,#1779,.F.);
#1782=ORIENTED_EDGE('',*,*,#1781,.T.);
#1783=ORIENTED_EDGE('',*,*,#1737,.T.);
#1785=ORIENTED_EDGE('',*,*,#1784,.T.);
#1786=EDGE_LOOP('',(#1776,#1778,#1780,#1782,#1783,#1785));
#1787=FACE_OUTER_BOUND('',#1786,.F.);
#1789=CARTESIAN_POINT('',(0.E0,-5.25E0,-1.69E1));
#1790=DIRECTION('',(0.E0,1.E0,0.E0));
#1791=DIRECTION('',(-7.071067811865E-1,0.E0,7.071067811865E-1));
#1792=AXIS2_PLACEMENT_3D('',#1789,#1790,#1791);
#1793=CONICAL_SURFACE('',#1792,6.639087296526E0,7.762133307919E1);
#1794=ORIENTED_EDGE('',*,*,#1777,.T.);
#1795=ORIENTED_EDGE('',*,*,#1698,.T.);
#1797=ORIENTED_EDGE('',*,*,#1796,.T.);
#1798=EDGE_LOOP('',(#1794,#1795,#1797));
#1799=FACE_OUTER_BOUND('',#1798,.F.);
#1801=CARTESIAN_POINT('',(5.5E0,-5.5E0,-1.14E1));
#1802=DIRECTION('',(0.E0,-1.E0,0.E0));
#1803=DIRECTION('',(-1.E0,0.E0,0.E0));
#1804=AXIS2_PLACEMENT_3D('',#1801,#1802,#1803);
#1805=PLANE('',#1804);
#1807=ORIENTED_EDGE('',*,*,#1806,.F.);
#1809=ORIENTED_EDGE('',*,*,#1808,.T.);
#1810=ORIENTED_EDGE('',*,*,#1796,.F.);
#1812=ORIENTED_EDGE('',*,*,#1811,.T.);
#1813=EDGE_LOOP('',(#1807,#1809,#1810,#1812));
#1814=FACE_OUTER_BOUND('',#1813,.F.);
#1816=ORIENTED_EDGE('',*,*,#1815,.T.);
#1818=ORIENTED_EDGE('',*,*,#1817,.T.);
#1819=EDGE_LOOP('',(#1816,#1818));
#1820=FACE_BOUND('',#1819,.F.);
#1822=CARTESIAN_POINT('',(0.E0,-5.5E0,-1.69E1));
#1823=DIRECTION('',(0.E0,-1.E0,0.E0));
#1824=DIRECTION('',(0.E0,0.E0,-1.E0));
#1825=AXIS2_PLACEMENT_3D('',#1822,#1823,#1824);
#1826=CYLINDRICAL_SURFACE('',#1825,5.4E0);
#1828=ORIENTED_EDGE('',*,*,#1827,.T.);
#1830=ORIENTED_EDGE('',*,*,#1829,.F.);
#1831=ORIENTED_EDGE('',*,*,#1815,.F.);
#1833=ORIENTED_EDGE('',*,*,#1832,.T.);
#1834=EDGE_LOOP('',(#1828,#1830,#1831,#1833));
#1835=FACE_OUTER_BOUND('',#1834,.F.);
#1837=CARTESIAN_POINT('',(0.E0,-1.06E1,-1.14E1));
#1838=DIRECTION('',(0.E0,-1.E0,0.E0));
#1839=DIRECTION('',(0.E0,0.E0,-1.E0));
#1840=AXIS2_PLACEMENT_3D('',#1837,#1838,#1839);
#1841=PLANE('',#1840);
#1843=ORIENTED_EDGE('',*,*,#1842,.T.);
#1845=ORIENTED_EDGE('',*,*,#1844,.T.);
#1847=ORIENTED_EDGE('',*,*,#1846,.T.);
#1849=ORIENTED_EDGE('',*,*,#1848,.T.);
#1850=EDGE_LOOP('',(#1843,#1845,#1847,#1849));
#1851=FACE_OUTER_BOUND('',#1850,.F.);
#1852=ORIENTED_EDGE('',*,*,#1827,.F.);
#1854=ORIENTED_EDGE('',*,*,#1853,.F.);
#1855=EDGE_LOOP('',(#1852,#1854));
#1856=FACE_BOUND('',#1855,.F.);
#1858=CARTESIAN_POINT('',(5.5E0,-1.06E1,-1.14E1));
#1859=DIRECTION('',(0.E0,0.E0,1.E0));
#1860=DIRECTION('',(-1.E0,0.E0,0.E0));
#1861=AXIS2_PLACEMENT_3D('',#1858,#1859,#1860);
#1862=PLANE('',#1861);
#1864=ORIENTED_EDGE('',*,*,#1863,.T.);
#1866=ORIENTED_EDGE('',*,*,#1865,.T.);
#1868=ORIENTED_EDGE('',*,*,#1867,.T.);
#1870=ORIENTED_EDGE('',*,*,#1869,.F.);
#1871=ORIENTED_EDGE('',*,*,#1842,.F.);
#1873=ORIENTED_EDGE('',*,*,#1872,.F.);
#1875=ORIENTED_EDGE('',*,*,#1874,.T.);
#1877=ORIENTED_EDGE('',*,*,#1876,.F.);
#1879=ORIENTED_EDGE('',*,*,#1878,.T.);
#1881=ORIENTED_EDGE('',*,*,#1880,.F.);
#1883=ORIENTED_EDGE('',*,*,#1882,.T.);
#1885=ORIENTED_EDGE('',*,*,#1884,.T.);
#1886=EDGE_LOOP('',(#1864,#1866,#1868,#1870,#1871,#1873,#1875,#1877,#1879,#1881,
#1883,#1885));
#1887=FACE_OUTER_BOUND('',#1886,.F.);
#1889=CARTESIAN_POINT('',(0.E0,-1.31E1,-1.14E1));
#1890=DIRECTION('',(0.E0,-1.E0,0.E0));
#1891=DIRECTION('',(0.E0,0.E0,-1.E0));
#1892=AXIS2_PLACEMENT_3D('',#1889,#1890,#1891);
#1893=PLANE('',#1892);
#1895=ORIENTED_EDGE('',*,*,#1894,.T.);
#1897=ORIENTED_EDGE('',*,*,#1896,.F.);
#1899=ORIENTED_EDGE('',*,*,#1898,.F.);
#1901=ORIENTED_EDGE('',*,*,#1900,.F.);
#1903=ORIENTED_EDGE('',*,*,#1902,.F.);
#1904=ORIENTED_EDGE('',*,*,#1878,.F.);
#1905=EDGE_LOOP('',(#1895,#1897,#1899,#1901,#1903,#1904));
#1906=FACE_OUTER_BOUND('',#1905,.F.);
#1908=CARTESIAN_POINT('',(0.E0,-1.31E1,-1.14E1));
#1909=DIRECTION('',(0.E0,-1.E0,0.E0));
#1910=DIRECTION('',(0.E0,0.E0,-1.E0));
#1911=AXIS2_PLACEMENT_3D('',#1908,#1909,#1910);
#1912=PLANE('',#1911);
#1914=ORIENTED_EDGE('',*,*,#1913,.T.);
#1916=ORIENTED_EDGE('',*,*,#1915,.F.);
#1918=ORIENTED_EDGE('',*,*,#1917,.F.);
#1920=ORIENTED_EDGE('',*,*,#1919,.F.);
#1922=ORIENTED_EDGE('',*,*,#1921,.F.);
#1924=ORIENTED_EDGE('',*,*,#1923,.F.);
#1925=EDGE_LOOP('',(#1914,#1916,#1918,#1920,#1922,#1924));
#1926=FACE_OUTER_BOUND('',#1925,.F.);
#1928=CARTESIAN_POINT('',(0.E0,-1.31E1,-1.14E1));
#1929=DIRECTION('',(0.E0,-1.E0,0.E0));
#1930=DIRECTION('',(0.E0,0.E0,-1.E0));
#1931=AXIS2_PLACEMENT_3D('',#1928,#1929,#1930);
#1932=PLANE('',#1931);
#1934=ORIENTED_EDGE('',*,*,#1933,.T.);
#1936=ORIENTED_EDGE('',*,*,#1935,.F.);
#1937=ORIENTED_EDGE('',*,*,#1863,.F.);
#1939=ORIENTED_EDGE('',*,*,#1938,.F.);
#1941=ORIENTED_EDGE('',*,*,#1940,.F.);
#1943=ORIENTED_EDGE('',*,*,#1942,.F.);
#1944=EDGE_LOOP('',(#1934,#1936,#1937,#1939,#1941,#1943));
#1945=FACE_OUTER_BOUND('',#1944,.F.);
#1947=CARTESIAN_POINT('',(0.E0,-1.31E1,-1.14E1));
#1948=DIRECTION('',(0.E0,-1.E0,0.E0));
#1949=DIRECTION('',(0.E0,0.E0,-1.E0));
#1950=AXIS2_PLACEMENT_3D('',#1947,#1948,#1949);
#1951=PLANE('',#1950);
#1953=ORIENTED_EDGE('',*,*,#1952,.T.);
#1955=ORIENTED_EDGE('',*,*,#1954,.F.);
#1957=ORIENTED_EDGE('',*,*,#1956,.F.);
#1959=ORIENTED_EDGE('',*,*,#1958,.F.);
#1961=ORIENTED_EDGE('',*,*,#1960,.F.);
#1963=ORIENTED_EDGE('',*,*,#1962,.F.);
#1964=EDGE_LOOP('',(#1953,#1955,#1957,#1959,#1961,#1963));
#1965=FACE_OUTER_BOUND('',#1964,.F.);
#1967=CARTESIAN_POINT('',(4.55E0,-1.31E1,-1.14E1));
#1968=DIRECTION('',(-1.E0,0.E0,0.E0));
#1969=DIRECTION('',(0.E0,0.E0,-1.E0));
#1970=AXIS2_PLACEMENT_3D('',#1967,#1968,#1969);
#1971=PLANE('',#1970);
#1972=ORIENTED_EDGE('',*,*,#1894,.F.);
#1973=ORIENTED_EDGE('',*,*,#1876,.T.);
#1975=ORIENTED_EDGE('',*,*,#1974,.T.);
#1977=ORIENTED_EDGE('',*,*,#1976,.F.);
#1978=EDGE_LOOP('',(#1972,#1973,#1975,#1977));
#1979=FACE_OUTER_BOUND('',#1978,.F.);
#1981=CARTESIAN_POINT('',(0.E0,-1.71E1,-1.14E1));
#1982=DIRECTION('',(0.E0,-1.E0,0.E0));
#1983=DIRECTION('',(0.E0,0.E0,-1.E0));
#1984=AXIS2_PLACEMENT_3D('',#1981,#1982,#1983);
#1985=PLANE('',#1984);
#1986=ORIENTED_EDGE('',*,*,#1874,.F.);
#1988=ORIENTED_EDGE('',*,*,#1987,.F.);
#1990=ORIENTED_EDGE('',*,*,#1989,.F.);
#1991=ORIENTED_EDGE('',*,*,#1974,.F.);
#1992=EDGE_LOOP('',(#1986,#1988,#1990,#1991));
#1993=FACE_OUTER_BOUND('',#1992,.F.);
#1995=CARTESIAN_POINT('',(0.E0,-1.71E1,-1.14E1));
#1996=DIRECTION('',(0.E0,-1.E0,0.E0));
#1997=DIRECTION('',(0.E0,0.E0,-1.E0));
#1998=AXIS2_PLACEMENT_3D('',#1995,#1996,#1997);
#1999=PLANE('',#1998);
#2001=ORIENTED_EDGE('',*,*,#2000,.F.);
#2003=ORIENTED_EDGE('',*,*,#2002,.F.);
#2005=ORIENTED_EDGE('',*,*,#2004,.F.);
#2007=ORIENTED_EDGE('',*,*,#2006,.F.);
#2008=EDGE_LOOP('',(#2001,#2003,#2005,#2007));
#2009=FACE_OUTER_BOUND('',#2008,.F.);
#2011=CARTESIAN_POINT('',(0.E0,-1.71E1,-1.14E1));
#2012=DIRECTION('',(0.E0,-1.E0,0.E0));
#2013=DIRECTION('',(0.E0,0.E0,-1.E0));
#2014=AXIS2_PLACEMENT_3D('',#2011,#2012,#2013);
#2015=PLANE('',#2014);
#2017=ORIENTED_EDGE('',*,*,#2016,.F.);
#2018=ORIENTED_EDGE('',*,*,#1867,.F.);
#2020=ORIENTED_EDGE('',*,*,#2019,.F.);
#2022=ORIENTED_EDGE('',*,*,#2021,.F.);
#2023=EDGE_LOOP('',(#2017,#2018,#2020,#2022));
#2024=FACE_OUTER_BOUND('',#2023,.F.);
#2026=CARTESIAN_POINT('',(0.E0,-1.71E1,-1.14E1));
#2027=DIRECTION('',(0.E0,-1.E0,0.E0));
#2028=DIRECTION('',(0.E0,0.E0,-1.E0));
#2029=AXIS2_PLACEMENT_3D('',#2026,#2027,#2028);
#2030=PLANE('',#2029);
#2032=ORIENTED_EDGE('',*,*,#2031,.F.);
#2034=ORIENTED_EDGE('',*,*,#2033,.F.);
#2036=ORIENTED_EDGE('',*,*,#2035,.F.);
#2038=ORIENTED_EDGE('',*,*,#2037,.F.);
#2039=EDGE_LOOP('',(#2032,#2034,#2036,#2038));
#2040=FACE_OUTER_BOUND('',#2039,.F.);
#2042=CARTESIAN_POINT('',(5.5E0,-1.06E1,-2.24E1));
#2043=DIRECTION('',(1.E0,0.E0,0.E0));
#2044=DIRECTION('',(0.E0,0.E0,1.E0));
#2045=AXIS2_PLACEMENT_3D('',#2042,#2043,#2044);
#2046=PLANE('',#2045);
#2048=ORIENTED_EDGE('',*,*,#2047,.F.);
#2049=ORIENTED_EDGE('',*,*,#2000,.T.);
#2051=ORIENTED_EDGE('',*,*,#2050,.F.);
#2052=ORIENTED_EDGE('',*,*,#1923,.T.);
#2054=ORIENTED_EDGE('',*,*,#2053,.F.);
#2056=ORIENTED_EDGE('',*,*,#2055,.T.);
#2058=ORIENTED_EDGE('',*,*,#2057,.T.);
#2059=ORIENTED_EDGE('',*,*,#1898,.T.);
#2061=ORIENTED_EDGE('',*,*,#2060,.T.);
#2062=ORIENTED_EDGE('',*,*,#1987,.T.);
#2063=ORIENTED_EDGE('',*,*,#1872,.T.);
#2064=ORIENTED_EDGE('',*,*,#1848,.F.);
#2065=EDGE_LOOP('',(#2048,#2049,#2051,#2052,#2054,#2056,#2058,#2059,#2061,#2062,
#2063,#2064));
#2066=FACE_OUTER_BOUND('',#2065,.F.);
#2068=CARTESIAN_POINT('',(-5.5E0,-1.06E1,-2.24E1));
#2069=DIRECTION('',(0.E0,0.E0,-1.E0));
#2070=DIRECTION('',(1.E0,0.E0,0.E0));
#2071=AXIS2_PLACEMENT_3D('',#2068,#2069,#2070);
#2072=PLANE('',#2071);
#2074=ORIENTED_EDGE('',*,*,#2073,.F.);
#2075=ORIENTED_EDGE('',*,*,#2031,.T.);
#2077=ORIENTED_EDGE('',*,*,#2076,.F.);
#2078=ORIENTED_EDGE('',*,*,#1962,.T.);
#2080=ORIENTED_EDGE('',*,*,#2079,.F.);
#2082=ORIENTED_EDGE('',*,*,#2081,.T.);
#2084=ORIENTED_EDGE('',*,*,#2083,.T.);
#2085=ORIENTED_EDGE('',*,*,#1917,.T.);
#2087=ORIENTED_EDGE('',*,*,#2086,.T.);
#2088=ORIENTED_EDGE('',*,*,#2002,.T.);
#2089=ORIENTED_EDGE('',*,*,#2047,.T.);
#2090=ORIENTED_EDGE('',*,*,#1846,.F.);
#2091=EDGE_LOOP('',(#2074,#2075,#2077,#2078,#2080,#2082,#2084,#2085,#2087,#2088,
#2089,#2090));
#2092=FACE_OUTER_BOUND('',#2091,.F.);
#2094=CARTESIAN_POINT('',(-5.5E0,-1.06E1,-1.14E1));
#2095=DIRECTION('',(-1.E0,0.E0,0.E0));
#2096=DIRECTION('',(0.E0,0.E0,-1.E0));
#2097=AXIS2_PLACEMENT_3D('',#2094,#2095,#2096);
#2098=PLANE('',#2097);
#2099=ORIENTED_EDGE('',*,*,#1956,.T.);
#2101=ORIENTED_EDGE('',*,*,#2100,.T.);
#2102=ORIENTED_EDGE('',*,*,#2033,.T.);
#2103=ORIENTED_EDGE('',*,*,#2073,.T.);
#2104=ORIENTED_EDGE('',*,*,#1844,.F.);
#2105=ORIENTED_EDGE('',*,*,#1869,.T.);
#2106=ORIENTED_EDGE('',*,*,#2016,.T.);
#2108=ORIENTED_EDGE('',*,*,#2107,.F.);
#2109=ORIENTED_EDGE('',*,*,#1942,.T.);
#2111=ORIENTED_EDGE('',*,*,#2110,.F.);
#2113=ORIENTED_EDGE('',*,*,#2112,.T.);
#2115=ORIENTED_EDGE('',*,*,#2114,.T.);
#2116=EDGE_LOOP('',(#2099,#2101,#2102,#2103,#2104,#2105,#2106,#2108,#2109,#2111,
#2113,#2115));
#2117=FACE_OUTER_BOUND('',#2116,.F.);
#2119=CARTESIAN_POINT('',(-4.55E0,-1.31E1,-2.145E1));
#2120=DIRECTION('',(0.E0,0.E0,1.E0));
#2121=DIRECTION('',(-1.E0,0.E0,0.E0));
#2122=AXIS2_PLACEMENT_3D('',#2119,#2120,#2121);
#2123=PLANE('',#2122);
#2124=ORIENTED_EDGE('',*,*,#1954,.T.);
#2126=ORIENTED_EDGE('',*,*,#2125,.T.);
#2127=ORIENTED_EDGE('',*,*,#2035,.T.);
#2128=ORIENTED_EDGE('',*,*,#2100,.F.);
#2129=EDGE_LOOP('',(#2124,#2126,#2127,#2128));
#2130=FACE_OUTER_BOUND('',#2129,.F.);
#2132=CARTESIAN_POINT('',(-4.55E0,-1.31E1,-2.24E1));
#2133=DIRECTION('',(1.E0,0.E0,0.E0));
#2134=DIRECTION('',(0.E0,0.E0,1.E0));
#2135=AXIS2_PLACEMENT_3D('',#2132,#2133,#2134);
#2136=PLANE('',#2135);
#2137=ORIENTED_EDGE('',*,*,#1952,.F.);
#2138=ORIENTED_EDGE('',*,*,#2076,.T.);
#2139=ORIENTED_EDGE('',*,*,#2037,.T.);
#2140=ORIENTED_EDGE('',*,*,#2125,.F.);
#2141=EDGE_LOOP('',(#2137,#2138,#2139,#2140));
#2142=FACE_OUTER_BOUND('',#2141,.F.);
#2144=CARTESIAN_POINT('',(-5.5E0,-1.31E1,-1.235E1));
#2145=DIRECTION('',(0.E0,0.E0,-1.E0));
#2146=DIRECTION('',(1.E0,0.E0,0.E0));
#2147=AXIS2_PLACEMENT_3D('',#2144,#2145,#2146);
#2148=PLANE('',#2147);
#2149=ORIENTED_EDGE('',*,*,#1933,.F.);
#2150=ORIENTED_EDGE('',*,*,#2107,.T.);
#2151=ORIENTED_EDGE('',*,*,#2021,.T.);
#2153=ORIENTED_EDGE('',*,*,#2152,.F.);
#2154=EDGE_LOOP('',(#2149,#2150,#2151,#2153));
#2155=FACE_OUTER_BOUND('',#2154,.F.);
#2157=CARTESIAN_POINT('',(-4.55E0,-1.31E1,-1.235E1));
#2158=DIRECTION('',(1.E0,0.E0,0.E0));
#2159=DIRECTION('',(0.E0,0.E0,1.E0));
#2160=AXIS2_PLACEMENT_3D('',#2157,#2158,#2159);
#2161=PLANE('',#2160);
#2162=ORIENTED_EDGE('',*,*,#1935,.T.);
#2163=ORIENTED_EDGE('',*,*,#2152,.T.);
#2164=ORIENTED_EDGE('',*,*,#2019,.T.);
#2165=ORIENTED_EDGE('',*,*,#1865,.F.);
#2166=EDGE_LOOP('',(#2162,#2163,#2164,#2165));
#2167=FACE_OUTER_BOUND('',#2166,.F.);
#2169=CARTESIAN_POINT('',(-5.5E0,-1.275E1,-1.39E1));
#2170=DIRECTION('',(0.E0,0.E0,-1.E0));
#2171=DIRECTION('',(1.E0,0.E0,0.E0));
#2172=AXIS2_PLACEMENT_3D('',#2169,#2170,#2171);
#2173=PLANE('',#2172);
#2175=ORIENTED_EDGE('',*,*,#2174,.F.);
#2176=ORIENTED_EDGE('',*,*,#2110,.T.);
#2177=ORIENTED_EDGE('',*,*,#1940,.T.);
#2179=ORIENTED_EDGE('',*,*,#2178,.F.);
#2180=EDGE_LOOP('',(#2175,#2176,#2177,#2179));
#2181=FACE_OUTER_BOUND('',#2180,.F.);
#2183=CARTESIAN_POINT('',(0.E0,-1.275E1,-1.14E1));
#2184=DIRECTION('',(0.E0,-1.E0,0.E0));
#2185=DIRECTION('',(0.E0,0.E0,-1.E0));
#2186=AXIS2_PLACEMENT_3D('',#2183,#2184,#2185);
#2187=PLANE('',#2186);
#2189=ORIENTED_EDGE('',*,*,#2188,.T.);
#2191=ORIENTED_EDGE('',*,*,#2190,.F.);
#2192=ORIENTED_EDGE('',*,*,#2081,.F.);
#2194=ORIENTED_EDGE('',*,*,#2193,.T.);
#2196=ORIENTED_EDGE('',*,*,#2195,.F.);
#2197=ORIENTED_EDGE('',*,*,#2112,.F.);
#2198=ORIENTED_EDGE('',*,*,#2174,.T.);
#2200=ORIENTED_EDGE('',*,*,#2199,.F.);
#2201=ORIENTED_EDGE('',*,*,#1882,.F.);
#2203=ORIENTED_EDGE('',*,*,#2202,.T.);
#2205=ORIENTED_EDGE('',*,*,#2204,.F.);
#2206=ORIENTED_EDGE('',*,*,#2055,.F.);
#2207=EDGE_LOOP('',(#2189,#2191,#2192,#2194,#2196,#2197,#2198,#2200,#2201,#2203,
#2205,#2206));
#2208=FACE_OUTER_BOUND('',#2207,.F.);
#2210=ORIENTED_EDGE('',*,*,#2209,.F.);
#2212=ORIENTED_EDGE('',*,*,#2211,.F.);
#2213=EDGE_LOOP('',(#2210,#2212));
#2214=FACE_BOUND('',#2213,.F.);
#2216=CARTESIAN_POINT('',(5.5E0,-1.275E1,-1.99E1));
#2217=DIRECTION('',(0.E0,0.E0,1.E0));
#2218=DIRECTION('',(-1.E0,0.E0,0.E0));
#2219=AXIS2_PLACEMENT_3D('',#2216,#2217,#2218);
#2220=PLANE('',#2219);
#2221=ORIENTED_EDGE('',*,*,#2188,.F.);
#2222=ORIENTED_EDGE('',*,*,#2053,.T.);
#2223=ORIENTED_EDGE('',*,*,#1921,.T.);
#2225=ORIENTED_EDGE('',*,*,#2224,.F.);
#2226=EDGE_LOOP('',(#2221,#2222,#2223,#2225));
#2227=FACE_OUTER_BOUND('',#2226,.F.);
#2229=CARTESIAN_POINT('',(3.E0,-1.275E1,-1.99E1));
#2230=DIRECTION('',(-1.E0,0.E0,0.E0));
#2231=DIRECTION('',(0.E0,0.E0,-1.E0));
#2232=AXIS2_PLACEMENT_3D('',#2229,#2230,#2231);
#2233=PLANE('',#2232);
#2234=ORIENTED_EDGE('',*,*,#2190,.T.);
#2235=ORIENTED_EDGE('',*,*,#2224,.T.);
#2236=ORIENTED_EDGE('',*,*,#1919,.T.);
#2237=ORIENTED_EDGE('',*,*,#2083,.F.);
#2238=EDGE_LOOP('',(#2234,#2235,#2236,#2237));
#2239=FACE_OUTER_BOUND('',#2238,.F.);
#2241=CARTESIAN_POINT('',(-3.E0,-1.275E1,-2.24E1));
#2242=DIRECTION('',(1.E0,0.E0,0.E0));
#2243=DIRECTION('',(0.E0,0.E0,1.E0));
#2244=AXIS2_PLACEMENT_3D('',#2241,#2242,#2243);
#2245=PLANE('',#2244);
#2246=ORIENTED_EDGE('',*,*,#2193,.F.);
#2247=ORIENTED_EDGE('',*,*,#2079,.T.);
#2248=ORIENTED_EDGE('',*,*,#1960,.T.);
#2250=ORIENTED_EDGE('',*,*,#2249,.F.);
#2251=EDGE_LOOP('',(#2246,#2247,#2248,#2250));
#2252=FACE_OUTER_BOUND('',#2251,.F.);
#2254=CARTESIAN_POINT('',(-3.E0,-1.275E1,-1.99E1));
#2255=DIRECTION('',(0.E0,0.E0,1.E0));
#2256=DIRECTION('',(-1.E0,0.E0,0.E0));
#2257=AXIS2_PLACEMENT_3D('',#2254,#2255,#2256);
#2258=PLANE('',#2257);
#2259=ORIENTED_EDGE('',*,*,#2195,.T.);
#2260=ORIENTED_EDGE('',*,*,#2249,.T.);
#2261=ORIENTED_EDGE('',*,*,#1958,.T.);
#2262=ORIENTED_EDGE('',*,*,#2114,.F.);
#2263=EDGE_LOOP('',(#2259,#2260,#2261,#2262));
#2264=FACE_OUTER_BOUND('',#2263,.F.);
#2266=CARTESIAN_POINT('',(-3.E0,-1.275E1,-1.39E1));
#2267=DIRECTION('',(1.E0,0.E0,0.E0));
#2268=DIRECTION('',(0.E0,0.E0,1.E0));
#2269=AXIS2_PLACEMENT_3D('',#2266,#2267,#2268);
#2270=PLANE('',#2269);
#2271=ORIENTED_EDGE('',*,*,#2199,.T.);
#2272=ORIENTED_EDGE('',*,*,#2178,.T.);
#2273=ORIENTED_EDGE('',*,*,#1938,.T.);
#2274=ORIENTED_EDGE('',*,*,#1884,.F.);
#2275=EDGE_LOOP('',(#2271,#2272,#2273,#2274));
#2276=FACE_OUTER_BOUND('',#2275,.F.);
#2278=CARTESIAN_POINT('',(3.E0,-1.275E1,-1.14E1));
#2279=DIRECTION('',(-1.E0,0.E0,0.E0));
#2280=DIRECTION('',(0.E0,0.E0,-1.E0));
#2281=AXIS2_PLACEMENT_3D('',#2278,#2279,#2280);
#2282=PLANE('',#2281);
#2283=ORIENTED_EDGE('',*,*,#2202,.F.);
#2284=ORIENTED_EDGE('',*,*,#1880,.T.);
#2285=ORIENTED_EDGE('',*,*,#1902,.T.);
#2287=ORIENTED_EDGE('',*,*,#2286,.F.);
#2288=EDGE_LOOP('',(#2283,#2284,#2285,#2287));
#2289=FACE_OUTER_BOUND('',#2288,.F.);
#2291=CARTESIAN_POINT('',(3.E0,-1.275E1,-1.39E1));
#2292=DIRECTION('',(0.E0,0.E0,-1.E0));
#2293=DIRECTION('',(1.E0,0.E0,0.E0));
#2294=AXIS2_PLACEMENT_3D('',#2291,#2292,#2293);
#2295=PLANE('',#2294);
#2296=ORIENTED_EDGE('',*,*,#2204,.T.);
#2297=ORIENTED_EDGE('',*,*,#2286,.T.);
#2298=ORIENTED_EDGE('',*,*,#1900,.T.);
#2299=ORIENTED_EDGE('',*,*,#2057,.F.);
#2300=EDGE_LOOP('',(#2296,#2297,#2298,#2299));
#2301=FACE_OUTER_BOUND('',#2300,.F.);
#2303=CARTESIAN_POINT('',(0.E0,0.E0,-1.69E1));
#2304=DIRECTION('',(0.E0,1.E0,0.E0));
#2305=DIRECTION('',(0.E0,0.E0,-1.E0));
#2306=AXIS2_PLACEMENT_3D('',#2303,#2304,#2305);
#2307=CYLINDRICAL_SURFACE('',#2306,4.5E-1);
#2308=ORIENTED_EDGE('',*,*,#2209,.T.);
#2310=ORIENTED_EDGE('',*,*,#2309,.T.);
#2312=ORIENTED_EDGE('',*,*,#2311,.F.);
#2314=ORIENTED_EDGE('',*,*,#2313,.F.);
#2315=EDGE_LOOP('',(#2308,#2310,#2312,#2314));
#2316=FACE_OUTER_BOUND('',#2315,.F.);
#2318=CARTESIAN_POINT('',(0.E0,0.E0,-1.69E1));
#2319=DIRECTION('',(0.E0,1.E0,0.E0));
#2320=DIRECTION('',(0.E0,0.E0,-1.E0));
#2321=AXIS2_PLACEMENT_3D('',#2318,#2319,#2320);
#2322=CYLINDRICAL_SURFACE('',#2321,4.5E-1);
#2323=ORIENTED_EDGE('',*,*,#2211,.T.);
#2324=ORIENTED_EDGE('',*,*,#2313,.T.);
#2326=ORIENTED_EDGE('',*,*,#2325,.F.);
#2327=ORIENTED_EDGE('',*,*,#2309,.F.);
#2328=EDGE_LOOP('',(#2323,#2324,#2326,#2327));
#2329=FACE_OUTER_BOUND('',#2328,.F.);
#2331=CARTESIAN_POINT('',(0.E0,-1.73538E1,0.E0));
#2332=DIRECTION('',(0.E0,1.E0,0.E0));
#2333=DIRECTION('',(0.E0,0.E0,-1.E0));
#2334=AXIS2_PLACEMENT_3D('',#2331,#2332,#2333);
#2335=PLANE('',#2334);
#2336=ORIENTED_EDGE('',*,*,#2311,.T.);
#2337=ORIENTED_EDGE('',*,*,#2325,.T.);
#2338=EDGE_LOOP('',(#2336,#2337));
#2339=FACE_OUTER_BOUND('',#2338,.F.);
#2341=CARTESIAN_POINT('',(4.55E0,-1.31E1,-2.145E1));
#2342=DIRECTION('',(-1.E0,0.E0,0.E0));
#2343=DIRECTION('',(0.E0,0.E0,-1.E0));
#2344=AXIS2_PLACEMENT_3D('',#2341,#2342,#2343);
#2345=PLANE('',#2344);
#2346=ORIENTED_EDGE('',*,*,#1915,.T.);
#2348=ORIENTED_EDGE('',*,*,#2347,.T.);
#2349=ORIENTED_EDGE('',*,*,#2004,.T.);
#2350=ORIENTED_EDGE('',*,*,#2086,.F.);
#2351=EDGE_LOOP('',(#2346,#2348,#2349,#2350));
#2352=FACE_OUTER_BOUND('',#2351,.F.);
#2354=CARTESIAN_POINT('',(5.5E0,-1.31E1,-2.145E1));
#2355=DIRECTION('',(0.E0,0.E0,1.E0));
#2356=DIRECTION('',(-1.E0,0.E0,0.E0));
#2357=AXIS2_PLACEMENT_3D('',#2354,#2355,#2356);
#2358=PLANE('',#2357);
#2359=ORIENTED_EDGE('',*,*,#1913,.F.);
#2360=ORIENTED_EDGE('',*,*,#2050,.T.);
#2361=ORIENTED_EDGE('',*,*,#2006,.T.);
#2362=ORIENTED_EDGE('',*,*,#2347,.F.);
#2363=EDGE_LOOP('',(#2359,#2360,#2361,#2362));
#2364=FACE_OUTER_BOUND('',#2363,.F.);
#2366=CARTESIAN_POINT('',(4.55E0,-1.31E1,-1.235E1));
#2367=DIRECTION('',(0.E0,0.E0,-1.E0));
#2368=DIRECTION('',(1.E0,0.E0,0.E0));
#2369=AXIS2_PLACEMENT_3D('',#2366,#2367,#2368);
#2370=PLANE('',#2369);
#2371=ORIENTED_EDGE('',*,*,#1896,.T.);
#2372=ORIENTED_EDGE('',*,*,#1976,.T.);
#2373=ORIENTED_EDGE('',*,*,#1989,.T.);
#2374=ORIENTED_EDGE('',*,*,#2060,.F.);
#2375=EDGE_LOOP('',(#2371,#2372,#2373,#2374));
#2376=FACE_OUTER_BOUND('',#2375,.F.);
#2378=CARTESIAN_POINT('',(0.E0,-5.5E0,-1.69E1));
#2379=DIRECTION('',(0.E0,-1.E0,0.E0));
#2380=DIRECTION('',(0.E0,0.E0,-1.E0));
#2381=AXIS2_PLACEMENT_3D('',#2378,#2379,#2380);
#2382=CYLINDRICAL_SURFACE('',#2381,5.4E0);
#2383=ORIENTED_EDGE('',*,*,#1853,.T.);
#2384=ORIENTED_EDGE('',*,*,#1832,.F.);
#2385=ORIENTED_EDGE('',*,*,#1817,.F.);
#2386=ORIENTED_EDGE('',*,*,#1829,.T.);
#2387=EDGE_LOOP('',(#2383,#2384,#2385,#2386));
#2388=FACE_OUTER_BOUND('',#2387,.F.);
#2390=CARTESIAN_POINT('',(0.E0,-5.25E0,-1.69E1));
#2391=DIRECTION('',(0.E0,1.E0,0.E0));
#2392=DIRECTION('',(-7.071067811865E-1,0.E0,7.071067811865E-1));
#2393=AXIS2_PLACEMENT_3D('',#2390,#2391,#2392);
#2394=CONICAL_SURFACE('',#2393,6.639087296526E0,7.762133307919E1);
#2396=ORIENTED_EDGE('',*,*,#2395,.T.);
#2397=ORIENTED_EDGE('',*,*,#1779,.T.);
#2398=ORIENTED_EDGE('',*,*,#1808,.F.);
#2399=EDGE_LOOP('',(#2396,#2397,#2398));
#2400=FACE_OUTER_BOUND('',#2399,.F.);
#2402=CARTESIAN_POINT('',(0.E0,-5.25E0,-1.69E1));
#2403=DIRECTION('',(0.E0,1.E0,0.E0));
#2404=DIRECTION('',(-7.071067811865E-1,0.E0,7.071067811865E-1));
#2405=AXIS2_PLACEMENT_3D('',#2402,#2403,#2404);
#2406=CONICAL_SURFACE('',#2405,6.639087296526E0,7.762133307919E1);
#2407=ORIENTED_EDGE('',*,*,#1696,.T.);
#2408=ORIENTED_EDGE('',*,*,#1727,.T.);
#2409=ORIENTED_EDGE('',*,*,#1811,.F.);
#2410=EDGE_LOOP('',(#2407,#2408,#2409));
#2411=FACE_OUTER_BOUND('',#2410,.F.);
#2413=CARTESIAN_POINT('',(0.E0,-5.25E0,-1.69E1));
#2414=DIRECTION('',(0.E0,1.E0,0.E0));
#2415=DIRECTION('',(-7.071067811865E-1,0.E0,7.071067811865E-1));
#2416=AXIS2_PLACEMENT_3D('',#2413,#2414,#2415);
#2417=CONICAL_SURFACE('',#2416,6.639087296526E0,7.762133307919E1);
#2418=ORIENTED_EDGE('',*,*,#1725,.T.);
#2420=ORIENTED_EDGE('',*,*,#2419,.T.);
#2421=ORIENTED_EDGE('',*,*,#1806,.T.);
#2422=EDGE_LOOP('',(#2418,#2420,#2421));
#2423=FACE_OUTER_BOUND('',#2422,.F.);
#2425=CARTESIAN_POINT('',(0.E0,0.E0,-2.24E1));
#2426=DIRECTION('',(0.E0,0.E0,-1.E0));
#2427=DIRECTION('',(-1.E0,0.E0,0.E0));
#2428=AXIS2_PLACEMENT_3D('',#2425,#2426,#2427);
#2429=PLANE('',#2428);
#2430=ORIENTED_EDGE('',*,*,#1723,.F.);
#2431=ORIENTED_EDGE('',*,*,#1765,.T.);
#2432=ORIENTED_EDGE('',*,*,#1739,.T.);
#2433=ORIENTED_EDGE('',*,*,#1781,.F.);
#2434=ORIENTED_EDGE('',*,*,#2395,.F.);
#2435=ORIENTED_EDGE('',*,*,#2419,.F.);
#2436=EDGE_LOOP('',(#2430,#2431,#2432,#2433,#2434,#2435));
#2437=FACE_OUTER_BOUND('',#2436,.F.);
#2439=CARTESIAN_POINT('',(0.E0,5.25E0,-1.69E1));
#2440=DIRECTION('',(0.E0,-1.E0,0.E0));
#2441=DIRECTION('',(7.071067811865E-1,0.E0,-7.071067811865E-1));
#2442=AXIS2_PLACEMENT_3D('',#2439,#2440,#2441);
#2443=CONICAL_SURFACE('',#2442,6.639087296526E0,7.762133307919E1);
#2445=ORIENTED_EDGE('',*,*,#2444,.T.);
#2446=ORIENTED_EDGE('',*,*,#1702,.F.);
#2447=ORIENTED_EDGE('',*,*,#1784,.F.);
#2448=EDGE_LOOP('',(#2445,#2446,#2447));
#2449=FACE_OUTER_BOUND('',#2448,.F.);
#2451=CARTESIAN_POINT('',(-5.5E0,5.5E0,-1.14E1));
#2452=DIRECTION('',(0.E0,1.E0,0.E0));
#2453=DIRECTION('',(1.E0,0.E0,0.E0));
#2454=AXIS2_PLACEMENT_3D('',#2451,#2452,#2453);
#2455=PLANE('',#2454);
#2456=ORIENTED_EDGE('',*,*,#1763,.F.);
#2457=ORIENTED_EDGE('',*,*,#1753,.F.);
#2458=ORIENTED_EDGE('',*,*,#2444,.F.);
#2459=ORIENTED_EDGE('',*,*,#1741,.F.);
#2460=EDGE_LOOP('',(#2456,#2457,#2458,#2459));
#2461=FACE_OUTER_BOUND('',#2460,.F.);
#2463=CARTESIAN_POINT('',(0.E0,6.05E0,-4.23E0));
#2464=DIRECTION('',(0.E0,-1.E0,0.E0));
#2465=DIRECTION('',(0.E0,0.E0,1.E0));
#2466=AXIS2_PLACEMENT_3D('',#2463,#2464,#2465);
#2467=CYLINDRICAL_SURFACE('',#2466,1.E0);
#2468=ORIENTED_EDGE('',*,*,#1627,.F.);
#2470=ORIENTED_EDGE('',*,*,#2469,.F.);
#2472=ORIENTED_EDGE('',*,*,#2471,.T.);
#2474=ORIENTED_EDGE('',*,*,#2473,.T.);
#2475=EDGE_LOOP('',(#2468,#2470,#2472,#2474));
#2476=FACE_OUTER_BOUND('',#2475,.F.);
#2478=CARTESIAN_POINT('',(0.E0,6.05E0,-4.23E0));
#2479=DIRECTION('',(0.E0,-1.E0,0.E0));
#2480=DIRECTION('',(0.E0,0.E0,1.E0));
#2481=AXIS2_PLACEMENT_3D('',#2478,#2479,#2480);
#2482=CYLINDRICAL_SURFACE('',#2481,1.E0);
#2483=ORIENTED_EDGE('',*,*,#1629,.F.);
#2484=ORIENTED_EDGE('',*,*,#2473,.F.);
#2486=ORIENTED_EDGE('',*,*,#2485,.F.);
#2487=ORIENTED_EDGE('',*,*,#2469,.T.);
#2488=EDGE_LOOP('',(#2483,#2484,#2486,#2487));
#2489=FACE_OUTER_BOUND('',#2488,.F.);
#2491=CARTESIAN_POINT('',(0.E0,-5.5E0,-4.23E0));
#2492=DIRECTION('',(0.E0,-1.E0,0.E0));
#2493=DIRECTION('',(0.E0,0.E0,1.E0));
#2494=AXIS2_PLACEMENT_3D('',#2491,#2492,#2493);
#2495=PLANE('',#2494);
#2496=ORIENTED_EDGE('',*,*,#2471,.F.);
#2497=ORIENTED_EDGE('',*,*,#2485,.T.);
#2498=EDGE_LOOP('',(#2496,#2497));
#2499=FACE_OUTER_BOUND('',#2498,.F.);
#2501=CARTESIAN_POINT('',(0.E0,4.46E0,0.E0));
#2502=DIRECTION('',(0.E0,1.E0,0.E0));
#2503=DIRECTION('',(1.E0,0.E0,0.E0));
#2504=AXIS2_PLACEMENT_3D('',#2501,#2502,#2503);
#2505=PLANE('',#2504);
#2506=ORIENTED_EDGE('',*,*,#1598,.T.);
#2507=ORIENTED_EDGE('',*,*,#1541,.T.);
#2509=ORIENTED_EDGE('',*,*,#2508,.F.);
#2510=ORIENTED_EDGE('',*,*,#1537,.F.);
#2511=ORIENTED_EDGE('',*,*,#1580,.T.);
#2512=ORIENTED_EDGE('',*,*,#1557,.F.);
#2514=ORIENTED_EDGE('',*,*,#2513,.F.);
#2515=ORIENTED_EDGE('',*,*,#1553,.T.);
#2516=EDGE_LOOP('',(#2506,#2507,#2509,#2510,#2511,#2512,#2514,#2515));
#2517=FACE_OUTER_BOUND('',#2516,.F.);
#2519=ORIENTED_EDGE('',*,*,#2518,.F.);
#2521=ORIENTED_EDGE('',*,*,#2520,.F.);
#2522=EDGE_LOOP('',(#2519,#2521));
#2523=FACE_BOUND('',#2522,.F.);
#2525=CARTESIAN_POINT('',(0.E0,4.46E0,-4.23E0));
#2526=DIRECTION('',(0.E0,1.E0,0.E0));
#2527=DIRECTION('',(1.E0,0.E0,0.E0));
#2528=AXIS2_PLACEMENT_3D('',#2525,#2526,#2527);
#2529=CYLINDRICAL_SURFACE('',#2528,2.5E0);
#2530=ORIENTED_EDGE('',*,*,#1539,.T.);
#2531=ORIENTED_EDGE('',*,*,#2508,.T.);
#2532=EDGE_LOOP('',(#2530,#2531));
#2533=FACE_OUTER_BOUND('',#2532,.F.);
#2535=CARTESIAN_POINT('',(0.E0,4.46E0,-4.23E0));
#2536=DIRECTION('',(0.E0,1.E0,0.E0));
#2537=DIRECTION('',(1.E0,0.E0,0.E0));
#2538=AXIS2_PLACEMENT_3D('',#2535,#2536,#2537);
#2539=CYLINDRICAL_SURFACE('',#2538,2.5E0);
#2540=ORIENTED_EDGE('',*,*,#1555,.T.);
#2541=ORIENTED_EDGE('',*,*,#2513,.T.);
#2542=EDGE_LOOP('',(#2540,#2541));
#2543=FACE_OUTER_BOUND('',#2542,.F.);
#2545=CARTESIAN_POINT('',(0.E0,6.05E0,-4.23E0));
#2546=DIRECTION('',(0.E0,-1.E0,0.E0));
#2547=DIRECTION('',(0.E0,0.E0,1.E0));
#2548=AXIS2_PLACEMENT_3D('',#2545,#2546,#2547);
#2549=CYLINDRICAL_SURFACE('',#2548,1.E0);
#2550=ORIENTED_EDGE('',*,*,#2518,.T.);
#2552=ORIENTED_EDGE('',*,*,#2551,.T.);
#2554=ORIENTED_EDGE('',*,*,#2553,.F.);
#2556=ORIENTED_EDGE('',*,*,#2555,.F.);
#2557=EDGE_LOOP('',(#2550,#2552,#2554,#2556));
#2558=FACE_OUTER_BOUND('',#2557,.F.);
#2560=CARTESIAN_POINT('',(0.E0,6.05E0,-4.23E0));
#2561=DIRECTION('',(0.E0,-1.E0,0.E0));
#2562=DIRECTION('',(0.E0,0.E0,1.E0));
#2563=AXIS2_PLACEMENT_3D('',#2560,#2561,#2562);
#2564=CYLINDRICAL_SURFACE('',#2563,1.E0);
#2565=ORIENTED_EDGE('',*,*,#2520,.T.);
#2566=ORIENTED_EDGE('',*,*,#2555,.T.);
#2568=ORIENTED_EDGE('',*,*,#2567,.T.);
#2569=ORIENTED_EDGE('',*,*,#2551,.F.);
#2570=EDGE_LOOP('',(#2565,#2566,#2568,#2569));
#2571=FACE_OUTER_BOUND('',#2570,.F.);
#2573=CARTESIAN_POINT('',(0.E0,5.5E0,-4.23E0));
#2574=DIRECTION('',(0.E0,-1.E0,0.E0));
#2575=DIRECTION('',(0.E0,0.E0,1.E0));
#2576=AXIS2_PLACEMENT_3D('',#2573,#2574,#2575);
#2577=PLANE('',#2576);
#2578=ORIENTED_EDGE('',*,*,#2567,.F.);
#2579=ORIENTED_EDGE('',*,*,#2553,.T.);
#2580=EDGE_LOOP('',(#2578,#2579));
#2581=FACE_OUTER_BOUND('',#2580,.F.);
#2583=CARTESIAN_POINT('',(0.E0,0.E0,-2.500000000017E-1));
#2584=DIRECTION('',(0.E0,0.E0,1.E0));
#2585=DIRECTION('',(0.E0,-1.E0,0.E0));
#2586=AXIS2_PLACEMENT_3D('',#2583,#2584,#2585);
#2587=CONICAL_SURFACE('',#2586,4.324999999999E0,3.499202019856E1);
#2588=ORIENTED_EDGE('',*,*,#1516,.T.);
#2590=ORIENTED_EDGE('',*,*,#2589,.T.);
#2592=ORIENTED_EDGE('',*,*,#2591,.F.);
#2594=ORIENTED_EDGE('',*,*,#2593,.F.);
#2595=EDGE_LOOP('',(#2588,#2590,#2592,#2594));
#2596=FACE_OUTER_BOUND('',#2595,.F.);
#2598=CARTESIAN_POINT('',(0.E0,0.E0,-2.500000000017E-1));
#2599=DIRECTION('',(0.E0,0.E0,1.E0));
#2600=DIRECTION('',(0.E0,-1.E0,0.E0));
#2601=AXIS2_PLACEMENT_3D('',#2598,#2599,#2600);
#2602=CONICAL_SURFACE('',#2601,4.324999999999E0,3.499202019856E1);
#2603=ORIENTED_EDGE('',*,*,#1518,.T.);
#2604=ORIENTED_EDGE('',*,*,#2593,.T.);
#2606=ORIENTED_EDGE('',*,*,#2605,.F.);
#2607=ORIENTED_EDGE('',*,*,#2589,.F.);
#2608=EDGE_LOOP('',(#2603,#2604,#2606,#2607));
#2609=FACE_OUTER_BOUND('',#2608,.F.);
#2611=CARTESIAN_POINT('',(0.E0,0.E0,-8.626086E0));
#2612=DIRECTION('',(0.E0,0.E0,1.E0));
#2613=DIRECTION('',(-1.E0,0.E0,0.E0));
#2614=AXIS2_PLACEMENT_3D('',#2611,#2612,#2613);
#2615=CYLINDRICAL_SURFACE('',#2614,4.15E0);
#2616=ORIENTED_EDGE('',*,*,#2605,.T.);
#2618=ORIENTED_EDGE('',*,*,#2617,.F.);
#2620=ORIENTED_EDGE('',*,*,#2619,.F.);
#2622=ORIENTED_EDGE('',*,*,#2621,.T.);
#2623=EDGE_LOOP('',(#2616,#2618,#2620,#2622));
#2624=FACE_OUTER_BOUND('',#2623,.F.);
#2626=CARTESIAN_POINT('',(0.E0,0.E0,-8.626086E0));
#2627=DIRECTION('',(0.E0,0.E0,1.E0));
#2628=DIRECTION('',(-1.E0,0.E0,0.E0));
#2629=AXIS2_PLACEMENT_3D('',#2626,#2627,#2628);
#2630=CYLINDRICAL_SURFACE('',#2629,4.15E0);
#2631=ORIENTED_EDGE('',*,*,#2591,.T.);
#2632=ORIENTED_EDGE('',*,*,#2621,.F.);
#2634=ORIENTED_EDGE('',*,*,#2633,.T.);
#2635=ORIENTED_EDGE('',*,*,#2617,.T.);
#2636=EDGE_LOOP('',(#2631,#2632,#2634,#2635));
#2637=FACE_OUTER_BOUND('',#2636,.F.);
#2639=CARTESIAN_POINT('',(0.E0,0.E0,-8.21532E0));
#2640=DIRECTION('',(0.E0,0.E0,1.E0));
#2641=DIRECTION('',(-1.E0,0.E0,0.E0));
#2642=AXIS2_PLACEMENT_3D('',#2639,#2640,#2641);
#2643=PLANE('',#2642);
#2644=ORIENTED_EDGE('',*,*,#2619,.T.);
#2645=ORIENTED_EDGE('',*,*,#2633,.F.);
#2646=EDGE_LOOP('',(#2644,#2645));
#2647=FACE_OUTER_BOUND('',#2646,.F.);
#2649=ORIENTED_EDGE('',*,*,#2648,.T.);
#2651=ORIENTED_EDGE('',*,*,#2650,.F.);
#2652=EDGE_LOOP('',(#2649,#2651));
#2653=FACE_BOUND('',#2652,.F.);
#2655=CARTESIAN_POINT('',(0.E0,0.E0,-8.626086E0));
#2656=DIRECTION('',(0.E0,0.E0,1.E0));
#2657=DIRECTION('',(-1.E0,0.E0,0.E0));
#2658=AXIS2_PLACEMENT_3D('',#2655,#2656,#2657);
#2659=CYLINDRICAL_SURFACE('',#2658,2.410415E0);
#2661=ORIENTED_EDGE('',*,*,#2660,.F.);
#2663=ORIENTED_EDGE('',*,*,#2662,.T.);
#2665=ORIENTED_EDGE('',*,*,#2664,.T.);
#2666=ORIENTED_EDGE('',*,*,#2648,.F.);
#2667=EDGE_LOOP('',(#2661,#2663,#2665,#2666));
#2668=FACE_OUTER_BOUND('',#2667,.F.);
#2670=CARTESIAN_POINT('',(0.E0,0.E0,-8.626086E0));
#2671=DIRECTION('',(0.E0,0.E0,1.E0));
#2672=DIRECTION('',(-1.E0,0.E0,0.E0));
#2673=AXIS2_PLACEMENT_3D('',#2670,#2671,#2672);
#2674=CYLINDRICAL_SURFACE('',#2673,2.410415E0);
#2675=ORIENTED_EDGE('',*,*,#2660,.T.);
#2676=ORIENTED_EDGE('',*,*,#2650,.T.);
#2677=ORIENTED_EDGE('',*,*,#2664,.F.);
#2679=ORIENTED_EDGE('',*,*,#2678,.F.);
#2680=EDGE_LOOP('',(#2675,#2676,#2677,#2679));
#2681=FACE_OUTER_BOUND('',#2680,.F.);
#2683=CARTESIAN_POINT('',(0.E0,0.E0,-3.31395E0));
#2684=DIRECTION('',(0.E0,0.E0,1.E0));
#2685=DIRECTION('',(-1.E0,0.E0,0.E0));
#2686=AXIS2_PLACEMENT_3D('',#2683,#2684,#2685);
#2687=PLANE('',#2686);
#2688=ORIENTED_EDGE('',*,*,#2678,.T.);
#2689=ORIENTED_EDGE('',*,*,#2662,.F.);
#2690=EDGE_LOOP('',(#2688,#2689));
#2691=FACE_OUTER_BOUND('',#2690,.F.);
#2693=ORIENTED_EDGE('',*,*,#2692,.T.);
#2695=ORIENTED_EDGE('',*,*,#2694,.T.);
#2696=EDGE_LOOP('',(#2693,#2695));
#2697=FACE_BOUND('',#2696,.F.);
#2699=CARTESIAN_POINT('',(0.E0,0.E0,-3.5123995E0));
#2700=DIRECTION('',(0.E0,0.E0,1.E0));
#2701=DIRECTION('',(-1.E0,0.E0,0.E0));
#2702=AXIS2_PLACEMENT_3D('',#2699,#2700,#2701);
#2703=CONICAL_SURFACE('',#2702,9.418825E-1,4.499826764456E1);
#2704=ORIENTED_EDGE('',*,*,#2692,.F.);
#2706=ORIENTED_EDGE('',*,*,#2705,.T.);
#2708=ORIENTED_EDGE('',*,*,#2707,.T.);
#2710=ORIENTED_EDGE('',*,*,#2709,.F.);
#2711=EDGE_LOOP('',(#2704,#2706,#2708,#2710));
#2712=FACE_OUTER_BOUND('',#2711,.F.);
#2714=CARTESIAN_POINT('',(0.E0,0.E0,-3.5123995E0));
#2715=DIRECTION('',(0.E0,0.E0,1.E0));
#2716=DIRECTION('',(-1.E0,0.E0,0.E0));
#2717=AXIS2_PLACEMENT_3D('',#2714,#2715,#2716);
#2718=CONICAL_SURFACE('',#2717,9.418825E-1,4.499826764456E1);
#2719=ORIENTED_EDGE('',*,*,#2694,.F.);
#2720=ORIENTED_EDGE('',*,*,#2709,.T.);
#2722=ORIENTED_EDGE('',*,*,#2721,.F.);
#2723=ORIENTED_EDGE('',*,*,#2705,.F.);
#2724=EDGE_LOOP('',(#2719,#2720,#2722,#2723));
#2725=FACE_OUTER_BOUND('',#2724,.F.);
#2727=CARTESIAN_POINT('',(0.E0,0.E0,-4.36395E0));
#2728=DIRECTION('',(0.E0,0.E0,1.E0));
#2729=DIRECTION('',(-1.E0,0.E0,0.E0));
#2730=AXIS2_PLACEMENT_3D('',#2727,#2728,#2729);
#2731=CYLINDRICAL_SURFACE('',#2730,7.43445E-1);
#2733=ORIENTED_EDGE('',*,*,#2732,.F.);
#2734=ORIENTED_EDGE('',*,*,#2721,.T.);
#2736=ORIENTED_EDGE('',*,*,#2735,.T.);
#2738=ORIENTED_EDGE('',*,*,#2737,.F.);
#2739=EDGE_LOOP('',(#2733,#2734,#2736,#2738));
#2740=FACE_OUTER_BOUND('',#2739,.F.);
#2742=CARTESIAN_POINT('',(0.E0,0.E0,-4.36395E0));
#2743=DIRECTION('',(0.E0,0.E0,1.E0));
#2744=DIRECTION('',(-1.E0,0.E0,0.E0));
#2745=AXIS2_PLACEMENT_3D('',#2742,#2743,#2744);
#2746=CYLINDRICAL_SURFACE('',#2745,7.43445E-1);
#2747=ORIENTED_EDGE('',*,*,#2732,.T.);
#2749=ORIENTED_EDGE('',*,*,#2748,.T.);
#2750=ORIENTED_EDGE('',*,*,#2735,.F.);
#2751=ORIENTED_EDGE('',*,*,#2707,.F.);
#2752=EDGE_LOOP('',(#2747,#2749,#2750,#2751));
#2753=FACE_OUTER_BOUND('',#2752,.F.);
#2755=CARTESIAN_POINT('',(0.E0,0.E0,-4.31395E0));
#2756=DIRECTION('',(0.E0,0.E0,1.E0));
#2757=DIRECTION('',(-1.E0,0.E0,0.E0));
#2758=AXIS2_PLACEMENT_3D('',#2755,#2756,#2757);
#2759=PLANE('',#2758);
#2760=ORIENTED_EDGE('',*,*,#2737,.T.);
#2761=ORIENTED_EDGE('',*,*,#2748,.F.);
#2762=EDGE_LOOP('',(#2760,#2761));
#2763=FACE_OUTER_BOUND('',#2762,.F.);
#2765=CLOSED_SHELL('',(#1522,#1545,#1569,#1587,#1605,#1633,#1644,#1662,#1678,
#1688,#1712,#1731,#1745,#1757,#1770,#1788,#1800,#1821,#1836,#1857,#1888,#1907,
#1927,#1946,#1966,#1980,#1994,#2010,#2025,#2041,#2067,#2093,#2118,#2131,#2143,
#2156,#2168,#2182,#2215,#2228,#2240,#2253,#2265,#2277,#2290,#2302,#2317,#2330,
#2340,#2353,#2365,#2377,#2389,#2401,#2412,#2424,#2438,#2450,#2462,#2477,#2490,
#2500,#2524,#2534,#2544,#2559,#2572,#2582,#2597,#2610,#2625,#2638,#2654,#2669,
#2682,#2698,#2713,#2726,#2741,#2754,#2764));
#2766=MANIFOLD_SOLID_BREP('',#2765);
#2769=PLANE_ANGLE_MEASURE_WITH_UNIT(PLANE_ANGLE_MEASURE(1.745329251994E-2),
#2768);
#2770=(CONVERSION_BASED_UNIT('DEGREE',#2769)NAMED_UNIT(*)PLANE_ANGLE_UNIT());
#2772=UNCERTAINTY_MEASURE_WITH_UNIT(LENGTH_MEASURE(1.E-3),#2767,
'distance_accuracy_value',
'Maximum model space distance between geometric entities at asserted connectivities');
#2775=APPLICATION_CONTEXT('automotive_design');
#2776=APPLICATION_PROTOCOL_DEFINITION('international standard',
'automotive_design',2001,#2775);
#2777=PRODUCT_DEFINITION_CONTEXT('part definition',#2775,'design');
#2778=PRODUCT_CONTEXT('',#2775,'mechanical');
#2779=PRODUCT('C-1-1478035-0','C-1-1478035-0','NOT SPECIFIED',(#2778));
#2780=PRODUCT_DEFINITION_FORMATION('1','LAST_VERSION',#2779);
#2788=DERIVED_UNIT_ELEMENT(#2787,2.E0);
#2789=DERIVED_UNIT((#2788));
#2790=MEASURE_REPRESENTATION_ITEM('surface area measure',AREA_MEASURE(
1.771009831081E3),#2789);
#2795=DERIVED_UNIT_ELEMENT(#2794,3.E0);
#2796=DERIVED_UNIT((#2795));
#2797=MEASURE_REPRESENTATION_ITEM('volume measure',VOLUME_MEASURE(
2.537338980592E3),#2796);
#2801=CARTESIAN_POINT('centre point',(6.866308357096E-7,-2.827160197274E0,
-1.515706917223E1));
#2806=DERIVED_UNIT_ELEMENT(#2805,2.E0);
#2807=DERIVED_UNIT((#2806));
#2808=MEASURE_REPRESENTATION_ITEM('surface area measure',AREA_MEASURE(
1.771009831081E3),#2807);
#2813=DERIVED_UNIT_ELEMENT(#2812,3.E0);
#2814=DERIVED_UNIT((#2813));
#2815=MEASURE_REPRESENTATION_ITEM('volume measure',VOLUME_MEASURE(
2.537338980592E3),#2814);
#2819=CARTESIAN_POINT('centre point',(6.866308357096E-7,-2.827160197274E0,
-1.515706917223E1));
#2824=PRODUCT_RELATED_PRODUCT_CATEGORY('part','',(#2779));
#1=DRAUGHTING_PRE_DEFINED_COLOUR('black');
#2=COLOUR_RGB('',0.E0,0.E0,3.6E-1);
#3=COLOUR_RGB('',0.E0,0.E0,4.8E-1);
#4=DRAUGHTING_PRE_DEFINED_COLOUR('blue');
#5=COLOUR_RGB('',0.E0,5.8824E-2,4.58824E-1);
#6=COLOUR_RGB('',0.E0,1.80392E-1,4.78431E-1);
#7=COLOUR_RGB('',0.E0,3.6E-1,9.E-2);
#8=COLOUR_RGB('',0.E0,3.6E-1,2.7E-1);
#9=COLOUR_RGB('',0.E0,5.6E-1,6.4E-1);
#10=COLOUR_RGB('',0.E0,5.8E-1,8.E-1);
#11=COLOUR_RGB('',0.E0,7.1E-1,6.6E-1);
#12=COLOUR_RGB('',0.E0,7.13E-1,0.E0);
#13=COLOUR_RGB('',0.E0,9.5E-1,8.4E-1);
#14=DRAUGHTING_PRE_DEFINED_COLOUR('green');
#15=DRAUGHTING_PRE_DEFINED_COLOUR('cyan');
#16=COLOUR_RGB('',1.1765E-2,1.9608E-2,3.9216E-2);
#17=COLOUR_RGB('',4.E-2,0.E0,1.6E-1);
#18=COLOUR_RGB('',3.9216E-2,2.19608E-1,1.21569E-1);
#19=COLOUR_RGB('',3.9216E-2,3.60784E-1,2.E-1);
#20=COLOUR_RGB('',5.098E-2,7.0588E-2,1.01961E-1);
#21=COLOUR_RGB('',9.E-2,0.E0,1.2E-1);
#22=COLOUR_RGB('',9.0196E-2,1.60784E-1,1.09804E-1);
#23=COLOUR_RGB('',9.0196E-2,3.80392E-1,6.70588E-1);
#24=COLOUR_RGB('',1.E-1,0.E0,2.5E-1);
#25=COLOUR_RGB('',1.01961E-1,4.78431E-1,3.88235E-1);
#26=COLOUR_RGB('',1.09804E-1,1.4902E-1,9.0196E-2);
#27=COLOUR_RGB('',1.4902E-1,3.09804E-1,5.29412E-1);
#28=COLOUR_RGB('',1.4902E-1,4.E-1,1.60784E-1);
#29=COLOUR_RGB('',1.6E-1,3.2E-2,0.E0);
#30=COLOUR_RGB('',1.60784E-1,4.5098E-1,7.21569E-1);
#31=COLOUR_RGB('',1.6E-1,4.6E-1,6.5E-1);
#32=COLOUR_RGB('',1.6E-1,1.E0,1.6E-1);
#33=COLOUR_RGB('',2.E-1,3.2E-2,0.E0);
#34=COLOUR_RGB('',2.11765E-1,4.11765E-1,1.4902E-1);
#35=COLOUR_RGB('',2.39216E-1,2.39216E-1,2.31373E-1);
#36=COLOUR_RGB('',2.39216E-1,2.70588E-1,1.80392E-1);
#37=COLOUR_RGB('',2.5098E-1,2.90196E-1,3.29412E-1);
#38=COLOUR_RGB('',2.90196E-1,4.31373E-1,2.E-1);
#39=COLOUR_RGB('',3.1E-1,3.1E-1,5.6E-1);
#40=COLOUR_RGB('',3.09804E-1,6.58824E-1,2.E-1);
#41=COLOUR_RGB('',3.2E-1,1.5E-1,0.E0);
#42=COLOUR_RGB('',3.60784E-1,3.1373E-2,1.68627E-1);
#43=COLOUR_RGB('',3.68627E-1,2.E-1,1.21569E-1);
#44=COLOUR_RGB('',3.88235E-1,2.39216E-1,6.11765E-1);
#45=COLOUR_RGB('',4.E-1,4.E-1,4.E-1);
#46=COLOUR_RGB('',4.11765E-1,5.8824E-2,7.8431E-2);
#47=COLOUR_RGB('',4.11765E-1,3.29412E-1,2.19608E-1);
#48=COLOUR_RGB('',4.2E-1,4.2E-1,1.E0);
#49=COLOUR_RGB('',4.4E-1,8.5E-1,1.E0);
#50=COLOUR_RGB('',4.58824E-1,4.5098E-1,3.09804E-1);
#51=COLOUR_RGB('',4.70588E-1,5.09804E-1,5.4902E-1);
#52=COLOUR_RGB('',4.78431E-1,4.90196E-1,4.58824E-1);
#53=COLOUR_RGB('',4.90196E-1,3.60784E-1,2.19608E-1);
#54=COLOUR_RGB('',4.9E-1,4.9E-1,0.E0);
#55=COLOUR_RGB('',4.9E-1,1.E0,0.E0);
#56=COLOUR_RGB('',5.E-1,0.E0,0.E0);
#57=COLOUR_RGB('',5.E-1,0.E0,2.3E-1);
#58=COLOUR_RGB('',5.E-1,5.E-1,5.E-1);
#59=COLOUR_RGB('',5.21569E-1,2.19608E-1,1.68627E-1);
#60=COLOUR_RGB('',5.3E-1,0.E0,0.E0);
#61=COLOUR_RGB('',5.29412E-1,5.80392E-1,6.5098E-1);
#62=COLOUR_RGB('',5.4E-1,0.E0,4.4E-1);
#63=COLOUR_RGB('',5.5E-1,3.E-1,0.E0);
#64=COLOUR_RGB('',5.6E-1,1.E-1,5.E-2);
#65=COLOUR_RGB('',5.60784E-1,5.80392E-1,6.19608E-1);
#66=COLOUR_RGB('',5.68627E-1,5.8824E-2,4.E-1);
#67=COLOUR_RGB('',5.8E-1,2.2E-1,1.E-2);
#68=COLOUR_RGB('',5.88235E-1,1.21569E-1,1.09804E-1);
#69=COLOUR_RGB('',6.E-1,6.E-1,6.E-1);
#70=COLOUR_RGB('',6.11765E-1,5.60784E-1,3.80392E-1);
#71=COLOUR_RGB('',6.11765E-1,6.11765E-1,6.5098E-1);
#72=COLOUR_RGB('',6.2E-1,0.E0,5.5E-1);
#73=COLOUR_RGB('',6.19608E-1,6.39216E-1,6.90196E-1);
#74=COLOUR_RGB('',6.4E-1,0.E0,2.5E-1);
#75=COLOUR_RGB('',6.4E-1,1.E-2,0.E0);
#76=COLOUR_RGB('',6.39216E-1,5.4902E-1,4.78431E-1);
#77=COLOUR_RGB('',6.5098E-1,6.70588E-1,7.09804E-1);
#78=COLOUR_RGB('',6.70588E-1,1.21569E-1,1.09804E-1);
#79=COLOUR_RGB('',6.78431E-1,4.78431E-1,3.09804E-1);
#80=COLOUR_RGB('',6.8E-1,7.5E-1,1.E0);
#81=COLOUR_RGB('',6.952E-1,7.426E-1,7.9E-1);
#82=COLOUR_RGB('',7.09804E-1,7.0588E-2,2.E-1);
#83=COLOUR_RGB('',7.1E-1,3.1E-1,0.E0);
#84=COLOUR_RGB('',7.2E-1,7.2E-1,7.2E-1);
#85=COLOUR_RGB('',7.29412E-1,7.41176E-1,7.29412E-1);
#86=COLOUR_RGB('',7.41176E-1,7.29412E-1,6.70588E-1);
#87=COLOUR_RGB('',7.4E-1,1.E0,2.6E-1);
#88=COLOUR_RGB('',7.5E-1,3.E-2,0.E0);
#89=COLOUR_RGB('',7.4902E-1,8.90196E-1,7.29412E-1);
#90=COLOUR_RGB('',7.6E-1,0.E0,4.7E-1);
#91=COLOUR_RGB('',7.80392E-1,9.0196E-2,7.0588E-2);
#92=COLOUR_RGB('',7.88235E-1,2.19608E-1,5.4902E-1);
#93=COLOUR_RGB('',8.1E-1,4.E-2,0.E0);
#94=COLOUR_RGB('',8.1E-1,6.1E-1,0.E0);
#95=COLOUR_RGB('',8.2E-1,4.E-2,6.6E-1);
#96=COLOUR_RGB('',8.31373E-1,8.5098E-1,8.58824E-1);
#97=COLOUR_RGB('',8.5098E-1,7.29412E-1,5.4902E-1);
#98=COLOUR_RGB('',8.5E-1,8.5E-1,8.5E-1);
#99=COLOUR_RGB('',8.78431E-1,3.68627E-1,1.21569E-1);
#100=COLOUR_RGB('',8.784E-1,9.49E-1,1.E0);
#101=COLOUR_RGB('',8.90196E-1,5.88235E-1,1.41176E-1);
#102=COLOUR_RGB('',9.E-1,1.E0,0.E0);
#103=COLOUR_RGB('',9.09804E-1,6.11765E-1,7.09804E-1);
#104=COLOUR_RGB('',9.37E-1,7.85E-1,0.E0);
#105=COLOUR_RGB('',9.41176E-1,9.29412E-1,9.01961E-1);
#106=COLOUR_RGB('',9.5E-1,2.2E-1,8.1E-1);
#107=COLOUR_RGB('',9.6E-1,3.7E-1,3.E-1);
#108=COLOUR_RGB('',9.6E-1,7.1E-1,3.75E-1);
#109=COLOUR_RGB('',9.80392E-1,1.E0,1.E0);
#110=COLOUR_RGB('',9.88235E-1,1.09804E-1,7.8431E-2);
#111=COLOUR_RGB('',9.88235E-1,7.21569E-1,1.29412E-1);
#112=COLOUR_RGB('',9.88235E-1,9.21569E-1,8.E-1);
#113=DRAUGHTING_PRE_DEFINED_COLOUR('red');
#114=COLOUR_RGB('',1.E0,0.E0,6.1E-1);
#115=COLOUR_RGB('',1.E0,4.E-2,0.E0);
#116=COLOUR_RGB('',1.E0,2.3E-1,0.E0);
#117=COLOUR_RGB('',1.E0,3.5E-1,5.2E-1);
#118=COLOUR_RGB('',1.E0,3.6E-1,0.E0);
#119=COLOUR_RGB('',1.E0,3.88235E-1,2.11765E-1);
#120=COLOUR_RGB('',1.E0,4.9E-1,3.7E-1);
#121=COLOUR_RGB('',1.E0,5.E-1,0.E0);
#122=COLOUR_RGB('',1.E0,5.6E-1,7.8E-1);
#123=COLOUR_RGB('',1.E0,6.4E-1,4.9E-1);
#124=COLOUR_RGB('',1.E0,6.7E-1,0.E0);
#125=COLOUR_RGB('',1.E0,7.6E-1,6.5E-1);
#126=COLOUR_RGB('',1.E0,8.39216E-1,3.01961E-1);
#127=COLOUR_RGB('',1.E0,8.6E-1,4.E-2);
#128=COLOUR_RGB('',1.E0,9.60784E-1,2.58824E-1);
#129=COLOUR_RGB('',1.E0,9.60784E-1,8.90196E-1);
#130=COLOUR_RGB('',1.E0,9.8E-1,7.2E-1);
#131=DRAUGHTING_PRE_DEFINED_COLOUR('yellow');
#132=COLOUR_RGB('',1.E0,1.E0,3.9216E-2);
#133=DRAUGHTING_PRE_DEFINED_COLOUR('white');
#138=CIRCLE('',#137,4.8E0);
#143=CIRCLE('',#142,4.8E0);
#148=CIRCLE('',#147,4.5E0);
#153=CIRCLE('',#152,4.5E0);
#158=CIRCLE('',#157,4.8E0);
#167=CIRCLE('',#166,4.8E0);
#191=B_SPLINE_CURVE_WITH_KNOTS('',3,(#172,#173,#174,#175,#176,#177,#178,#179,
#180,#181,#182,#183,#184,#185,#186,#187,#188,#189,#190),.UNSPECIFIED.,.F.,.F.,
(4,1,1,1,1,1,1,1,1,1,1,1,1,1,1,1,4),(0.E0,6.25E-2,1.25E-1,1.875E-1,2.5E-1,
3.125E-1,3.75E-1,4.375E-1,5.E-1,5.625E-1,6.25E-1,6.875E-1,7.5E-1,8.125E-1,
8.75E-1,9.375E-1,1.E0),.UNSPECIFIED.);
#200=CIRCLE('',#199,4.8E0);
#224=B_SPLINE_CURVE_WITH_KNOTS('',3,(#205,#206,#207,#208,#209,#210,#211,#212,
#213,#214,#215,#216,#217,#218,#219,#220,#221,#222,#223),.UNSPECIFIED.,.F.,.F.,
(4,1,1,1,1,1,1,1,1,1,1,1,1,1,1,1,4),(0.E0,6.25E-2,1.25E-1,1.875E-1,2.5E-1,
3.125E-1,3.75E-1,4.375E-1,5.E-1,5.625E-1,6.25E-1,6.875E-1,7.5E-1,8.125E-1,
8.75E-1,9.375E-1,1.E0),.UNSPECIFIED.);
#233=CIRCLE('',#232,4.8E0);
#238=CIRCLE('',#237,4.8E0);
#255=B_SPLINE_CURVE_WITH_KNOTS('',3,(#243,#244,#245,#246,#247,#248,#249,#250,
#251,#252,#253,#254),.UNSPECIFIED.,.F.,.F.,(4,1,1,1,1,1,1,1,1,4),(0.E0,
1.111111111111E-1,2.222222222222E-1,3.333333333333E-1,4.444444444444E-1,
5.555555555556E-1,6.666666666667E-1,7.777777777778E-1,8.888888888889E-1,1.E0),
.UNSPECIFIED.);
#268=B_SPLINE_CURVE_WITH_KNOTS('',3,(#256,#257,#258,#259,#260,#261,#262,#263,
#264,#265,#266,#267),.UNSPECIFIED.,.F.,.F.,(4,1,1,1,1,1,1,1,1,4),(0.E0,
1.111111111111E-1,2.222222222222E-1,3.333333333333E-1,4.444444444444E-1,
5.555555555556E-1,6.666666666667E-1,7.777777777778E-1,8.888888888889E-1,1.E0),
.UNSPECIFIED.);
#281=B_SPLINE_CURVE_WITH_KNOTS('',3,(#269,#270,#271,#272,#273,#274,#275,#276,
#277,#278,#279,#280),.UNSPECIFIED.,.F.,.F.,(4,1,1,1,1,1,1,1,1,4),(0.E0,
1.111111111111E-1,2.222222222222E-1,3.333333333333E-1,4.444444444444E-1,
5.555555555556E-1,6.666666666667E-1,7.777777777778E-1,8.888888888889E-1,1.E0),
.UNSPECIFIED.);
#294=B_SPLINE_CURVE_WITH_KNOTS('',3,(#282,#283,#284,#285,#286,#287,#288,#289,
#290,#291,#292,#293),.UNSPECIFIED.,.F.,.F.,(4,1,1,1,1,1,1,1,1,4),(0.E0,
1.111111111111E-1,2.222222222222E-1,3.333333333333E-1,4.444444444444E-1,
5.555555555556E-1,6.666666666667E-1,7.777777777778E-1,8.888888888889E-1,1.E0),
.UNSPECIFIED.);
#299=CIRCLE('',#298,2.5E0);
#304=CIRCLE('',#303,2.5E0);
#309=CIRCLE('',#308,1.E0);
#314=CIRCLE('',#313,1.E0);
#338=B_SPLINE_CURVE_WITH_KNOTS('',3,(#319,#320,#321,#322,#323,#324,#325,#326,
#327,#328,#329,#330,#331,#332,#333,#334,#335,#336,#337),.UNSPECIFIED.,.F.,.F.,
(4,1,1,1,1,1,1,1,1,1,1,1,1,1,1,1,4),(0.E0,6.25E-2,1.25E-1,1.875E-1,2.5E-1,
3.125E-1,3.75E-1,4.375E-1,5.E-1,5.625E-1,6.25E-1,6.875E-1,7.5E-1,8.125E-1,
8.75E-1,9.375E-1,1.E0),.UNSPECIFIED.);
#347=CIRCLE('',#346,4.8E0);
#352=CIRCLE('',#351,4.8E0);
#361=CIRCLE('',#360,4.8E0);
#370=CIRCLE('',#369,4.8E0);
#379=CIRCLE('',#378,4.8E0);
#403=B_SPLINE_CURVE_WITH_KNOTS('',3,(#384,#385,#386,#387,#388,#389,#390,#391,
#392,#393,#394,#395,#396,#397,#398,#399,#400,#401,#402),.UNSPECIFIED.,.F.,.F.,
(4,1,1,1,1,1,1,1,1,1,1,1,1,1,1,1,4),(0.E0,6.25E-2,1.25E-1,1.875E-1,2.5E-1,
3.125E-1,3.75E-1,4.375E-1,5.E-1,5.625E-1,6.25E-1,6.875E-1,7.5E-1,8.125E-1,
8.75E-1,9.375E-1,1.E0),.UNSPECIFIED.);
#422=B_SPLINE_CURVE_WITH_KNOTS('',3,(#408,#409,#410,#411,#412,#413,#414,#415,
#416,#417,#418,#419,#420,#421),.UNSPECIFIED.,.F.,.F.,(4,1,1,1,1,1,1,1,1,1,1,4),(
0.E0,9.090909090909E-2,1.818181818182E-1,2.727272727273E-1,3.636363636364E-1,
4.545454545455E-1,5.454545454545E-1,6.363636363636E-1,7.272727272727E-1,
8.181818181818E-1,9.090909090909E-1,1.E0),.UNSPECIFIED.);
#437=B_SPLINE_CURVE_WITH_KNOTS('',3,(#423,#424,#425,#426,#427,#428,#429,#430,
#431,#432,#433,#434,#435,#436),.UNSPECIFIED.,.F.,.F.,(4,1,1,1,1,1,1,1,1,1,1,4),(
0.E0,9.090909090909E-2,1.818181818182E-1,2.727272727273E-1,3.636363636364E-1,
4.545454545455E-1,5.454545454545E-1,6.363636363636E-1,7.272727272727E-1,
8.181818181818E-1,9.090909090909E-1,1.E0),.UNSPECIFIED.);
#456=B_SPLINE_CURVE_WITH_KNOTS('',3,(#442,#443,#444,#445,#446,#447,#448,#449,
#450,#451,#452,#453,#454,#455),.UNSPECIFIED.,.F.,.F.,(4,1,1,1,1,1,1,1,1,1,1,4),(
0.E0,9.090909090909E-2,1.818181818182E-1,2.727272727273E-1,3.636363636364E-1,
4.545454545455E-1,5.454545454545E-1,6.363636363636E-1,7.272727272727E-1,
8.181818181818E-1,9.090909090909E-1,1.E0),.UNSPECIFIED.);
#471=B_SPLINE_CURVE_WITH_KNOTS('',3,(#457,#458,#459,#460,#461,#462,#463,#464,
#465,#466,#467,#468,#469,#470),.UNSPECIFIED.,.F.,.F.,(4,1,1,1,1,1,1,1,1,1,1,4),(
0.E0,9.090909090909E-2,1.818181818182E-1,2.727272727273E-1,3.636363636364E-1,
4.545454545455E-1,5.454545454545E-1,6.363636363636E-1,7.272727272727E-1,
8.181818181818E-1,9.090909090909E-1,1.E0),.UNSPECIFIED.);
#486=B_SPLINE_CURVE_WITH_KNOTS('',3,(#472,#473,#474,#475,#476,#477,#478,#479,
#480,#481,#482,#483,#484,#485),.UNSPECIFIED.,.F.,.F.,(4,1,1,1,1,1,1,1,1,1,1,4),(
0.E0,9.090909090909E-2,1.818181818182E-1,2.727272727273E-1,3.636363636364E-1,
4.545454545455E-1,5.454545454545E-1,6.363636363636E-1,7.272727272727E-1,
8.181818181818E-1,9.090909090909E-1,1.E0),.UNSPECIFIED.);
#501=B_SPLINE_CURVE_WITH_KNOTS('',3,(#487,#488,#489,#490,#491,#492,#493,#494,
#495,#496,#497,#498,#499,#500),.UNSPECIFIED.,.F.,.F.,(4,1,1,1,1,1,1,1,1,1,1,4),(
0.E0,9.090909090909E-2,1.818181818182E-1,2.727272727273E-1,3.636363636364E-1,
4.545454545455E-1,5.454545454545E-1,6.363636363636E-1,7.272727272727E-1,
8.181818181818E-1,9.090909090909E-1,1.E0),.UNSPECIFIED.);
#516=B_SPLINE_CURVE_WITH_KNOTS('',3,(#502,#503,#504,#505,#506,#507,#508,#509,
#510,#511,#512,#513,#514,#515),.UNSPECIFIED.,.F.,.F.,(4,1,1,1,1,1,1,1,1,1,1,4),(
0.E0,9.090909090909E-2,1.818181818182E-1,2.727272727273E-1,3.636363636364E-1,
4.545454545455E-1,5.454545454545E-1,6.363636363636E-1,7.272727272727E-1,
8.181818181818E-1,9.090909090909E-1,1.E0),.UNSPECIFIED.);
#531=B_SPLINE_CURVE_WITH_KNOTS('',3,(#517,#518,#519,#520,#521,#522,#523,#524,
#525,#526,#527,#528,#529,#530),.UNSPECIFIED.,.F.,.F.,(4,1,1,1,1,1,1,1,1,1,1,4),(
0.E0,9.090909090909E-2,1.818181818182E-1,2.727272727273E-1,3.636363636364E-1,
4.545454545455E-1,5.454545454545E-1,6.363636363636E-1,7.272727272727E-1,
8.181818181818E-1,9.090909090909E-1,1.E0),.UNSPECIFIED.);
#536=CIRCLE('',#535,5.5E0);
#551=B_SPLINE_CURVE_WITH_KNOTS('',3,(#537,#538,#539,#540,#541,#542,#543,#544,
#545,#546,#547,#548,#549,#550),.UNSPECIFIED.,.F.,.F.,(4,1,1,1,1,1,1,1,1,1,1,4),(
0.E0,9.090909090909E-2,1.818181818182E-1,2.727272727273E-1,3.636363636364E-1,
4.545454545455E-1,5.454545454545E-1,6.363636363636E-1,7.272727272727E-1,
8.181818181818E-1,9.090909090909E-1,1.E0),.UNSPECIFIED.);
#566=B_SPLINE_CURVE_WITH_KNOTS('',3,(#552,#553,#554,#555,#556,#557,#558,#559,
#560,#561,#562,#563,#564,#565),.UNSPECIFIED.,.F.,.F.,(4,1,1,1,1,1,1,1,1,1,1,4),(
0.E0,9.090909090909E-2,1.818181818182E-1,2.727272727273E-1,3.636363636364E-1,
4.545454545455E-1,5.454545454545E-1,6.363636363636E-1,7.272727272727E-1,
8.181818181818E-1,9.090909090909E-1,1.E0),.UNSPECIFIED.);
#581=B_SPLINE_CURVE_WITH_KNOTS('',3,(#567,#568,#569,#570,#571,#572,#573,#574,
#575,#576,#577,#578,#579,#580),.UNSPECIFIED.,.F.,.F.,(4,1,1,1,1,1,1,1,1,1,1,4),(
0.E0,9.090909090909E-2,1.818181818182E-1,2.727272727273E-1,3.636363636364E-1,
4.545454545455E-1,5.454545454545E-1,6.363636363636E-1,7.272727272727E-1,
8.181818181818E-1,9.090909090909E-1,1.E0),.UNSPECIFIED.);
#596=B_SPLINE_CURVE_WITH_KNOTS('',3,(#582,#583,#584,#585,#586,#587,#588,#589,
#590,#591,#592,#593,#594,#595),.UNSPECIFIED.,.F.,.F.,(4,1,1,1,1,1,1,1,1,1,1,4),(
0.E0,9.090909090909E-2,1.818181818182E-1,2.727272727273E-1,3.636363636364E-1,
4.545454545455E-1,5.454545454545E-1,6.363636363636E-1,7.272727272727E-1,
8.181818181818E-1,9.090909090909E-1,1.E0),.UNSPECIFIED.);
#601=CIRCLE('',#600,5.5E0);
#606=CIRCLE('',#605,5.4E0);
#611=CIRCLE('',#610,5.4E0);
#616=CIRCLE('',#615,5.5E0);
#621=CIRCLE('',#620,5.5E0);
#626=CIRCLE('',#625,5.4E0);
#931=CIRCLE('',#930,4.5E-1);
#936=CIRCLE('',#935,4.5E-1);
#977=CIRCLE('',#976,4.5E-1);
#982=CIRCLE('',#981,4.5E-1);
#999=CIRCLE('',#998,5.4E0);
#1008=CIRCLE('',#1007,5.5E0);
#1027=B_SPLINE_CURVE_WITH_KNOTS('',3,(#1013,#1014,#1015,#1016,#1017,#1018,#1019,
#1020,#1021,#1022,#1023,#1024,#1025,#1026),.UNSPECIFIED.,.F.,.F.,(4,1,1,1,1,1,1,
1,1,1,1,4),(0.E0,9.090909090909E-2,1.818181818182E-1,2.727272727273E-1,
3.636363636364E-1,4.545454545455E-1,5.454545454545E-1,6.363636363636E-1,
7.272727272727E-1,8.181818181818E-1,9.090909090909E-1,1.E0),.UNSPECIFIED.);
#1042=B_SPLINE_CURVE_WITH_KNOTS('',3,(#1028,#1029,#1030,#1031,#1032,#1033,#1034,
#1035,#1036,#1037,#1038,#1039,#1040,#1041),.UNSPECIFIED.,.F.,.F.,(4,1,1,1,1,1,1,
1,1,1,1,4),(0.E0,9.090909090909E-2,1.818181818182E-1,2.727272727273E-1,
3.636363636364E-1,4.545454545455E-1,5.454545454545E-1,6.363636363636E-1,
7.272727272727E-1,8.181818181818E-1,9.090909090909E-1,1.E0),.UNSPECIFIED.);
#1061=B_SPLINE_CURVE_WITH_KNOTS('',3,(#1047,#1048,#1049,#1050,#1051,#1052,#1053,
#1054,#1055,#1056,#1057,#1058,#1059,#1060),.UNSPECIFIED.,.F.,.F.,(4,1,1,1,1,1,1,
1,1,1,1,4),(0.E0,9.090909090909E-2,1.818181818182E-1,2.727272727273E-1,
3.636363636364E-1,4.545454545455E-1,5.454545454545E-1,6.363636363636E-1,
7.272727272727E-1,8.181818181818E-1,9.090909090909E-1,1.E0),.UNSPECIFIED.);
#1076=B_SPLINE_CURVE_WITH_KNOTS('',3,(#1062,#1063,#1064,#1065,#1066,#1067,#1068,
#1069,#1070,#1071,#1072,#1073,#1074,#1075),.UNSPECIFIED.,.F.,.F.,(4,1,1,1,1,1,1,
1,1,1,1,4),(0.E0,9.090909090909E-2,1.818181818182E-1,2.727272727273E-1,
3.636363636364E-1,4.545454545455E-1,5.454545454545E-1,6.363636363636E-1,
7.272727272727E-1,8.181818181818E-1,9.090909090909E-1,1.E0),.UNSPECIFIED.);
#1081=CIRCLE('',#1080,5.5E0);
#1086=CIRCLE('',#1085,5.5E0);
#1091=CIRCLE('',#1090,5.5E0);
#1096=CIRCLE('',#1095,1.E0);
#1105=CIRCLE('',#1104,1.E0);
#1114=CIRCLE('',#1113,2.5E0);
#1119=CIRCLE('',#1118,2.5E0);
#1124=CIRCLE('',#1123,1.E0);
#1129=CIRCLE('',#1128,1.E0);
#1142=CIRCLE('',#1141,1.E0);
#1147=CIRCLE('',#1146,1.E0);
#1160=CIRCLE('',#1159,4.15E0);
#1169=CIRCLE('',#1168,4.15E0);
#1178=CIRCLE('',#1177,4.15E0);
#1183=CIRCLE('',#1182,4.15E0);
#1188=CIRCLE('',#1187,2.410415E0);
#1193=CIRCLE('',#1192,2.410415E0);
#1198=CIRCLE('',#1197,2.410415E0);
#1211=CIRCLE('',#1210,2.410415E0);
#1216=CIRCLE('',#1215,1.14032E0);
#1221=CIRCLE('',#1220,1.14032E0);
#1238=CIRCLE('',#1237,7.43445E-1);
#1247=CIRCLE('',#1246,7.43445E-1);
#1252=CIRCLE('',#1251,7.43445E-1);
#1257=CIRCLE('',#1256,7.43445E-1);
#1510=EDGE_CURVE('',#1260,#1261,#138,.T.);
#1512=EDGE_CURVE('',#1261,#1260,#143,.T.);
#1516=EDGE_CURVE('',#1408,#1409,#148,.T.);
#1518=EDGE_CURVE('',#1409,#1408,#153,.T.);
#1522=ADVANCED_FACE('',(#1515,#1521),#1509,.T.);
#1528=EDGE_CURVE('',#1452,#1460,#158,.T.);
#1530=EDGE_CURVE('',#1260,#1452,#162,.T.);
#1533=EDGE_CURVE('',#1261,#1456,#374,.T.);
#1535=EDGE_CURVE('',#1462,#1456,#167,.T.);
#1537=EDGE_CURVE('',#1462,#1472,#171,.T.);
#1539=EDGE_CURVE('',#1468,#1472,#191,.T.);
#1541=EDGE_CURVE('',#1460,#1468,#195,.T.);
#1545=ADVANCED_FACE('',(#1544),#1527,.T.);
#1551=EDGE_CURVE('',#1454,#1459,#200,.T.);
#1553=EDGE_CURVE('',#1466,#1459,#204,.T.);
#1555=EDGE_CURVE('',#1470,#1466,#224,.T.);
#1557=EDGE_CURVE('',#1470,#1464,#228,.T.);
#1559=EDGE_CURVE('',#1464,#1458,#233,.T.);
#1561=EDGE_CURVE('',#1458,#1265,#356,.T.);
#1563=EDGE_CURVE('',#1264,#1265,#238,.T.);
#1565=EDGE_CURVE('',#1454,#1264,#242,.T.);
#1569=ADVANCED_FACE('',(#1568),#1550,.T.);
#1575=EDGE_CURVE('',#1482,#1484,#255,.T.);
#1577=EDGE_CURVE('',#1458,#1482,#361,.T.);
#1580=EDGE_CURVE('',#1462,#1464,#268,.T.);
#1583=EDGE_CURVE('',#1456,#1484,#370,.T.);
#1587=ADVANCED_FACE('',(#1586),#1574,.F.);
#1593=EDGE_CURVE('',#1488,#1486,#281,.T.);
#1595=EDGE_CURVE('',#1488,#1452,#379,.T.);
#1598=EDGE_CURVE('',#1459,#1460,#294,.T.);
#1601=EDGE_CURVE('',#1486,#1454,#347,.T.);
#1605=ADVANCED_FACE('',(#1604),#1592,.F.);
#1611=EDGE_CURVE('',#1475,#1476,#299,.T.);
#1613=EDGE_CURVE('',#1488,#1476,#383,.T.);
#1616=EDGE_CURVE('',#1479,#1486,#342,.T.);
#1618=EDGE_CURVE('',#1479,#1480,#304,.T.);
#1620=EDGE_CURVE('',#1480,#1482,#318,.T.);
#1623=EDGE_CURVE('',#1484,#1475,#365,.T.);
#1627=EDGE_CURVE('',#1503,#1504,#309,.T.);
#1629=EDGE_CURVE('',#1504,#1503,#314,.T.);
#1633=ADVANCED_FACE('',(#1626,#1632),#1610,.F.);
#1640=EDGE_CURVE('',#1475,#1476,#403,.T.);
#1644=ADVANCED_FACE('',(#1643),#1638,.F.);
#1651=EDGE_CURVE('',#1479,#1480,#338,.T.);
#1656=EDGE_CURVE('',#1265,#1264,#352,.T.);
#1662=ADVANCED_FACE('',(#1661),#1649,.T.);
#1678=ADVANCED_FACE('',(#1677),#1667,.T.);
#1688=ADVANCED_FACE('',(#1687),#1683,.F.);
#1694=EDGE_CURVE('',#1424,#1425,#407,.T.);
#1696=EDGE_CURVE('',#1442,#1425,#422,.T.);
#1698=EDGE_CURVE('',#1428,#1442,#437,.T.);
#1700=EDGE_CURVE('',#1428,#1429,#441,.T.);
#1702=EDGE_CURVE('',#1429,#1438,#456,.T.);
#1704=EDGE_CURVE('',#1438,#1424,#471,.T.);
#1712=ADVANCED_FACE('',(#1707,#1711),#1693,.F.);
#1719=EDGE_CURVE('',#1424,#1440,#486,.T.);
#1721=EDGE_CURVE('',#1440,#1432,#501,.T.);
#1723=EDGE_CURVE('',#1432,#1433,#1012,.T.);
#1725=EDGE_CURVE('',#1444,#1433,#516,.T.);
#1727=EDGE_CURVE('',#1425,#1444,#531,.T.);
#1731=ADVANCED_FACE('',(#1730),#1717,.T.);
#1737=EDGE_CURVE('',#1437,#1441,#581,.T.);
#1739=EDGE_CURVE('',#1439,#1437,#1042,.T.);
#1741=EDGE_CURVE('',#1439,#1441,#1091,.T.);
#1745=ADVANCED_FACE('',(#1744),#1736,.T.);
#1753=EDGE_CURVE('',#1438,#1440,#1086,.T.);
#1757=ADVANCED_FACE('',(#1756),#1750,.T.);
#1763=EDGE_CURVE('',#1440,#1439,#536,.T.);
#1765=EDGE_CURVE('',#1432,#1439,#1027,.T.);
#1770=ADVANCED_FACE('',(#1769),#1762,.T.);
#1777=EDGE_CURVE('',#1446,#1428,#551,.T.);
#1779=EDGE_CURVE('',#1436,#1446,#566,.T.);
#1781=EDGE_CURVE('',#1436,#1437,#1046,.T.);
#1784=EDGE_CURVE('',#1441,#1429,#596,.T.);
#1788=ADVANCED_FACE('',(#1787),#1775,.T.);
#1796=EDGE_CURVE('',#1442,#1446,#601,.T.);
#1800=ADVANCED_FACE('',(#1799),#1793,.T.);
#1806=EDGE_CURVE('',#1443,#1444,#1008,.T.);
#1808=EDGE_CURVE('',#1443,#1446,#616,.T.);
#1811=EDGE_CURVE('',#1442,#1444,#621,.T.);
#1815=EDGE_CURVE('',#1268,#1269,#606,.T.);
#1817=EDGE_CURVE('',#1269,#1268,#611,.T.);
#1821=ADVANCED_FACE('',(#1814,#1820),#1805,.T.);
#1827=EDGE_CURVE('',#1280,#1281,#626,.T.);
#1829=EDGE_CURVE('',#1269,#1281,#1003,.T.);
#1832=EDGE_CURVE('',#1268,#1280,#630,.T.);
#1836=ADVANCED_FACE('',(#1835),#1826,.T.);
#1842=EDGE_CURVE('',#1272,#1273,#634,.T.);
#1844=EDGE_CURVE('',#1273,#1275,#638,.T.);
#1846=EDGE_CURVE('',#1275,#1277,#642,.T.);
#1848=EDGE_CURVE('',#1277,#1272,#646,.T.);
#1853=EDGE_CURVE('',#1281,#1280,#999,.T.);
#1857=ADVANCED_FACE('',(#1851,#1856),#1841,.F.);
#1863=EDGE_CURVE('',#1305,#1379,#714,.T.);
#1865=EDGE_CURVE('',#1379,#1353,#650,.T.);
#1867=EDGE_CURVE('',#1353,#1348,#794,.T.);
#1869=EDGE_CURVE('',#1273,#1348,#854,.T.);
#1872=EDGE_CURVE('',#1332,#1272,#830,.T.);
#1874=EDGE_CURVE('',#1332,#1333,#758,.T.);
#1876=EDGE_CURVE('',#1364,#1333,#754,.T.);
#1878=EDGE_CURVE('',#1364,#1296,#678,.T.);
#1880=EDGE_CURVE('',#1320,#1296,#960,.T.);
#1882=EDGE_CURVE('',#1320,#1329,#914,.T.);
#1884=EDGE_CURVE('',#1329,#1305,#654,.T.);
#1888=ADVANCED_FACE('',(#1887),#1862,.T.);
#1894=EDGE_CURVE('',#1364,#1365,#658,.T.);
#1896=EDGE_CURVE('',#1367,#1365,#662,.T.);
#1898=EDGE_CURVE('',#1299,#1367,#666,.T.);
#1900=EDGE_CURVE('',#1297,#1299,#670,.T.);
#1902=EDGE_CURVE('',#1296,#1297,#674,.T.);
#1907=ADVANCED_FACE('',(#1906),#1893,.T.);
#1913=EDGE_CURVE('',#1370,#1371,#682,.T.);
#1915=EDGE_CURVE('',#1373,#1371,#686,.T.);
#1917=EDGE_CURVE('',#1287,#1373,#690,.T.);
#1919=EDGE_CURVE('',#1285,#1287,#694,.T.);
#1921=EDGE_CURVE('',#1284,#1285,#698,.T.);
#1923=EDGE_CURVE('',#1370,#1284,#702,.T.);
#1927=ADVANCED_FACE('',(#1926),#1912,.T.);
#1933=EDGE_CURVE('',#1376,#1377,#706,.T.);
#1935=EDGE_CURVE('',#1379,#1377,#710,.T.);
#1938=EDGE_CURVE('',#1303,#1305,#718,.T.);
#1940=EDGE_CURVE('',#1302,#1303,#722,.T.);
#1942=EDGE_CURVE('',#1376,#1302,#726,.T.);
#1946=ADVANCED_FACE('',(#1945),#1932,.T.);
#1952=EDGE_CURVE('',#1382,#1383,#730,.T.);
#1954=EDGE_CURVE('',#1385,#1383,#734,.T.);
#1956=EDGE_CURVE('',#1293,#1385,#738,.T.);
#1958=EDGE_CURVE('',#1291,#1293,#742,.T.);
#1960=EDGE_CURVE('',#1290,#1291,#746,.T.);
#1962=EDGE_CURVE('',#1382,#1290,#750,.T.);
#1966=ADVANCED_FACE('',(#1965),#1951,.T.);
#1974=EDGE_CURVE('',#1333,#1335,#770,.T.);
#1976=EDGE_CURVE('',#1365,#1335,#994,.T.);
#1980=ADVANCED_FACE('',(#1979),#1971,.T.);
#1987=EDGE_CURVE('',#1337,#1332,#762,.T.);
#1989=EDGE_CURVE('',#1335,#1337,#766,.T.);
#1994=ADVANCED_FACE('',(#1993),#1985,.T.);
#2000=EDGE_CURVE('',#1340,#1341,#774,.T.);
#2002=EDGE_CURVE('',#1345,#1340,#778,.T.);
#2004=EDGE_CURVE('',#1343,#1345,#782,.T.);
#2006=EDGE_CURVE('',#1341,#1343,#786,.T.);
#2010=ADVANCED_FACE('',(#2009),#1999,.T.);
#2016=EDGE_CURVE('',#1348,#1349,#790,.T.);
#2019=EDGE_CURVE('',#1351,#1353,#798,.T.);
#2021=EDGE_CURVE('',#1349,#1351,#802,.T.);
#2025=ADVANCED_FACE('',(#2024),#2015,.T.);
#2031=EDGE_CURVE('',#1356,#1357,#806,.T.);
#2033=EDGE_CURVE('',#1361,#1356,#810,.T.);
#2035=EDGE_CURVE('',#1359,#1361,#814,.T.);
#2037=EDGE_CURVE('',#1357,#1359,#818,.T.);
#2041=ADVANCED_FACE('',(#2040),#2030,.T.);
#2047=EDGE_CURVE('',#1340,#1277,#842,.T.);
#2050=EDGE_CURVE('',#1370,#1341,#990,.T.);
#2053=EDGE_CURVE('',#1308,#1284,#940,.T.);
#2055=EDGE_CURVE('',#1308,#1323,#926,.T.);
#2057=EDGE_CURVE('',#1323,#1299,#822,.T.);
#2060=EDGE_CURVE('',#1367,#1337,#826,.T.);
#2067=ADVANCED_FACE('',(#2066),#2046,.T.);
#2073=EDGE_CURVE('',#1356,#1275,#850,.T.);
#2076=EDGE_CURVE('',#1382,#1357,#866,.T.);
#2079=EDGE_CURVE('',#1314,#1290,#948,.T.);
#2081=EDGE_CURVE('',#1314,#1311,#890,.T.);
#2083=EDGE_CURVE('',#1311,#1287,#834,.T.);
#2086=EDGE_CURVE('',#1373,#1345,#838,.T.);
#2093=ADVANCED_FACE('',(#2092),#2072,.T.);
#2100=EDGE_CURVE('',#1385,#1361,#846,.T.);
#2107=EDGE_CURVE('',#1376,#1349,#870,.T.);
#2110=EDGE_CURVE('',#1326,#1302,#878,.T.);
#2112=EDGE_CURVE('',#1326,#1317,#902,.T.);
#2114=EDGE_CURVE('',#1317,#1293,#858,.T.);
#2118=ADVANCED_FACE('',(#2117),#2098,.T.);
#2125=EDGE_CURVE('',#1383,#1359,#862,.T.);
#2131=ADVANCED_FACE('',(#2130),#2123,.T.);
#2143=ADVANCED_FACE('',(#2142),#2136,.T.);
#2152=EDGE_CURVE('',#1377,#1351,#874,.T.);
#2156=ADVANCED_FACE('',(#2155),#2148,.T.);
#2168=ADVANCED_FACE('',(#2167),#2161,.T.);
#2174=EDGE_CURVE('',#1326,#1327,#906,.T.);
#2178=EDGE_CURVE('',#1327,#1303,#956,.T.);
#2182=ADVANCED_FACE('',(#2181),#2173,.T.);
#2188=EDGE_CURVE('',#1308,#1309,#882,.T.);
#2190=EDGE_CURVE('',#1311,#1309,#886,.T.);
#2193=EDGE_CURVE('',#1314,#1315,#894,.T.);
#2195=EDGE_CURVE('',#1317,#1315,#898,.T.);
#2199=EDGE_CURVE('',#1329,#1327,#910,.T.);
#2202=EDGE_CURVE('',#1320,#1321,#918,.T.);
#2204=EDGE_CURVE('',#1323,#1321,#922,.T.);
#2209=EDGE_CURVE('',#1392,#1393,#931,.T.);
#2211=EDGE_CURVE('',#1393,#1392,#936,.T.);
#2215=ADVANCED_FACE('',(#2208,#2214),#2187,.T.);
#2224=EDGE_CURVE('',#1309,#1285,#944,.T.);
#2228=ADVANCED_FACE('',(#2227),#2220,.T.);
#2240=ADVANCED_FACE('',(#2239),#2233,.T.);
#2249=EDGE_CURVE('',#1315,#1291,#952,.T.);
#2253=ADVANCED_FACE('',(#2252),#2245,.T.);
#2265=ADVANCED_FACE('',(#2264),#2258,.T.);
#2277=ADVANCED_FACE('',(#2276),#2270,.T.);
#2286=EDGE_CURVE('',#1321,#1297,#964,.T.);
#2290=ADVANCED_FACE('',(#2289),#2282,.T.);
#2302=ADVANCED_FACE('',(#2301),#2295,.T.);
#2309=EDGE_CURVE('',#1393,#1389,#972,.T.);
#2311=EDGE_CURVE('',#1388,#1389,#977,.T.);
#2313=EDGE_CURVE('',#1392,#1388,#968,.T.);
#2317=ADVANCED_FACE('',(#2316),#2307,.T.);
#2325=EDGE_CURVE('',#1389,#1388,#982,.T.);
#2330=ADVANCED_FACE('',(#2329),#2322,.T.);
#2340=ADVANCED_FACE('',(#2339),#2335,.F.);
#2347=EDGE_CURVE('',#1371,#1343,#986,.T.);
#2353=ADVANCED_FACE('',(#2352),#2345,.T.);
#2365=ADVANCED_FACE('',(#2364),#2358,.T.);
#2377=ADVANCED_FACE('',(#2376),#2370,.T.);
#2389=ADVANCED_FACE('',(#2388),#2382,.T.);
#2395=EDGE_CURVE('',#1443,#1436,#1061,.T.);
#2401=ADVANCED_FACE('',(#2400),#2394,.T.);
#2412=ADVANCED_FACE('',(#2411),#2406,.T.);
#2419=EDGE_CURVE('',#1433,#1443,#1076,.T.);
#2424=ADVANCED_FACE('',(#2423),#2417,.T.);
#2438=ADVANCED_FACE('',(#2437),#2429,.T.);
#2444=EDGE_CURVE('',#1441,#1438,#1081,.T.);
#2450=ADVANCED_FACE('',(#2449),#2443,.T.);
#2462=ADVANCED_FACE('',(#2461),#2455,.T.);
#2469=EDGE_CURVE('',#1495,#1503,#1109,.T.);
#2471=EDGE_CURVE('',#1495,#1496,#1096,.T.);
#2473=EDGE_CURVE('',#1496,#1504,#1100,.T.);
#2477=ADVANCED_FACE('',(#2476),#2467,.T.);
#2485=EDGE_CURVE('',#1495,#1496,#1105,.T.);
#2490=ADVANCED_FACE('',(#2489),#2482,.T.);
#2500=ADVANCED_FACE('',(#2499),#2495,.T.);
#2508=EDGE_CURVE('',#1472,#1468,#1114,.T.);
#2513=EDGE_CURVE('',#1466,#1470,#1119,.T.);
#2518=EDGE_CURVE('',#1499,#1500,#1124,.T.);
#2520=EDGE_CURVE('',#1500,#1499,#1129,.T.);
#2524=ADVANCED_FACE('',(#2517,#2523),#2505,.T.);
#2534=ADVANCED_FACE('',(#2533),#2529,.F.);
#2544=ADVANCED_FACE('',(#2543),#2539,.F.);
#2551=EDGE_CURVE('',#1500,#1492,#1137,.T.);
#2553=EDGE_CURVE('',#1491,#1492,#1147,.T.);
#2555=EDGE_CURVE('',#1499,#1491,#1133,.T.);
#2559=ADVANCED_FACE('',(#2558),#2549,.T.);
#2567=EDGE_CURVE('',#1491,#1492,#1142,.T.);
#2572=ADVANCED_FACE('',(#2571),#2564,.T.);
#2582=ADVANCED_FACE('',(#2581),#2577,.F.);
#2589=EDGE_CURVE('',#1409,#1413,#1155,.T.);
#2591=EDGE_CURVE('',#1412,#1413,#1178,.T.);
#2593=EDGE_CURVE('',#1408,#1412,#1151,.T.);
#2597=ADVANCED_FACE('',(#2596),#2587,.F.);
#2605=EDGE_CURVE('',#1413,#1412,#1160,.T.);
#2610=ADVANCED_FACE('',(#2609),#2602,.F.);
#2617=EDGE_CURVE('',#1405,#1412,#1164,.T.);
#2619=EDGE_CURVE('',#1404,#1405,#1169,.T.);
#2621=EDGE_CURVE('',#1404,#1413,#1173,.T.);
#2625=ADVANCED_FACE('',(#2624),#2615,.F.);
#2633=EDGE_CURVE('',#1404,#1405,#1183,.T.);
#2638=ADVANCED_FACE('',(#2637),#2630,.F.);
#2648=EDGE_CURVE('',#1397,#1401,#1188,.T.);
#2650=EDGE_CURVE('',#1397,#1401,#1193,.T.);
#2654=ADVANCED_FACE('',(#2647,#2653),#2643,.T.);
#2660=EDGE_CURVE('',#1396,#1397,#1202,.T.);
#2662=EDGE_CURVE('',#1396,#1400,#1198,.T.);
#2664=EDGE_CURVE('',#1400,#1401,#1206,.T.);
#2669=ADVANCED_FACE('',(#2668),#2659,.T.);
#2678=EDGE_CURVE('',#1396,#1400,#1211,.T.);
#2682=ADVANCED_FACE('',(#2681),#2674,.T.);
#2692=EDGE_CURVE('',#1449,#1450,#1216,.T.);
#2694=EDGE_CURVE('',#1450,#1449,#1221,.T.);
#2698=ADVANCED_FACE('',(#2691,#2697),#2687,.T.);
#2705=EDGE_CURVE('',#1449,#1416,#1229,.T.);
#2707=EDGE_CURVE('',#1416,#1420,#1247,.T.);
#2709=EDGE_CURVE('',#1450,#1420,#1225,.T.);
#2713=ADVANCED_FACE('',(#2712),#2703,.F.);
#2721=EDGE_CURVE('',#1416,#1420,#1238,.T.);
#2726=ADVANCED_FACE('',(#2725),#2718,.F.);
#2732=EDGE_CURVE('',#1416,#1417,#1233,.T.);
#2735=EDGE_CURVE('',#1420,#1421,#1242,.T.);
#2737=EDGE_CURVE('',#1417,#1421,#1252,.T.);
#2741=ADVANCED_FACE('',(#2740),#2731,.F.);
#2748=EDGE_CURVE('',#1417,#1421,#1257,.T.);
#2754=ADVANCED_FACE('',(#2753),#2746,.F.);
#2764=ADVANCED_FACE('',(#2763),#2759,.T.);
#2767=(LENGTH_UNIT()NAMED_UNIT(*)SI_UNIT(.MILLI.,.METRE.));
#2768=(NAMED_UNIT(*)PLANE_ANGLE_UNIT()SI_UNIT($,.RADIAN.));
#2771=(NAMED_UNIT(*)SI_UNIT($,.STERADIAN.)SOLID_ANGLE_UNIT());
#2773=(GEOMETRIC_REPRESENTATION_CONTEXT(3)GLOBAL_UNCERTAINTY_ASSIGNED_CONTEXT((
#2772))GLOBAL_UNIT_ASSIGNED_CONTEXT((#2767,#2770,#2771))REPRESENTATION_CONTEXT(
'ID1','3'));
#2774=ADVANCED_BREP_SHAPE_REPRESENTATION('',(#2766),#2773);
#2781=PRODUCT_DEFINITION('part definition','',#2780,#2777);
#2782=PRODUCT_DEFINITION_SHAPE('','SHAPE FOR C-1-1478035-0.',#2781);
#2783=SHAPE_ASPECT('','solid data associated with C-1-1478035-0',#2782,.F.);
#2784=PROPERTY_DEFINITION('',
'shape for solid data with which properties are associated',#2783);
#2785=SHAPE_REPRESENTATION('',(#2766),#2773);
#2786=SHAPE_DEFINITION_REPRESENTATION(#2784,#2785);
#2787=(LENGTH_UNIT()NAMED_UNIT(*)SI_UNIT(.MILLI.,.METRE.));
#2791=PROPERTY_DEFINITION('geometric validation property',
'area of C-1-1478035-0',#2783);
#2792=REPRESENTATION('surface area',(#2790),#2773);
#2793=PROPERTY_DEFINITION_REPRESENTATION(#2791,#2792);
#2794=(LENGTH_UNIT()NAMED_UNIT(*)SI_UNIT(.MILLI.,.METRE.));
#2798=PROPERTY_DEFINITION('geometric validation property',
'volume of C-1-1478035-0',#2783);
#2799=REPRESENTATION('volume',(#2797),#2773);
#2800=PROPERTY_DEFINITION_REPRESENTATION(#2798,#2799);
#2802=PROPERTY_DEFINITION('geometric validation property',
'centroid of C-1-1478035-0',#2783);
#2803=REPRESENTATION('centroid',(#2801),#2773);
#2804=PROPERTY_DEFINITION_REPRESENTATION(#2802,#2803);
#2805=(LENGTH_UNIT()NAMED_UNIT(*)SI_UNIT(.MILLI.,.METRE.));
#2809=PROPERTY_DEFINITION('geometric validation property',
'area of C-1-1478035-0',#2782);
#2810=REPRESENTATION('surface area',(#2808),#2773);
#2811=PROPERTY_DEFINITION_REPRESENTATION(#2809,#2810);
#2812=(LENGTH_UNIT()NAMED_UNIT(*)SI_UNIT(.MILLI.,.METRE.));
#2816=PROPERTY_DEFINITION('geometric validation property',
'volume of C-1-1478035-0',#2782);
#2817=REPRESENTATION('volume',(#2815),#2773);
#2818=PROPERTY_DEFINITION_REPRESENTATION(#2816,#2817);
#2820=PROPERTY_DEFINITION('geometric validation property',
'centroid of C-1-1478035-0',#2782);
#2821=REPRESENTATION('centroid',(#2819),#2773);
#2822=PROPERTY_DEFINITION_REPRESENTATION(#2820,#2821);
#2823=SHAPE_DEFINITION_REPRESENTATION(#2782,#2774);
ENDSEC;
END-ISO-10303-21;
